url,Nature of Business,Location,Year of Establishment,Main Categories,Major Markets,Total Employees,Brands,Contact Person,Position,Office Address,Country / Region,Annual Turnover
https://sourcing.hktdc.com/en/Supplier-Store/Profile/Memorigin-Watch-Co-Ltd/1X07U2Q4?fairCode=te&locale=en,"Exporter, Manufacturer, Retailer, Wholesaler",Hong Kong,2011.0,"Jewellery & Watch, Watches & Clocks",Worldwide,16 - 25,Memorigin Certificate Name Issued By Certificate Type Valid Date world-class excellence Japan watch testing center - Watch Repair Master - (N/A) - 18 Mar 2015 View details Factories & Facilities Research & Development Quality Control View All Watch Collection YQL_Diamond Tourbillon Marketing A Marketing B,Ms Joyce Hung,HR & Operations Manager,"Unit 4, 8/F, Phase 1, Chai Wan Ind'l City, 60 Wing Tai Road, Chai Wan, Hong Kong",Hong Kong,
https://sourcing.hktdc.com/en/Supplier-Store/Profile/Heromex-Watch-Company-Limited/1X00DZHM?fairCode=te&locale=en,"Exporter, Manufacturer, Retailer, e-tailer",Hong Kong,1991.0,Watches & Clocks,"Australasia, Chinese Mainland, Hong Kong, Japan, Korea, Middle East, Other Asian Countries, Southeast Asia, Taiwan, Worldwide OEM ODM Brand Watch Design Watch Mechanism Development Certificate Name Issued By Certificate Type Valid Date Arcana Design Certification Hong Kong Design Registry Intellectual Property Department Others 17 Nov 2025 - 17 Nov 2030 Epoch Design Certification Hong Kong Designs Registry Intellectual Property Department Others 03 Jan 2025 - 03 Jan 2030 Grand Slammer 1959 Design Certification Hong Kong Designs Intellectual Property Department Others 03 Jan 2025 - 03 Jan 2030 Monarch Design Certification Hong Kong Designs Intellectual Property Department Others 07 Nov 2025 - 07 Nov 2030 Nomad Design Certification Hong Kong Design Registry Intellectual Property Department Others 07 Nov 2025 - 07 Nov 2030 Hong Kong Showroom IP Certificates Hong Kong Office View All AERIS GRAND SLAMMER 1959 ARCANA SEA VOYAGER",,,Mr Chas Kwong,Assistant Marketing Manager,"Unit C, 22/F., Phase 1 Kingsford Industrial Building 26-32 Kwai Hei Street Kwai Chung, New Territories",Hong Kong,
https://sourcing.hktdc.com/en/Supplier-Store/Profile/Guangdong-Starking-Intelligent-Technology-Co-Ltd/1S00OSKAM?fairCode=te&locale=en,"Exporter, Manufacturer, Wholesaler, e-tailer","Shenzhen, Guangdong, Chinese Mainland",1993.0,"Consumer Electronics, Watches & Clocks","Central & South America, Chinese Mainland, Hong Kong, North America, Scandinavia, Southeast Asia, Taiwan, Western Europe",101 - 200,STARKING Tourbillon R&D Technology Top 10 Enterprises in the Watc China High-Tech Enterprise Movement R&D Center View details Factories & Facilities Research & Development Quality Control,Mr Zhihua Zhang,CEO,"13/F, Starking Mansion, Starking Science Park, Fangyuan Rd, Guangming Dist Shenzhen, Guangdong 518000, Mainland China",Chinese Mainland,"US$ 100,000 - 249,999"
https://sourcing.hktdc.com/en/Supplier-Store/Profile/Dayton-Industrial-Co-Ltd/1X0A3SDB?fairCode=te&locale=en,"Exporter, Manufacturer",Hong Kong,,"Consumer Electronics, Health Care & Medical Supplies, Watches & Clocks","Africa, Australasia, Central & South America, Chinese Mainland, Eastern Europe, Hong Kong, Japan, Korea, Middle East, North America, Other Asian Countries, Scandinavia, Southeast Asia, Taiwan, Western Europe, Worldwide",51 - 100 ODM OEM,,Mr Tony Chung,Sales and Marketing Manager,"Unit A, 11/F., Tai Tak Industrial Building, 2-12 Kwai Fat Road, Kwai Chung, New Territories, Hong Kong",Hong Kong,
https://sourcing.hktdc.com/en/Supplier-Store/Profile/AWC-International-Limited/1X08NXVE?fairCode=te&locale=en,"Distributor, Exporter, Manufacturer, Wholesaler",Hong Kong,,"Jewellery & Watch, Watches & Clocks",Worldwide,,"Slzenger, Quantum ODM OEM",Ms Emily Chen,Asistant of Director,"Unit C, 11/F, Block 1, Wah Fung Ind'l Ctr, 33-39 Kwai Fung Crescent, Kwai Chung,",Hong Kong,
https://sourcing.hktdc.com/en/Supplier-Store/Profile/Tsinlien-Sea-Gull-Company-Limited/1X00DZ4Z?fairCode=te&locale=en,"Exporter, Manufacturer",Hong Kong,2019.0,Watches & Clocks,Worldwide,501 - 1000,"SEAGUALL Watch, SHANGHAI Watch",Mr Rayven Tang,,"21/Fl., Guangdong Finance Bldg., 88 Connaught Road, West, Sheung Wan, Hong Kong.",Hong Kong,"US$ 100,000,000 - 249,999,999"
https://sourcing.hktdc.com/en/Supplier-Store/Profile/Sun-International-Concepts-Limited/1X0B7O00?fairCode=te&locale=en,,Hong Kong,,Watches & Clocks,,,,Amy Cheung,Secretary,"Unit 1, 13/F, East Ocean Ctr, 98 Granville Rd, Tsim Sha Tsui, Kowloon, Hong Kong",Hong Kong,
https://sourcing.hktdc.com/en/Supplier-Store/Profile/Shenzhen-Leqi-Cronusart-Trading-Co-LTD/1S00OYWXD?fairCode=te&locale=en,,Chinese Mainland,,Watches & Clocks,,,,Mr Kuang Xu,,,Chinese Mainland,
https://sourcing.hktdc.com/en/Supplier-Store/Profile/ILG-Asia-Limited/1X00I8YE?fairCode=te&locale=en,Others,Hong Kong,2003.0,,Worldwide,26 - 50,,Mr Ricky Chan,,"Units 401-406, 4/F, New East Ocean Centre, 9 Science Museum Road, Tsim Sha Tsui, Kowloon, Hong Kong",Hong Kong,"US$ 10,000,000 - 49,999,999"
https://sourcing.hktdc.com/en/Supplier-Store/Profile/Prince-Jewellery-Watch-Co/1X05VMX9?fairCode=te&locale=en,"Import Agent, Retailer",Hong Kong,1985.0,"Jewellery & Watch, Watches & Clocks",Hong Kong,,Blancpain、BOVET、Breguet、BVLGARI、Chopard、CORUM、DeWitt、FRANCK MULLER、Glashütte Original、H. Moser & Cie、Jaeger-LeCoultre、Piaget、Zenith,Ms Annie Chan,,"Unit 1715-16, 17/F Star House 3 Salisbury Road Tsim Sha Tsui, Kowloon, Hong Kong",Hong Kong,
https://sourcing.hktdc.com/en/Supplier-Store/Profile/Sky-Winner-Asia-Ltd/1S00OQCFF?fairCode=te&locale=en,,Hong Kong,,,,,,Miss Mandy Wong,,,Hong Kong,
https://sourcing.hktdc.com/en/Supplier-Store/Profile/Wolf-1834-Limited/1X051T0L?fairCode=te&locale=en,"Wholesaler, e-tailer",Hong Kong,,Packaging & Displaying Materials,Worldwide,,WOLF,Ms Ocfia Lau,Operations Director,"Rm 804A, Tower One Cheung Sha Wan Plaza 833 Cheung Sha Wan Road Kln., HK",Hong Kong,
https://sourcing.hktdc.com/en/Supplier-Store/Profile/World-Light-Technology-Limited/1S00PED4B?fairCode=te&locale=en,,Hong Kong,,,,,,Anita Wan,PA,"Flat/Rm 01-02, 12/F, Phase II of Austin Tower, 152 Austin Road, Kowloon",Hong Kong,
https://sourcing.hktdc.com/en/Supplier-Store/Profile/Pierre-Lannier-Sarl/1X00I8VH?fairCode=te&locale=en,Manufacturer,France,1977.0,Watches & Clocks,"Africa, Australasia, Chinese Mainland, Eastern Europe, Hong Kong, Japan, Korea, Middle East, North America, Other Asian Countries, Southeast Asia, Taiwan, Western Europe",51 - 100,PIERRE LANNIER Watches Inhouse design Made in France Watchmaker View details Factories & Facilities Research & Development Our Watchmaker French Savoir-Faire Our Workshop French Watch Award Official licence obtained for the Elysee Palace Watch,Ms Laura Burgun,Export Director,BP 69 Ernolsheim-les-Saverne SAVERNE CEDEX France,France,"US$ 10,000,000 - 49,999,999"
https://sourcing.hktdc.com/en/Supplier-Store/Profile/Riba-Watch-Suisse-Sarl/1X00I927?fairCode=te&locale=en,Manufacturer,Switzerland,1990.0,"Jewellery & Watch, Watches & Clocks","Middle East, North America, Western Europe",16 - 25,Optima ; RSW ; MUREX,Mr Rami Taher,Director,"17 Rue Bournot, CH-2400 Le Locle, Le Locle, 2400 Le Locle, Switzerland",Switzerland,
https://sourcing.hktdc.com/en/Supplier-Store/Profile/CIGA-DESIGN/1S00PD80S?fairCode=te&locale=en,,Hong Kong,,,,,,Shuyu Wang,,"Room 4301, Building A,Yonglang City Plaza Yonglang Fuguang Community, Taoyuan Street, Nanshan District",Hong Kong,
https://sourcing.hktdc.com/en/Supplier-Store/Profile/Burker-International/1S00PDIQC?fairCode=te&locale=en,,Netherlands,,,,,,Mr erkan dulkadir,,,Netherlands,
https://sourcing.hktdc.com/en/Supplier-Store/Profile/Guangzhou-Pinlun-Watch-Co-Ltd-/1S00ORL7U?fairCode=te&locale=en,,Chinese Mainland,,,,,,Crystal Chen,,"Room 1407, Hengsha Business Building, Jinshazhou, Baiyun District, Guangzhou City, Guangdong Provinc China",Chinese Mainland,
https://sourcing.hktdc.com/en/Supplier-Store/Profile/Lucky-Harvey-Guangzhou-Commercial-Co-Ltd-/1S00ORL8R?fairCode=te&locale=en,,Chinese Mainland,,,,,,Xiaolin Lin,,"301, Block B, Junfu International, Huihua Street, Xicha Road, Baiyun District, Guangzhou , Guangdong, China",Chinese Mainland,
https://sourcing.hktdc.com/en/Supplier-Store/Profile/MAISON-DE-PRINCE-WATCHES-AND-SPARE-PARTS-TRADING/1S00OC28A?fairCode=te&locale=en,,United Arab Emirates,,,,,,Mr MOHAMED ELSAYED,,,United Arab Emirates,
https://sourcing.hktdc.com/en/Supplier-Store/Profile/Montres-Michel-Herbelin-SA/1X0F0GXR?fairCode=te&locale=en,Manufacturer,France,,Watches & Clocks,,,,Mr Benjamin Theurillat,International Sales Director /,"9 rue de la 1ere Armee _ Charquemont Doubs 25140, France",France,
https://sourcing.hktdc.com/en/Supplier-Store/Profile/Bomass-Int-l-Ltd/1X00I6G2?fairCode=te&locale=en,Export Agent,Hong Kong,2005.0,"Fashion Accessories, Jewellery & Watch, Watches & Clocks","Chinese Mainland, Eastern Europe, Hong Kong, Japan, Korea, Scandinavia, Southeast Asia, Taiwan, Western Europe",11 - 15,ARBUTUS,Ms Agnes Lau,Brand Manager,"Unit 704, Join-In Hang Sing Centre, 71-75 Container Port Road, Kwai Chung, New Territories, Hong Kong.",Hong Kong,"US$ 250,000 - 499,999"
https://sourcing.hktdc.com/en/Supplier-Store/Profile/Concept-Watches-International-Limited/1S00PC60U?fairCode=te&locale=en,,Hong Kong,,,,,,Winnie Wu,,,Hong Kong,
https://sourcing.hktdc.com/en/Supplier-Store/Profile/BODERRY-WATCH-CO-LIMITED/1S00P0IG6?fairCode=te&locale=en,,Chinese Mainland,,,,,,Mr Jiayuan Hou,,,Chinese Mainland,
https://sourcing.hktdc.com/en/Supplier-Store/Profile/Brandzstorm-USA-LLC/1S00PE389?fairCode=te&locale=en,,USA,,,,,,Ujjval Saraf,,"246 taxter road irvington, United States, United States, United States",USA,
https://sourcing.hktdc.com/en/Supplier-Store/Profile/Foshan-Roerdum-Watch-Co-Ltd/1S00ORVST?fairCode=te&locale=en,,Chinese Mainland,,,,,,fang sun,,"Room 702-1, 7th Floor, No. 1, Education Road, Huangqi Baisha, Guangdong, Foshan, Mainland China",Chinese Mainland,
https://sourcing.hktdc.com/en/Supplier-Store/Profile/Briston/1S00OG8NV?fairCode=te&locale=en,,France,,,,,,Marion Jacques,Export Manager,"6 rue de, Saint Pétersbourg, 75008 Paris, France",France,
https://sourcing.hktdc.com/en/Supplier-Store/Profile/DWISS/1X08OEM8?fairCode=te&locale=en,"Manufacturer, Wholesaler",Switzerland,2011.0,"Jewellery & Watch, Watches & Clocks","Central & South America, Chinese Mainland, Eastern Europe, North America, Western Europe",,DWISS,Mr Rafael Simoes Miranda,owner,"Corso Elvezia 16, Lugano, Ticino,",Switzerland,"US$ 100,000 - 249,999"
https://sourcing.hktdc.com/en/Supplier-Store/Profile/SMB-SAS-Lip/1S00OS9AX?fairCode=te&locale=en,,France,,,,,,Marie-Pierre Delage,Export manager,"Rue Des Maurapans, Zac Valentin BP 87504, Besancon Cedex 9, France",France,
https://sourcing.hktdc.com/en/Supplier-Store/Profile/Julius-Company-Limited/1X09RDAN?fairCode=te&locale=en,Manufacturer,"Korea, Republic Of",,Watches & Clocks,Worldwide,,JULIUS View details Factories & Facilities F/W Collection Seoul in KOREA JULIUS F/W Fashion Seoul in KOREA TRUST BRAND AWARDS 2019 TRUST BRAND AWARDS 2019 Movie,Mr Tae Rok Cho,Director,"3F 331 Majang-ro, Seongdong-gu, Seoul 133815, Korea","Korea, Republic Of",
https://sourcing.hktdc.com/en/Supplier-Store/Profile/Solar-Time-Ltd/1X00J0S8?fairCode=te&locale=en,Manufacturer,Hong Kong,1977.0,"Jewellery & Watch, Watches & Clocks",Worldwide,51 - 100,,Mr Anirudh Datt,Marketing Executive,"15/F, Kowloon Centre, 29-39 Ashley Road, Tsim Sha Tsui, Kowloon, Hong Kong",Hong Kong,"US$ 50,000,000 - 99,999,999 ODM OEM"
https://sourcing.hktdc.com/en/Supplier-Store/Profile/Mavlian-International-Co-/1X0A3U6C?fairCode=te&locale=en,"Manufacturer, Wholesaler",Lebanon,2002.0,Watches & Clocks,"Eastern Europe, Middle East, Western Europe, Worldwide",6 - 10,"ClaudiaKoch , Alexusy Christy Imperial Flame Harmony Chronomaster CK4322TTRG Alexus Curisty , Claudia Koch Catalogue",Mr Razmig Mavlian,CEO,"Bourj Hamoud Armenia Str, Sradarabad Bldg, Ground Flr, Beirut 00961, Lebanon",Lebanon,"US$ 100,000 - 249,999"
https://sourcing.hktdc.com/en/Supplier-Store/Profile/Como-Milano-International-Ltd-/1X0AIDP8?fairCode=te&locale=en,"Exporter, Manufacturer",Hong Kong,2018.0,"Bags, Handbags & Accessories, Jewellery & Watch, Watches & Clocks",Worldwide,26 - 50,COMO MILANO WATCHES Fashion watches Italian leather Fashion brand Fashion watch Fashion Brandname Brand watches Lady watches World of Como Milano Express Yourself Timeless fashion Italian style,Mr International Sales Department,,"Unit 109, 1/F, Mirror Tower, 61 Mody Rd, Tsimshatsui, Kln, Hong Kong",Hong Kong,
https://sourcing.hktdc.com/en/Supplier-Store/Profile/National-Electronics-Watch-Co-Ltd/1X000963?fairCode=te&locale=en,"Exporter, Importer, Manufacturer",Hong Kong,1975.0,"Consumer Electronics, Health Care & Medical Supplies, Jewellery & Watch, Sports Supplies, Watches & Clocks","Africa, Australasia, Central & South America, Chinese Mainland, Eastern Europe, Hong Kong, Japan, Korea, Middle East, North America, Scandinavia, Western Europe, Worldwide",201 - 500,"NEWCO, OUTBOUND ODM OEM Certificate Name Issued By Certificate Type Valid Date ISO9001:2000 - - - TUV Rheinland - - - BSCI (Business Social Compliance Initiative) - - - View details Factories & Facilities",Mr Barry Tse,General Manager,"15/F, Shing Dao Ind. Bldg., 232 Aberdeen Main Road, Aberdeen, Hong Kong. Hong Kong.",Hong Kong,"US$ 10,000,000 - 49,999,999"
https://sourcing.hktdc.com/en/Supplier-Store/Profile/Morellato-HK-Limited/1S00PC5VA?fairCode=te&locale=en,,Hong Kong,,,,,,Miss Eva Ng,,,Hong Kong,
https://sourcing.hktdc.com/en/Supplier-Store/Profile/Guangdong-Star-Rudder-Technology-Co-LTD/1S00OR5UD?fairCode=te&locale=en,,Chinese Mainland,,,,,,Ms ZhengYu Liang,,,Chinese Mainland,
https://sourcing.hktdc.com/en/Supplier-Store/Profile/Shenzhen-Hipine-Precision-Technology-Co-Ltd-/1S00OFZZ4?fairCode=te&locale=en,,Chinese Mainland,,,,,,jincheng liao,Brand manager,"2901 (3701A), Shuibei International Jewelry Center No. 99 B, Shenzhen, Guangdong, Mainland China",Chinese Mainland,
https://sourcing.hktdc.com/en/Supplier-Store/Profile/Sino-British-Industries-Pte-Ltd/1S00PCSBB?fairCode=te&locale=en,,Singapore,,,,,,Mr Peter Liaw,,,Singapore,
https://sourcing.hktdc.com/en/Supplier-Store/Profile/ONE-CITYHUB-COMPANY-LIMITED/1S00PED72?fairCode=te&locale=en,,Hong Kong,,,,,,Jackie Wong,,"FLAT /RM 1108 11/F, FOOK CHEONG BUILDING, 63 HOI YUEN ROAD, KWUN TONG KL",Hong Kong,
https://sourcing.hktdc.com/en/Supplier-Store/Profile/Tutima-Hong-Kong-Ltd/1X04NF6L?fairCode=te&locale=en,Manufacturer,Hong Kong,,Watches & Clocks,,,,Mr Wilhelm Gotz Philipp,Director,"14/F, Federal Ctr, 77 Sheung On St, Chai Wan, Chai Wan, Hong Kong",Hong Kong,
https://sourcing.hktdc.com/en/Supplier-Store/Profile/Hereda-Shanghai-Jewelry-Limited-Company/1S00PCW9D?fairCode=te&locale=en,,Chinese Mainland,,,,,,Ms Yanxian Lee,,,Chinese Mainland,
https://sourcing.hktdc.com/en/Supplier-Store/Profile/POINT-TEC-Products-Electronic-GmbH/1S00P4X10?fairCode=te&locale=en,,Germany,,,,,,Mr Werner Untch,,,Germany,
https://sourcing.hktdc.com/en/Supplier-Store/Profile/Shenzhen-TianboWatch-Co-Ltd/1S00PE36F?fairCode=te&locale=en,,Chinese Mainland,,,,,,Yoyo Liu,,"1C2106,No.19,Gaoxin Middle Road 1, Maling Community,Yuehai Street, Nanshan Distric,Shenzhen City, china",Chinese Mainland,
https://sourcing.hktdc.com/en/Supplier-Store/Profile/TimeWise-Global-GmbH/1S00PE28A?fairCode=te&locale=en,,Switzerland,,,,,,Refik SIVRI,Managing Director,"Mullheimerstrasse 175, Basel, SWITZERLAND",Switzerland,
https://sourcing.hktdc.com/en/Supplier-Store/Profile/PRESENT-WATCH-JEWELRY-COMPANY-LIMITED/1S00OC9X0?fairCode=te&locale=en,,Hong Kong,,"Fine Jewellery, Watches & Clocks",,,,Ms Noelle Chow,,,Hong Kong,
https://sourcing.hktdc.com/en/Supplier-Store/Profile/Sun-Flame-Co-Ltd/1X0F0DW1?fairCode=te&locale=en,"Distributor, Exporter, Manufacturer","Tokyo, Japan",1984.0,"Design Services, Quality Inspection, Compliance & Testing Service, Watches & Clocks",Japan,101 - 200,"SUN FLAME and Grand Jour OEM ODM Package Design Workshop in TOKYO, JAPAN View details Factories & Facilities Research & Development Quality Control workshop-1 10BAR Checking Tool 10BAR Checking -2 Case Back placing machine",Mr Hijiri Orihara,Manager,"1-6-15, Motoasakusa _ Taito-Ku Tokyo 111-041, Japan",Japan,"US$ 10,000,000 - 49,999,999"
about:blank,,,,,,,,,,,,
about:blank,,,,,,,,,,,,
https://sourcing.hktdc.com/en/Supplier-Store/Profile/Guangzhou-Tianyuan-Watch-Co-Ltd-/1S00P5JVW?fairCode=te&locale=en,,Chinese Mainland,,,,,,Guihui kuang,manager,"74, Gushu 1st Road, Gushu Community, Xixiang Sub-d",Chinese Mainland,
https://sourcing.hktdc.com/en/Supplier-Store/Profile/Berlink-Timepiece-HK-Limited/1X0A3UZJ?fairCode=te&locale=en,Manufacturer,Hong Kong,2013.0,Watches & Clocks,Worldwide,26 - 50,,Mr Jun Hong Hu,Director,"FLAT 7-9, 6/F LUCIDA IND BLDG, 43-47 WANG LUNG ST, TSUEN WAN NT",Hong Kong,"US$ 5,000,000 - 9,999,999 ODM OEM"
https://sourcing.hktdc.com/en/Supplier-Store/Profile/Grand-Bentley-International-Co-Limitied/1S00OQGS8?fairCode=te&locale=en,"Export Agent, Exporter, Manufacturer, Wholesaler",Hong Kong,2024.0,Watches & Clocks,Worldwide,6 - 10,BENTLEY,Mr Ryan Wang,CEO,"Room 08 ,16/F Apec Plaza , 49 Hoi Yuen Road Kwun Tong Hong Kong",Hong Kong,"US$ 1,000,000 - 4,999,999"
about:blank,,,,,,,,,,,,
about:blank,,,,,,,,,,,,
about:blank,,,,,,,,,,,,
about:blank,,,,,,,,,,,,
about:blank,,,,,,,,,,,,
about:blank,,,,,,,,,,,,
about:blank,,,,,,,,,,,,
about:blank,,,,,,,,,,,,
about:blank,,,,,,,,,,,,
https://sourcing.hktdc.com/en/Supplier-Store/Profile/Guangdong-Juchuang-Watch-Co-Ltd-/1S00OJ5QP?fairCode=te&locale=en,,Chinese Mainland,,,,,,Dr Li Mr,,,Chinese Mainland,
https://sourcing.hktdc.com/en/Supplier-Store/Profile/Guangzhou-Saishi-Watch-Co-Ltd-/1S00PC6FL?fairCode=te&locale=en,,Chinese Mainland,,,,,,Mr QINGYUN GUO,,,Chinese Mainland,
https://sourcing.hktdc.com/en/Supplier-Store/Profile/Acestar-Concept-Ltd/1X06OK1B?fairCode=te&locale=en,"Distributor, Export Agent, Exporter, Import Agent, Importer, Manufacturer, Retailer, Wholesaler",Hong Kong,2010.0,Watches & Clocks,"Chinese Mainland, Hong Kong, Japan, Middle East, Other Asian Countries, Taiwan",,"Van Gogh, MINI, Toino Lamborghini",Ms Sandy Chan,,"1405-07, Tower B, Chung Mei Centre, 15 Hing Yip Street, Kwun Tong, Kowloon, Hong Kong",Hong Kong,
https://sourcing.hktdc.com/en/Supplier-Store/Profile/Mitico-Technology-Limited/1X0B6JGZ?fairCode=te&locale=en,,Hong Kong,,,,,,Eddie Lo,,"2/F, Sung Kee Ind Bldg, 18-30 Kwai Ting Rd, Kwai Chung, New Territories, Hong Kong",Hong Kong,
https://sourcing.hktdc.com/en/Supplier-Store/Profile/SEIKO-Hong-Kong-Ltd-/1S00PE37C?fairCode=te&locale=en,,Hong Kong,,Watches & Clocks,,,,Amily Wong,Manager,"8th Floor, Ying Tung Industrial Building, 802 Lai Chi Kok Road, Kowloon, Hong Kong.",Hong Kong,
https://sourcing.hktdc.com/en/Supplier-Store/Profile/Sang-Tat-Industrial-Limited/1X0A4XVE?fairCode=te&locale=en,,Hong Kong,,"Jewellery & Watch, Watches & Clocks",,,,Hei Lap Lau,General Manager,"Workshop B, 4/F, Hop Hing Ind'l Bldg, 704 Castle Peak Rd, Lai Chi Kok, Kln, Hong Kong",Hong Kong,
https://sourcing.hktdc.com/en/Supplier-Store/Profile/Guangzhou-Aoli-Watch-Co-Ltd-/1S00PD5DS?fairCode=te&locale=en,,Chinese Mainland,,,,,,Mr Ryan Wang,,,Chinese Mainland,
about:blank,,,,,,,,,,,,
about:blank,,,,,,,,,,,,
