"card-exhibitor__banner src","mb-0","img-scale src","fs-5"
"https://match-images.jublia.com/platform-image/prod/cbeb3b4cb76be9b5bfa1553b66a840fc71b368f94efdeead6df86d5945e15c21981ac49215a26e435f30918b59c7b6fb415c88b03724d13655912568e6c65a16/c1aee7a17aa74e0497321d8005220e69.jpg","E40","https://match-images.jublia.com/platform-image/prod/cbeb3b4cb76be9b5bfa1553b66a840fc71b368f94efdeead6df86d5945e15c21981ac49215a26e435f30918b59c7b6fb415c88b03724d13655912568e6c65a16/8ba5addccacf4dc08f99ed62f3e16667.jpg","A.H.A International Co., Ltd."
"https://match-images.jublia.com/platform-image/prod/cbeb3b4cb76be9b5bfa1553b66a840fc71b368f94efdeead6df86d5945e15c21981ac49215a26e435f30918b59c7b6fb415c88b03724d13655912568e6c65a16/c1aee7a17aa74e0497321d8005220e69.jpg","Booth TBC,E10","https://match-images.jublia.com/platform-image/prod/cbeb3b4cb76be9b5bfa1553b66a840fc71b368f94efdeead6df86d5945e15c21981ac49215a26e435f30918b59c7b6fb415c88b03724d13655912568e6c65a16/8ba5addccacf4dc08f99ed62f3e16667.jpg","Alberdingk Boley GmbH"
"https://match-images.jublia.com/platform-image/prod/cbeb3b4cb76be9b5bfa1553b66a840fc71b368f94efdeead6df86d5945e15c21981ac49215a26e435f30918b59c7b6fb415c88b03724d13655912568e6c65a16/c1aee7a17aa74e0497321d8005220e69.jpg","F10","https://match-images.jublia.com/platform-image/prod/cbeb3b4cb76be9b5bfa1553b66a840fc71b368f94efdeead6df86d5945e15c21981ac49215a26e435f30918b59c7b6fb415c88b03724d13655912568e6c65a16/8ba5addccacf4dc08f99ed62f3e16667.jpg","Anhui Black Cat Material Science Co., Ltd"
"https://match-images.jublia.com/platform-image/prod/cbeb3b4cb76be9b5bfa1553b66a840fc71b368f94efdeead6df86d5945e15c21981ac49215a26e435f30918b59c7b6fb415c88b03724d13655912568e6c65a16/c1aee7a17aa74e0497321d8005220e69.jpg","G30","https://match-images.jublia.com/platform-image/prod/cbeb3b4cb76be9b5bfa1553b66a840fc71b368f94efdeead6df86d5945e15c21981ac49215a26e435f30918b59c7b6fb415c88b03724d13655912568e6c65a16/8ba5addccacf4dc08f99ed62f3e16667.jpg","Anhui Dery Material Science Co., Ltd."
"https://match-images.jublia.com/platform-image/prod/cbeb3b4cb76be9b5bfa1553b66a840fc71b368f94efdeead6df86d5945e15c21981ac49215a26e435f30918b59c7b6fb415c88b03724d13655912568e6c65a16/c1aee7a17aa74e0497321d8005220e69.jpg","F33","https://match-images.jublia.com/platform-image/prod/cbeb3b4cb76be9b5bfa1553b66a840fc71b368f94efdeead6df86d5945e15c21981ac49215a26e435f30918b59c7b6fb415c88b03724d13655912568e6c65a16/8ba5addccacf4dc08f99ed62f3e16667.jpg","Anhui Huizhou Zhengjie Technology Co., Ltd."
"https://match-images.jublia.com/platform-image/prod/cbeb3b4cb76be9b5bfa1553b66a840fc71b368f94efdeead6df86d5945e15c21981ac49215a26e435f30918b59c7b6fb415c88b03724d13655912568e6c65a16/c1aee7a17aa74e0497321d8005220e69.jpg","D52","https://match-images.jublia.com/platform-image/prod/cbeb3b4cb76be9b5bfa1553b66a840fc71b368f94efdeead6df86d5945e15c21981ac49215a26e435f30918b59c7b6fb415c88b03724d13655912568e6c65a16/8ba5addccacf4dc08f99ed62f3e16667.jpg","Anhui I-Sourcing International Co., Ltd."
"https://match-images.jublia.com/platform-image/prod/cbeb3b4cb76be9b5bfa1553b66a840fc71b368f94efdeead6df86d5945e15c21981ac49215a26e435f30918b59c7b6fb415c88b03724d13655912568e6c65a16/c1aee7a17aa74e0497321d8005220e69.jpg","G35","https://dmg-manual-live.s3.ap-south-1.amazonaws.com/Production/exb_doc/724/138609/thumb_724_APCS7244403_9606.png","Anhui Shenjian New Materials Co., Ltd."
"https://dmg-manual-live.s3.ap-south-1.amazonaws.com/Production/exb_doc/724/143866/11.jpg","C04","https://dmg-manual-live.s3.ap-south-1.amazonaws.com/Production/exb_doc/724/143866/thumb_724_APCS7247828_3584.png","Anhui Sunman International Co., Ltd"
"https://match-images.jublia.com/platform-image/prod/cbeb3b4cb76be9b5bfa1553b66a840fc71b368f94efdeead6df86d5945e15c21981ac49215a26e435f30918b59c7b6fb415c88b03724d13655912568e6c65a16/c1aee7a17aa74e0497321d8005220e69.jpg","B50","https://match-images.jublia.com/platform-image/prod/cbeb3b4cb76be9b5bfa1553b66a840fc71b368f94efdeead6df86d5945e15c21981ac49215a26e435f30918b59c7b6fb415c88b03724d13655912568e6c65a16/8ba5addccacf4dc08f99ed62f3e16667.jpg","Anhui Wanwei Updated High—Tech Material Industry Co., Ltd"
"https://match-images.jublia.com/platform-image/prod/cbeb3b4cb76be9b5bfa1553b66a840fc71b368f94efdeead6df86d5945e15c21981ac49215a26e435f30918b59c7b6fb415c88b03724d13655912568e6c65a16/c1aee7a17aa74e0497321d8005220e69.jpg","E41","https://match-images.jublia.com/platform-image/prod/cbeb3b4cb76be9b5bfa1553b66a840fc71b368f94efdeead6df86d5945e15c21981ac49215a26e435f30918b59c7b6fb415c88b03724d13655912568e6c65a16/8ba5addccacf4dc08f99ed62f3e16667.jpg","Baxsn Chemical (Shanghai) Co., Ltd."
"https://match-images.jublia.com/platform-image/prod/cbeb3b4cb76be9b5bfa1553b66a840fc71b368f94efdeead6df86d5945e15c21981ac49215a26e435f30918b59c7b6fb415c88b03724d13655912568e6c65a16/c1aee7a17aa74e0497321d8005220e69.jpg","B61","https://match-images.jublia.com/platform-image/prod/cbeb3b4cb76be9b5bfa1553b66a840fc71b368f94efdeead6df86d5945e15c21981ac49215a26e435f30918b59c7b6fb415c88b03724d13655912568e6c65a16/8ba5addccacf4dc08f99ed62f3e16667.jpg","BEVS Industrial (Guangzhou) Co. Ltd."
"https://dmg-manual-live.s3.ap-south-1.amazonaws.com/Production/exb_doc/724/143852/11.jpg","A42","https://dmg-manual-live.s3.ap-south-1.amazonaws.com/Production/exb_doc/724/143852/thumb_724_APCS7246871_7346.png","Boom Industry (SH) Co Ltd"
"https://match-images.jublia.com/platform-image/prod/cbeb3b4cb76be9b5bfa1553b66a840fc71b368f94efdeead6df86d5945e15c21981ac49215a26e435f30918b59c7b6fb415c88b03724d13655912568e6c65a16/c1aee7a17aa74e0497321d8005220e69.jpg","China Pavilion_8","https://match-images.jublia.com/platform-image/prod/cbeb3b4cb76be9b5bfa1553b66a840fc71b368f94efdeead6df86d5945e15c21981ac49215a26e435f30918b59c7b6fb415c88b03724d13655912568e6c65a16/8ba5addccacf4dc08f99ed62f3e16667.jpg","CCPIT Sub-council of Chemical Industry"
"https://match-images.jublia.com/platform-image/prod/cbeb3b4cb76be9b5bfa1553b66a840fc71b368f94efdeead6df86d5945e15c21981ac49215a26e435f30918b59c7b6fb415c88b03724d13655912568e6c65a16/c1aee7a17aa74e0497321d8005220e69.jpg","G12","https://match-images.jublia.com/platform-image/prod/cbeb3b4cb76be9b5bfa1553b66a840fc71b368f94efdeead6df86d5945e15c21981ac49215a26e435f30918b59c7b6fb415c88b03724d13655912568e6c65a16/8ba5addccacf4dc08f99ed62f3e16667.jpg","Changsha Guangxin New Materials Science&Technology Co., L.td"
"https://match-images.jublia.com/platform-image/prod/cbeb3b4cb76be9b5bfa1553b66a840fc71b368f94efdeead6df86d5945e15c21981ac49215a26e435f30918b59c7b6fb415c88b03724d13655912568e6c65a16/c1aee7a17aa74e0497321d8005220e69.jpg","G43","https://match-images.jublia.com/platform-image/prod/cbeb3b4cb76be9b5bfa1553b66a840fc71b368f94efdeead6df86d5945e15c21981ac49215a26e435f30918b59c7b6fb415c88b03724d13655912568e6c65a16/8ba5addccacf4dc08f99ed62f3e16667.jpg","Changzhou Sunkee Chemicals Co., Ltd."
"https://match-images.jublia.com/platform-image/prod/cbeb3b4cb76be9b5bfa1553b66a840fc71b368f94efdeead6df86d5945e15c21981ac49215a26e435f30918b59c7b6fb415c88b03724d13655912568e6c65a16/c1aee7a17aa74e0497321d8005220e69.jpg","E55","https://match-images.jublia.com/platform-image/prod/cbeb3b4cb76be9b5bfa1553b66a840fc71b368f94efdeead6df86d5945e15c21981ac49215a26e435f30918b59c7b6fb415c88b03724d13655912568e6c65a16/8ba5addccacf4dc08f99ed62f3e16667.jpg","Chongqing Pengkai Fine Chemicals Co., Ltd."
"https://match-images.jublia.com/platform-image/prod/cbeb3b4cb76be9b5bfa1553b66a840fc71b368f94efdeead6df86d5945e15c21981ac49215a26e435f30918b59c7b6fb415c88b03724d13655912568e6c65a16/c1aee7a17aa74e0497321d8005220e69.jpg","E33","https://match-images.jublia.com/platform-image/prod/cbeb3b4cb76be9b5bfa1553b66a840fc71b368f94efdeead6df86d5945e15c21981ac49215a26e435f30918b59c7b6fb415c88b03724d13655912568e6c65a16/8ba5addccacf4dc08f99ed62f3e16667.jpg","DALIAN FUTAI MINERAL & CHEMICAL NEW MATERIALS TECHNOLOGY CO."
"https://match-images.jublia.com/platform-image/prod/cbeb3b4cb76be9b5bfa1553b66a840fc71b368f94efdeead6df86d5945e15c21981ac49215a26e435f30918b59c7b6fb415c88b03724d13655912568e6c65a16/c1aee7a17aa74e0497321d8005220e69.jpg","C49","https://match-images.jublia.com/platform-image/prod/cbeb3b4cb76be9b5bfa1553b66a840fc71b368f94efdeead6df86d5945e15c21981ac49215a26e435f30918b59c7b6fb415c88b03724d13655912568e6c65a16/8ba5addccacf4dc08f99ed62f3e16667.jpg","Dechem International Co., Ltd"
"https://dmg-manual-live.s3.ap-south-1.amazonaws.com/Production/exb_doc/724/142734/WhatsApp_Image_2026-07-27_at_12_13_47.jpeg","D41","https://dmg-manual-live.s3.ap-south-1.amazonaws.com/Production/exb_doc/724/142734/thumb_724_APCS7242405_9613.png","DHANVEEN PIGMENTS PVT LTD"
"https://dmg-manual-live.s3.ap-south-1.amazonaws.com/Production/exb_doc/724/143877/11.jpg","C67","https://dmg-manual-live.s3.ap-south-1.amazonaws.com/Production/exb_doc/724/143877/thumb_724_APCS7248026_3360.png","Dimacolor Industry Group"
"https://match-images.jublia.com/platform-image/prod/cbeb3b4cb76be9b5bfa1553b66a840fc71b368f94efdeead6df86d5945e15c21981ac49215a26e435f30918b59c7b6fb415c88b03724d13655912568e6c65a16/c1aee7a17aa74e0497321d8005220e69.jpg","H23","https://match-images.jublia.com/platform-image/prod/cbeb3b4cb76be9b5bfa1553b66a840fc71b368f94efdeead6df86d5945e15c21981ac49215a26e435f30918b59c7b6fb415c88b03724d13655912568e6c65a16/8ba5addccacf4dc08f99ed62f3e16667.jpg","Dongying Hebang Chemical Co.,Ltd"
"https://match-images.jublia.com/platform-image/prod/cbeb3b4cb76be9b5bfa1553b66a840fc71b368f94efdeead6df86d5945e15c21981ac49215a26e435f30918b59c7b6fb415c88b03724d13655912568e6c65a16/c1aee7a17aa74e0497321d8005220e69.jpg","F21","https://match-images.jublia.com/platform-image/prod/cbeb3b4cb76be9b5bfa1553b66a840fc71b368f94efdeead6df86d5945e15c21981ac49215a26e435f30918b59c7b6fb415c88b03724d13655912568e6c65a16/8ba5addccacf4dc08f99ed62f3e16667.jpg","Ecod Specialties Co. Ltd"
"https://match-images.jublia.com/platform-image/prod/cbeb3b4cb76be9b5bfa1553b66a840fc71b368f94efdeead6df86d5945e15c21981ac49215a26e435f30918b59c7b6fb415c88b03724d13655912568e6c65a16/c1aee7a17aa74e0497321d8005220e69.jpg","F41","https://match-images.jublia.com/platform-image/prod/cbeb3b4cb76be9b5bfa1553b66a840fc71b368f94efdeead6df86d5945e15c21981ac49215a26e435f30918b59c7b6fb415c88b03724d13655912568e6c65a16/8ba5addccacf4dc08f99ed62f3e16667.jpg","Feiyun New Material (Shanghai) Technology Co., Ltd."
"https://match-images.jublia.com/platform-image/prod/cbeb3b4cb76be9b5bfa1553b66a840fc71b368f94efdeead6df86d5945e15c21981ac49215a26e435f30918b59c7b6fb415c88b03724d13655912568e6c65a16/c1aee7a17aa74e0497321d8005220e69.jpg","E32","https://match-images.jublia.com/platform-image/prod/cbeb3b4cb76be9b5bfa1553b66a840fc71b368f94efdeead6df86d5945e15c21981ac49215a26e435f30918b59c7b6fb415c88b03724d13655912568e6c65a16/8ba5addccacf4dc08f99ed62f3e16667.jpg","Focus Chem Limited"
"https://match-images.jublia.com/platform-image/prod/cbeb3b4cb76be9b5bfa1553b66a840fc71b368f94efdeead6df86d5945e15c21981ac49215a26e435f30918b59c7b6fb415c88b03724d13655912568e6c65a16/c1aee7a17aa74e0497321d8005220e69.jpg","G21","https://match-images.jublia.com/platform-image/prod/cbeb3b4cb76be9b5bfa1553b66a840fc71b368f94efdeead6df86d5945e15c21981ac49215a26e435f30918b59c7b6fb415c88b03724d13655912568e6c65a16/8ba5addccacf4dc08f99ed62f3e16667.jpg","Foshan Jinjia New Material Technology Co., Ltd."
"https://match-images.jublia.com/platform-image/prod/cbeb3b4cb76be9b5bfa1553b66a840fc71b368f94efdeead6df86d5945e15c21981ac49215a26e435f30918b59c7b6fb415c88b03724d13655912568e6c65a16/c1aee7a17aa74e0497321d8005220e69.jpg","G23","https://match-images.jublia.com/platform-image/prod/cbeb3b4cb76be9b5bfa1553b66a840fc71b368f94efdeead6df86d5945e15c21981ac49215a26e435f30918b59c7b6fb415c88b03724d13655912568e6c65a16/8ba5addccacf4dc08f99ed62f3e16667.jpg","Foshan Zontai Titanium Dioxide Limited"
"https://match-images.jublia.com/platform-image/prod/cbeb3b4cb76be9b5bfa1553b66a840fc71b368f94efdeead6df86d5945e15c21981ac49215a26e435f30918b59c7b6fb415c88b03724d13655912568e6c65a16/c1aee7a17aa74e0497321d8005220e69.jpg","H21","https://match-images.jublia.com/platform-image/prod/cbeb3b4cb76be9b5bfa1553b66a840fc71b368f94efdeead6df86d5945e15c21981ac49215a26e435f30918b59c7b6fb415c88b03724d13655912568e6c65a16/8ba5addccacf4dc08f99ed62f3e16667.jpg","Fujian Hongyan Chemical Co., Ltd."
"https://match-images.jublia.com/platform-image/prod/cbeb3b4cb76be9b5bfa1553b66a840fc71b368f94efdeead6df86d5945e15c21981ac49215a26e435f30918b59c7b6fb415c88b03724d13655912568e6c65a16/c1aee7a17aa74e0497321d8005220e69.jpg","F53","https://match-images.jublia.com/platform-image/prod/cbeb3b4cb76be9b5bfa1553b66a840fc71b368f94efdeead6df86d5945e15c21981ac49215a26e435f30918b59c7b6fb415c88b03724d13655912568e6c65a16/8ba5addccacf4dc08f99ed62f3e16667.jpg","GUANG ZHOU SUMDA MATERIAL TECHNOLOGY CO., LTD"
"https://match-images.jublia.com/platform-image/prod/cbeb3b4cb76be9b5bfa1553b66a840fc71b368f94efdeead6df86d5945e15c21981ac49215a26e435f30918b59c7b6fb415c88b03724d13655912568e6c65a16/c1aee7a17aa74e0497321d8005220e69.jpg","E51","https://match-images.jublia.com/platform-image/prod/cbeb3b4cb76be9b5bfa1553b66a840fc71b368f94efdeead6df86d5945e15c21981ac49215a26e435f30918b59c7b6fb415c88b03724d13655912568e6c65a16/8ba5addccacf4dc08f99ed62f3e16667.jpg","Guangdong Lencolo New Material Co., Ltd."
"https://dmg-manual-live.s3.ap-south-1.amazonaws.com/Production/exb_doc/724/143870/11.jpg","D10","https://dmg-manual-live.s3.ap-south-1.amazonaws.com/Production/exb_doc/724/143870/thumb_724_APCS7242579_8693.png","Guangdong Threenh Technology Co., Ltd"
"https://dmg-manual-live.s3.ap-south-1.amazonaws.com/Production/exb_doc/724/143867/QQ20260729-132436.png","C30","https://dmg-manual-live.s3.ap-south-1.amazonaws.com/Production/exb_doc/724/143867/thumb_724_APCS7242800_3325.png","Guangzhou Guanzhi New Material Technology Co., Ltd."
"https://match-images.jublia.com/platform-image/prod/cbeb3b4cb76be9b5bfa1553b66a840fc71b368f94efdeead6df86d5945e15c21981ac49215a26e435f30918b59c7b6fb415c88b03724d13655912568e6c65a16/c1aee7a17aa74e0497321d8005220e69.jpg","F13","https://match-images.jublia.com/platform-image/prod/cbeb3b4cb76be9b5bfa1553b66a840fc71b368f94efdeead6df86d5945e15c21981ac49215a26e435f30918b59c7b6fb415c88b03724d13655912568e6c65a16/8ba5addccacf4dc08f99ed62f3e16667.jpg","Guangzhou Highfar New Materials Technology Co., Ltd."
"https://match-images.jublia.com/platform-image/prod/cbeb3b4cb76be9b5bfa1553b66a840fc71b368f94efdeead6df86d5945e15c21981ac49215a26e435f30918b59c7b6fb415c88b03724d13655912568e6c65a16/c1aee7a17aa74e0497321d8005220e69.jpg","C10A","https://match-images.jublia.com/platform-image/prod/cbeb3b4cb76be9b5bfa1553b66a840fc71b368f94efdeead6df86d5945e15c21981ac49215a26e435f30918b59c7b6fb415c88b03724d13655912568e6c65a16/8ba5addccacf4dc08f99ed62f3e16667.jpg","Guangzhou Huixin High Tech Co., Ltd"
"https://match-images.jublia.com/platform-image/prod/cbeb3b4cb76be9b5bfa1553b66a840fc71b368f94efdeead6df86d5945e15c21981ac49215a26e435f30918b59c7b6fb415c88b03724d13655912568e6c65a16/c1aee7a17aa74e0497321d8005220e69.jpg","F40","https://match-images.jublia.com/platform-image/prod/cbeb3b4cb76be9b5bfa1553b66a840fc71b368f94efdeead6df86d5945e15c21981ac49215a26e435f30918b59c7b6fb415c88b03724d13655912568e6c65a16/8ba5addccacf4dc08f99ed62f3e16667.jpg","Guangzhou Rich Chemical Co., Ltd."
"https://match-images.jublia.com/platform-image/prod/cbeb3b4cb76be9b5bfa1553b66a840fc71b368f94efdeead6df86d5945e15c21981ac49215a26e435f30918b59c7b6fb415c88b03724d13655912568e6c65a16/c1aee7a17aa74e0497321d8005220e69.jpg","G40","https://match-images.jublia.com/platform-image/prod/cbeb3b4cb76be9b5bfa1553b66a840fc71b368f94efdeead6df86d5945e15c21981ac49215a26e435f30918b59c7b6fb415c88b03724d13655912568e6c65a16/8ba5addccacf4dc08f99ed62f3e16667.jpg","Guangzhou Titanos Industry Co., Ltd"
"https://dmg-manual-live.s3.ap-south-1.amazonaws.com/Production/exb_doc/724/143130/11.jpg","G69","https://dmg-manual-live.s3.ap-south-1.amazonaws.com/Production/exb_doc/724/143130/thumb_724_APCS7245775_8299.png","Hangzhou Baiteng Electronic Technology"
"https://match-images.jublia.com/platform-image/prod/cbeb3b4cb76be9b5bfa1553b66a840fc71b368f94efdeead6df86d5945e15c21981ac49215a26e435f30918b59c7b6fb415c88b03724d13655912568e6c65a16/c1aee7a17aa74e0497321d8005220e69.jpg","E22","https://match-images.jublia.com/platform-image/prod/cbeb3b4cb76be9b5bfa1553b66a840fc71b368f94efdeead6df86d5945e15c21981ac49215a26e435f30918b59c7b6fb415c88b03724d13655912568e6c65a16/8ba5addccacf4dc08f99ed62f3e16667.jpg","Hangzhou Brilliant Chem Technology Co., Ltd"
"https://dmg-manual-live.s3.ap-south-1.amazonaws.com/Production/exb_doc/724/143863/11.jpg","B57","https://dmg-manual-live.s3.ap-south-1.amazonaws.com/Production/exb_doc/724/143863/thumb_724_APCS7245884_7834.png","Hangzhou Coloring Chemical Co., Ltd"
"https://dmg-manual-live.s3.ap-south-1.amazonaws.com/Production/exb_doc/724/143875/QQ20260729-132436.png","D12","https://dmg-manual-live.s3.ap-south-1.amazonaws.com/Production/exb_doc/724/143875/thumb_724_APCS7242779_1530.png","Hangzhou Han-Color Chemical Co., Ltd."
"https://dmg-manual-live.s3.ap-south-1.amazonaws.com/Production/exb_doc/724/143874/11.jpg","C63","https://dmg-manual-live.s3.ap-south-1.amazonaws.com/Production/exb_doc/724/143874/thumb_724_APCS7241235_9284.png","HANGZHOU KENUOEN NEW MATERIALS CO., LTD"
"https://match-images.jublia.com/platform-image/prod/cbeb3b4cb76be9b5bfa1553b66a840fc71b368f94efdeead6df86d5945e15c21981ac49215a26e435f30918b59c7b6fb415c88b03724d13655912568e6c65a16/c1aee7a17aa74e0497321d8005220e69.jpg","C42","https://match-images.jublia.com/platform-image/prod/cbeb3b4cb76be9b5bfa1553b66a840fc71b368f94efdeead6df86d5945e15c21981ac49215a26e435f30918b59c7b6fb415c88b03724d13655912568e6c65a16/8ba5addccacf4dc08f99ed62f3e16667.jpg","Hangzhou Synox Pigments Co., Ltd"
"https://match-images.jublia.com/platform-image/prod/cbeb3b4cb76be9b5bfa1553b66a840fc71b368f94efdeead6df86d5945e15c21981ac49215a26e435f30918b59c7b6fb415c88b03724d13655912568e6c65a16/c1aee7a17aa74e0497321d8005220e69.jpg","H61","https://match-images.jublia.com/platform-image/prod/cbeb3b4cb76be9b5bfa1553b66a840fc71b368f94efdeead6df86d5945e15c21981ac49215a26e435f30918b59c7b6fb415c88b03724d13655912568e6c65a16/8ba5addccacf4dc08f99ed62f3e16667.jpg","Hangzhou Zhenyan Chemical Technology Co., Ltd."
"https://dmg-manual-live.s3.ap-south-1.amazonaws.com/Production/exb_doc/724/143822/11.jpg","A18","https://dmg-manual-live.s3.ap-south-1.amazonaws.com/Production/exb_doc/724/143822/thumb_724_APCS7242163_3314.png","Hebei Double Bulls Cellulose Co., Ltd."
"https://dmg-manual-live.s3.ap-south-1.amazonaws.com/Production/exb_doc/724/141428/banner.jpg","B10","https://dmg-manual-live.s3.ap-south-1.amazonaws.com/Production/exb_doc/724/141428/thumb_724_APCS7243102_6982.png","Hebei Landcel Cellulose Tech Co., Ltd."
"https://match-images.jublia.com/platform-image/prod/cbeb3b4cb76be9b5bfa1553b66a840fc71b368f94efdeead6df86d5945e15c21981ac49215a26e435f30918b59c7b6fb415c88b03724d13655912568e6c65a16/c1aee7a17aa74e0497321d8005220e69.jpg","F63","https://match-images.jublia.com/platform-image/prod/cbeb3b4cb76be9b5bfa1553b66a840fc71b368f94efdeead6df86d5945e15c21981ac49215a26e435f30918b59c7b6fb415c88b03724d13655912568e6c65a16/8ba5addccacf4dc08f99ed62f3e16667.jpg","Hefei GUFIA Tech Co., Ltd."
"https://dmg-manual-live.s3.ap-south-1.amazonaws.com/Production/exb_doc/724/143869/QQ20260729-132436.png","C22","https://dmg-manual-live.s3.ap-south-1.amazonaws.com/Production/exb_doc/724/143869/thumb_724_APCS7246209_8984.png","Henan Botai Chemical Building Materials Co.,ltd."
"https://match-images.jublia.com/platform-image/prod/cbeb3b4cb76be9b5bfa1553b66a840fc71b368f94efdeead6df86d5945e15c21981ac49215a26e435f30918b59c7b6fb415c88b03724d13655912568e6c65a16/c1aee7a17aa74e0497321d8005220e69.jpg","C41","https://match-images.jublia.com/platform-image/prod/cbeb3b4cb76be9b5bfa1553b66a840fc71b368f94efdeead6df86d5945e15c21981ac49215a26e435f30918b59c7b6fb415c88b03724d13655912568e6c65a16/8ba5addccacf4dc08f99ed62f3e16667.jpg","Henan Jinshuo Technology Co., Ltd."
"https://match-images.jublia.com/platform-image/prod/cbeb3b4cb76be9b5bfa1553b66a840fc71b368f94efdeead6df86d5945e15c21981ac49215a26e435f30918b59c7b6fb415c88b03724d13655912568e6c65a16/c1aee7a17aa74e0497321d8005220e69.jpg","F11","https://dmg-manual-live.s3.ap-south-1.amazonaws.com/Production/exb_doc/724/143277/thumb_724_APCS7249542_6215.png","Henan Lingbao New Materials Technology Co., Ltd"
"https://match-images.jublia.com/platform-image/prod/cbeb3b4cb76be9b5bfa1553b66a840fc71b368f94efdeead6df86d5945e15c21981ac49215a26e435f30918b59c7b6fb415c88b03724d13655912568e6c65a16/c1aee7a17aa74e0497321d8005220e69.jpg","I42","https://match-images.jublia.com/platform-image/prod/cbeb3b4cb76be9b5bfa1553b66a840fc71b368f94efdeead6df86d5945e15c21981ac49215a26e435f30918b59c7b6fb415c88b03724d13655912568e6c65a16/8ba5addccacf4dc08f99ed62f3e16667.jpg","Henan Tuke Technology Co., Ltd."
"https://match-images.jublia.com/platform-image/prod/cbeb3b4cb76be9b5bfa1553b66a840fc71b368f94efdeead6df86d5945e15c21981ac49215a26e435f30918b59c7b6fb415c88b03724d13655912568e6c65a16/c1aee7a17aa74e0497321d8005220e69.jpg","F37","https://match-images.jublia.com/platform-image/prod/cbeb3b4cb76be9b5bfa1553b66a840fc71b368f94efdeead6df86d5945e15c21981ac49215a26e435f30918b59c7b6fb415c88b03724d13655912568e6c65a16/8ba5addccacf4dc08f99ed62f3e16667.jpg","Henghe Materials & Science Technology Co., Ltd."
"https://dmg-manual-live.s3.ap-south-1.amazonaws.com/Production/exb_doc/724/143871/QQ20260729-132436.png","C32","https://dmg-manual-live.s3.ap-south-1.amazonaws.com/Production/exb_doc/724/143871/thumb_724_APCS7241579_6025.png","Hoosun Technology Group Co., Ltd"
"https://dmg-manual-live.s3.ap-south-1.amazonaws.com/Production/exb_doc/724/138608/260729-banner.jpg","E12","https://dmg-manual-live.s3.ap-south-1.amazonaws.com/Production/exb_doc/724/138608/thumb_724_APCS7249467_1679.png","HOU CHI CHEMICAL CO., LTD."
"https://match-images.jublia.com/platform-image/prod/cbeb3b4cb76be9b5bfa1553b66a840fc71b368f94efdeead6df86d5945e15c21981ac49215a26e435f30918b59c7b6fb415c88b03724d13655912568e6c65a16/c1aee7a17aa74e0497321d8005220e69.jpg","G45","https://match-images.jublia.com/platform-image/prod/cbeb3b4cb76be9b5bfa1553b66a840fc71b368f94efdeead6df86d5945e15c21981ac49215a26e435f30918b59c7b6fb415c88b03724d13655912568e6c65a16/8ba5addccacf4dc08f99ed62f3e16667.jpg","Hoyonn (Hubei) Nanotechnology Industry Co., Ltd"
"https://match-images.jublia.com/platform-image/prod/cbeb3b4cb76be9b5bfa1553b66a840fc71b368f94efdeead6df86d5945e15c21981ac49215a26e435f30918b59c7b6fb415c88b03724d13655912568e6c65a16/c1aee7a17aa74e0497321d8005220e69.jpg","G41","https://match-images.jublia.com/platform-image/prod/cbeb3b4cb76be9b5bfa1553b66a840fc71b368f94efdeead6df86d5945e15c21981ac49215a26e435f30918b59c7b6fb415c88b03724d13655912568e6c65a16/8ba5addccacf4dc08f99ed62f3e16667.jpg","Huangshan Jiajie New Material Technology Co., Ltd."
"https://dmg-manual-live.s3.ap-south-1.amazonaws.com/Production/exb_doc/724/143859/11.jpg","B15","https://dmg-manual-live.s3.ap-south-1.amazonaws.com/Production/exb_doc/724/143859/thumb_724_APCS7249052_1691.png","Huangshan Tianma New Material Technology Co., Ltd."
"https://match-images.jublia.com/platform-image/prod/cbeb3b4cb76be9b5bfa1553b66a840fc71b368f94efdeead6df86d5945e15c21981ac49215a26e435f30918b59c7b6fb415c88b03724d13655912568e6c65a16/c1aee7a17aa74e0497321d8005220e69.jpg","F23","https://match-images.jublia.com/platform-image/prod/cbeb3b4cb76be9b5bfa1553b66a840fc71b368f94efdeead6df86d5945e15c21981ac49215a26e435f30918b59c7b6fb415c88b03724d13655912568e6c65a16/8ba5addccacf4dc08f99ed62f3e16667.jpg","Hubei Advanced Materials Technology Co., Ltd"
"https://dmg-manual-live.s3.ap-south-1.amazonaws.com/Production/exb_doc/724/143878/11.jpg","D23","https://dmg-manual-live.s3.ap-south-1.amazonaws.com/Production/exb_doc/724/143878/thumb_724_APCS7249139_2439.png","Hubei Bestway Technology Co., Ltd."
"https://match-images.jublia.com/platform-image/prod/cbeb3b4cb76be9b5bfa1553b66a840fc71b368f94efdeead6df86d5945e15c21981ac49215a26e435f30918b59c7b6fb415c88b03724d13655912568e6c65a16/c1aee7a17aa74e0497321d8005220e69.jpg","F51","https://match-images.jublia.com/platform-image/prod/cbeb3b4cb76be9b5bfa1553b66a840fc71b368f94efdeead6df86d5945e15c21981ac49215a26e435f30918b59c7b6fb415c88b03724d13655912568e6c65a16/8ba5addccacf4dc08f99ed62f3e16667.jpg","Hubei Greenhome Materials Technology,Inc."
"https://match-images.jublia.com/platform-image/prod/cbeb3b4cb76be9b5bfa1553b66a840fc71b368f94efdeead6df86d5945e15c21981ac49215a26e435f30918b59c7b6fb415c88b03724d13655912568e6c65a16/c1aee7a17aa74e0497321d8005220e69.jpg","F27","https://match-images.jublia.com/platform-image/prod/cbeb3b4cb76be9b5bfa1553b66a840fc71b368f94efdeead6df86d5945e15c21981ac49215a26e435f30918b59c7b6fb415c88b03724d13655912568e6c65a16/8ba5addccacf4dc08f99ed62f3e16667.jpg","Hubei Huifu Nanomaterial Co., Ltd."
"https://dmg-manual-live.s3.ap-south-1.amazonaws.com/Production/exb_doc/724/143858/11.jpg","A48","https://dmg-manual-live.s3.ap-south-1.amazonaws.com/Production/exb_doc/724/143858/thumb_724_APCS7243632_6903.png","Hubei Talents Science And Technology Co.,Ltd"
"https://match-images.jublia.com/platform-image/prod/cbeb3b4cb76be9b5bfa1553b66a840fc71b368f94efdeead6df86d5945e15c21981ac49215a26e435f30918b59c7b6fb415c88b03724d13655912568e6c65a16/c1aee7a17aa74e0497321d8005220e69.jpg","F43","https://match-images.jublia.com/platform-image/prod/cbeb3b4cb76be9b5bfa1553b66a840fc71b368f94efdeead6df86d5945e15c21981ac49215a26e435f30918b59c7b6fb415c88b03724d13655912568e6c65a16/8ba5addccacf4dc08f99ed62f3e16667.jpg","Hunan Three-Ring Pigments Co., Ltd."
"https://match-images.jublia.com/platform-image/prod/cbeb3b4cb76be9b5bfa1553b66a840fc71b368f94efdeead6df86d5945e15c21981ac49215a26e435f30918b59c7b6fb415c88b03724d13655912568e6c65a16/c1aee7a17aa74e0497321d8005220e69.jpg","B51,Booth TBC","https://match-images.jublia.com/platform-image/prod/cbeb3b4cb76be9b5bfa1553b66a840fc71b368f94efdeead6df86d5945e15c21981ac49215a26e435f30918b59c7b6fb415c88b03724d13655912568e6c65a16/8ba5addccacf4dc08f99ed62f3e16667.jpg","Independent / Self-Employed"
"https://match-images.jublia.com/platform-image/prod/cbeb3b4cb76be9b5bfa1553b66a840fc71b368f94efdeead6df86d5945e15c21981ac49215a26e435f30918b59c7b6fb415c88b03724d13655912568e6c65a16/c1aee7a17aa74e0497321d8005220e69.jpg","F15","https://match-images.jublia.com/platform-image/prod/cbeb3b4cb76be9b5bfa1553b66a840fc71b368f94efdeead6df86d5945e15c21981ac49215a26e435f30918b59c7b6fb415c88b03724d13655912568e6c65a16/8ba5addccacf4dc08f99ed62f3e16667.jpg","Inner Mongolia Sunrise New Materials Co., Ltd."
"https://match-images.jublia.com/platform-image/prod/cbeb3b4cb76be9b5bfa1553b66a840fc71b368f94efdeead6df86d5945e15c21981ac49215a26e435f30918b59c7b6fb415c88b03724d13655912568e6c65a16/c1aee7a17aa74e0497321d8005220e69.jpg","D20","https://dmg-manual-live.s3.ap-south-1.amazonaws.com/Production/exb_doc/724/138595/thumb_724_APCS7243485_4513.png","Inoue-nissei Engineering Pte Ltd"
"https://match-images.jublia.com/platform-image/prod/cbeb3b4cb76be9b5bfa1553b66a840fc71b368f94efdeead6df86d5945e15c21981ac49215a26e435f30918b59c7b6fb415c88b03724d13655912568e6c65a16/c1aee7a17aa74e0497321d8005220e69.jpg","G31","https://dmg-manual-live.s3.ap-south-1.amazonaws.com/Production/exb_doc/724/138600/thumb_724_APCS7248168_7167.png","ITOH OIL CHEMICALS CO., LTD."
"https://dmg-manual-live.s3.ap-south-1.amazonaws.com/Production/exb_doc/724/143862/11.jpg","B53","https://dmg-manual-live.s3.ap-south-1.amazonaws.com/Production/exb_doc/724/143862/thumb_724_APCS7243558_5618.png","Jiangmen Zhengxi Chemical Co., Ltd."
"https://dmg-manual-live.s3.ap-south-1.amazonaws.com/Production/exb_doc/724/143868/11.jpg","C21","https://dmg-manual-live.s3.ap-south-1.amazonaws.com/Production/exb_doc/724/143868/thumb_724_APCS7248704_1711.png","Jiangsu Baicheng Chemical Technology Co.,Ltd"
"https://match-images.jublia.com/platform-image/prod/cbeb3b4cb76be9b5bfa1553b66a840fc71b368f94efdeead6df86d5945e15c21981ac49215a26e435f30918b59c7b6fb415c88b03724d13655912568e6c65a16/c1aee7a17aa74e0497321d8005220e69.jpg","A51","https://match-images.jublia.com/platform-image/prod/cbeb3b4cb76be9b5bfa1553b66a840fc71b368f94efdeead6df86d5945e15c21981ac49215a26e435f30918b59c7b6fb415c88b03724d13655912568e6c65a16/8ba5addccacf4dc08f99ed62f3e16667.jpg","Jiangsu Farfly Industrial Intelligent Equipment Co.,Ltd."
"https://match-images.jublia.com/platform-image/prod/cbeb3b4cb76be9b5bfa1553b66a840fc71b368f94efdeead6df86d5945e15c21981ac49215a26e435f30918b59c7b6fb415c88b03724d13655912568e6c65a16/c1aee7a17aa74e0497321d8005220e69.jpg","E53","https://match-images.jublia.com/platform-image/prod/cbeb3b4cb76be9b5bfa1553b66a840fc71b368f94efdeead6df86d5945e15c21981ac49215a26e435f30918b59c7b6fb415c88b03724d13655912568e6c65a16/8ba5addccacf4dc08f99ed62f3e16667.jpg","Jiangsu Huachang Chemical Co., Ltd."
"https://match-images.jublia.com/platform-image/prod/cbeb3b4cb76be9b5bfa1553b66a840fc71b368f94efdeead6df86d5945e15c21981ac49215a26e435f30918b59c7b6fb415c88b03724d13655912568e6c65a16/c1aee7a17aa74e0497321d8005220e69.jpg","F22","https://match-images.jublia.com/platform-image/prod/cbeb3b4cb76be9b5bfa1553b66a840fc71b368f94efdeead6df86d5945e15c21981ac49215a26e435f30918b59c7b6fb415c88b03724d13655912568e6c65a16/8ba5addccacf4dc08f99ed62f3e16667.jpg","Jiangsu Hualun Galaxy Chemical Commercial Holding Co., Ltd"
"https://match-images.jublia.com/platform-image/prod/cbeb3b4cb76be9b5bfa1553b66a840fc71b368f94efdeead6df86d5945e15c21981ac49215a26e435f30918b59c7b6fb415c88b03724d13655912568e6c65a16/c1aee7a17aa74e0497321d8005220e69.jpg","F52","https://match-images.jublia.com/platform-image/prod/cbeb3b4cb76be9b5bfa1553b66a840fc71b368f94efdeead6df86d5945e15c21981ac49215a26e435f30918b59c7b6fb415c88b03724d13655912568e6c65a16/8ba5addccacf4dc08f99ed62f3e16667.jpg","Jiangsu Shenlong Zinc Industry Co., Ltd."
"https://dmg-manual-live.s3.ap-south-1.amazonaws.com/Production/exb_doc/724/143857/11.jpg","A46","https://dmg-manual-live.s3.ap-south-1.amazonaws.com/Production/exb_doc/724/143857/thumb_724_APCS7243182_1969.png","JIANGSU TIANYIN CHEMICAL INDUSTRY CO.,LTD. (DYNAMIC)"
"https://dmg-manual-live.s3.ap-south-1.amazonaws.com/Production/exb_doc/724/143808/11.jpg","A10","https://dmg-manual-live.s3.ap-south-1.amazonaws.com/Production/exb_doc/724/143808/thumb_724_APCS7245618_5595.png","JIANGSU VERGINIA CONSRTUCTION MATERIALS CO.,LTD"
"https://match-images.jublia.com/platform-image/prod/cbeb3b4cb76be9b5bfa1553b66a840fc71b368f94efdeead6df86d5945e15c21981ac49215a26e435f30918b59c7b6fb415c88b03724d13655912568e6c65a16/c1aee7a17aa74e0497321d8005220e69.jpg","H51","https://match-images.jublia.com/platform-image/prod/cbeb3b4cb76be9b5bfa1553b66a840fc71b368f94efdeead6df86d5945e15c21981ac49215a26e435f30918b59c7b6fb415c88b03724d13655912568e6c65a16/8ba5addccacf4dc08f99ed62f3e16667.jpg","Jiangxi Baisheng Fine Chemicals Co., Ltd."
"https://match-images.jublia.com/platform-image/prod/cbeb3b4cb76be9b5bfa1553b66a840fc71b368f94efdeead6df86d5945e15c21981ac49215a26e435f30918b59c7b6fb415c88b03724d13655912568e6c65a16/c1aee7a17aa74e0497321d8005220e69.jpg","I40","https://match-images.jublia.com/platform-image/prod/cbeb3b4cb76be9b5bfa1553b66a840fc71b368f94efdeead6df86d5945e15c21981ac49215a26e435f30918b59c7b6fb415c88b03724d13655912568e6c65a16/8ba5addccacf4dc08f99ed62f3e16667.jpg","Jinan Maissen New Material Co., Ltd"
"https://match-images.jublia.com/platform-image/prod/cbeb3b4cb76be9b5bfa1553b66a840fc71b368f94efdeead6df86d5945e15c21981ac49215a26e435f30918b59c7b6fb415c88b03724d13655912568e6c65a16/c1aee7a17aa74e0497321d8005220e69.jpg","A21","https://dmg-manual-live.s3.ap-south-1.amazonaws.com/Production/exb_doc/724/138615/thumb_724_APCS7249548_6230.png","KEVIN DYES & CHEMICALS PRIVATE LIMITED"
"https://dmg-manual-live.s3.ap-south-1.amazonaws.com/Production/exb_doc/724/138969/Banner_1.jpg","C40","https://dmg-manual-live.s3.ap-south-1.amazonaws.com/Production/exb_doc/724/138969/thumb_724_APCS7248768_5552.png","Kolorjet Chemicals Private Limited"
"https://dmg-manual-live.s3.ap-south-1.amazonaws.com/Production/exb_doc/724/138591/logo_kusumoto_turtle12.png","A61","https://dmg-manual-live.s3.ap-south-1.amazonaws.com/Production/exb_doc/724/138591/thumb_724_APCS7244863_6352.png","Kusumoto Chemicals, Ltd."
"https://match-images.jublia.com/platform-image/prod/cbeb3b4cb76be9b5bfa1553b66a840fc71b368f94efdeead6df86d5945e15c21981ac49215a26e435f30918b59c7b6fb415c88b03724d13655912568e6c65a16/c1aee7a17aa74e0497321d8005220e69.jpg","Sponsor","https://match-images.jublia.com/platform-image/prod/cbeb3b4cb76be9b5bfa1553b66a840fc71b368f94efdeead6df86d5945e15c21981ac49215a26e435f30918b59c7b6fb415c88b03724d13655912568e6c65a16/8ba5addccacf4dc08f99ed62f3e16667.jpg","Lead Exposure Elimination Project, Inc."
"https://match-images.jublia.com/platform-image/prod/cbeb3b4cb76be9b5bfa1553b66a840fc71b368f94efdeead6df86d5945e15c21981ac49215a26e435f30918b59c7b6fb415c88b03724d13655912568e6c65a16/c1aee7a17aa74e0497321d8005220e69.jpg","F25","https://match-images.jublia.com/platform-image/prod/cbeb3b4cb76be9b5bfa1553b66a840fc71b368f94efdeead6df86d5945e15c21981ac49215a26e435f30918b59c7b6fb415c88b03724d13655912568e6c65a16/8ba5addccacf4dc08f99ed62f3e16667.jpg","LI & LI MECHANICAL (GUANGZHOU) CORPORATION"
"https://match-images.jublia.com/platform-image/prod/cbeb3b4cb76be9b5bfa1553b66a840fc71b368f94efdeead6df86d5945e15c21981ac49215a26e435f30918b59c7b6fb415c88b03724d13655912568e6c65a16/c1aee7a17aa74e0497321d8005220e69.jpg","I30","https://match-images.jublia.com/platform-image/prod/cbeb3b4cb76be9b5bfa1553b66a840fc71b368f94efdeead6df86d5945e15c21981ac49215a26e435f30918b59c7b6fb415c88b03724d13655912568e6c65a16/8ba5addccacf4dc08f99ed62f3e16667.jpg","Liaoning Xinda Talc Group Co Ltd"
"https://match-images.jublia.com/platform-image/prod/cbeb3b4cb76be9b5bfa1553b66a840fc71b368f94efdeead6df86d5945e15c21981ac49215a26e435f30918b59c7b6fb415c88b03724d13655912568e6c65a16/c1aee7a17aa74e0497321d8005220e69.jpg","B41","https://match-images.jublia.com/platform-image/prod/cbeb3b4cb76be9b5bfa1553b66a840fc71b368f94efdeead6df86d5945e15c21981ac49215a26e435f30918b59c7b6fb415c88b03724d13655912568e6c65a16/8ba5addccacf4dc08f99ed62f3e16667.jpg","Lily Group Co., Ltd."
"https://match-images.jublia.com/platform-image/prod/cbeb3b4cb76be9b5bfa1553b66a840fc71b368f94efdeead6df86d5945e15c21981ac49215a26e435f30918b59c7b6fb415c88b03724d13655912568e6c65a16/c1aee7a17aa74e0497321d8005220e69.jpg","D31","https://match-images.jublia.com/platform-image/prod/cbeb3b4cb76be9b5bfa1553b66a840fc71b368f94efdeead6df86d5945e15c21981ac49215a26e435f30918b59c7b6fb415c88b03724d13655912568e6c65a16/8ba5addccacf4dc08f99ed62f3e16667.jpg","Longly Group Co., Ltd."
"https://dmg-manual-live.s3.ap-south-1.amazonaws.com/Production/exb_doc/724/143709/Banner_APCS.png","E10","https://dmg-manual-live.s3.ap-south-1.amazonaws.com/Production/exb_doc/724/143709/thumb_724_APCS7241848_1352.png","Munzing Australia PTY LTD"
"https://match-images.jublia.com/platform-image/prod/cbeb3b4cb76be9b5bfa1553b66a840fc71b368f94efdeead6df86d5945e15c21981ac49215a26e435f30918b59c7b6fb415c88b03724d13655912568e6c65a16/c1aee7a17aa74e0497321d8005220e69.jpg","I32","https://match-images.jublia.com/platform-image/prod/cbeb3b4cb76be9b5bfa1553b66a840fc71b368f94efdeead6df86d5945e15c21981ac49215a26e435f30918b59c7b6fb415c88b03724d13655912568e6c65a16/8ba5addccacf4dc08f99ed62f3e16667.jpg","Nanjing Golden Chemical Co., Ltd"
"https://match-images.jublia.com/platform-image/prod/cbeb3b4cb76be9b5bfa1553b66a840fc71b368f94efdeead6df86d5945e15c21981ac49215a26e435f30918b59c7b6fb415c88b03724d13655912568e6c65a16/c1aee7a17aa74e0497321d8005220e69.jpg","F12","https://match-images.jublia.com/platform-image/prod/cbeb3b4cb76be9b5bfa1553b66a840fc71b368f94efdeead6df86d5945e15c21981ac49215a26e435f30918b59c7b6fb415c88b03724d13655912568e6c65a16/8ba5addccacf4dc08f99ed62f3e16667.jpg","Nanjing Tianshi New Material Technologies Co., Ltd"
"https://match-images.jublia.com/platform-image/prod/cbeb3b4cb76be9b5bfa1553b66a840fc71b368f94efdeead6df86d5945e15c21981ac49215a26e435f30918b59c7b6fb415c88b03724d13655912568e6c65a16/c1aee7a17aa74e0497321d8005220e69.jpg","G32","https://match-images.jublia.com/platform-image/prod/cbeb3b4cb76be9b5bfa1553b66a840fc71b368f94efdeead6df86d5945e15c21981ac49215a26e435f30918b59c7b6fb415c88b03724d13655912568e6c65a16/8ba5addccacf4dc08f99ed62f3e16667.jpg","Nanxiong Sanben Chemical Technology Co., Ltd."
"https://match-images.jublia.com/platform-image/prod/cbeb3b4cb76be9b5bfa1553b66a840fc71b368f94efdeead6df86d5945e15c21981ac49215a26e435f30918b59c7b6fb415c88b03724d13655912568e6c65a16/c1aee7a17aa74e0497321d8005220e69.jpg","H20","https://match-images.jublia.com/platform-image/prod/cbeb3b4cb76be9b5bfa1553b66a840fc71b368f94efdeead6df86d5945e15c21981ac49215a26e435f30918b59c7b6fb415c88b03724d13655912568e6c65a16/8ba5addccacf4dc08f99ed62f3e16667.jpg","NINGBO HILIN TEK CO., LTD."
"https://match-images.jublia.com/platform-image/prod/cbeb3b4cb76be9b5bfa1553b66a840fc71b368f94efdeead6df86d5945e15c21981ac49215a26e435f30918b59c7b6fb415c88b03724d13655912568e6c65a16/c1aee7a17aa74e0497321d8005220e69.jpg","G37","https://match-images.jublia.com/platform-image/prod/cbeb3b4cb76be9b5bfa1553b66a840fc71b368f94efdeead6df86d5945e15c21981ac49215a26e435f30918b59c7b6fb415c88b03724d13655912568e6c65a16/8ba5addccacf4dc08f99ed62f3e16667.jpg","Ningbo South Sea Chemical Co Ltd"
"https://dmg-manual-live.s3.ap-south-1.amazonaws.com/Production/exb_doc/724/138612/banner.png","Booth TBC,C61","https://dmg-manual-live.s3.ap-south-1.amazonaws.com/Production/exb_doc/724/138612/thumb_724_APCS7247243_8824.png","Nissei (Shanghai) International Trading"
"https://match-images.jublia.com/platform-image/prod/cbeb3b4cb76be9b5bfa1553b66a840fc71b368f94efdeead6df86d5945e15c21981ac49215a26e435f30918b59c7b6fb415c88b03724d13655912568e6c65a16/c1aee7a17aa74e0497321d8005220e69.jpg","I50","https://match-images.jublia.com/platform-image/prod/cbeb3b4cb76be9b5bfa1553b66a840fc71b368f94efdeead6df86d5945e15c21981ac49215a26e435f30918b59c7b6fb415c88b03724d13655912568e6c65a16/8ba5addccacf4dc08f99ed62f3e16667.jpg","Panzhihua Darui Techtrology Co., LTD"
"https://match-images.jublia.com/platform-image/prod/cbeb3b4cb76be9b5bfa1553b66a840fc71b368f94efdeead6df86d5945e15c21981ac49215a26e435f30918b59c7b6fb415c88b03724d13655912568e6c65a16/c1aee7a17aa74e0497321d8005220e69.jpg","F42","https://match-images.jublia.com/platform-image/prod/cbeb3b4cb76be9b5bfa1553b66a840fc71b368f94efdeead6df86d5945e15c21981ac49215a26e435f30918b59c7b6fb415c88b03724d13655912568e6c65a16/8ba5addccacf4dc08f99ed62f3e16667.jpg","Panzhihua Dongfang Titanium Industry Co., Ltd."
"https://match-images.jublia.com/platform-image/prod/cbeb3b4cb76be9b5bfa1553b66a840fc71b368f94efdeead6df86d5945e15c21981ac49215a26e435f30918b59c7b6fb415c88b03724d13655912568e6c65a16/c1aee7a17aa74e0497321d8005220e69.jpg","E50","https://dmg-manual-live.s3.ap-south-1.amazonaws.com/Production/exb_doc/724/138602/thumb_724_APCS7249618_9506.png","PRASOL CHEMICALS LTD"
"https://match-images.jublia.com/platform-image/prod/cbeb3b4cb76be9b5bfa1553b66a840fc71b368f94efdeead6df86d5945e15c21981ac49215a26e435f30918b59c7b6fb415c88b03724d13655912568e6c65a16/c1aee7a17aa74e0497321d8005220e69.jpg","E10","https://match-images.jublia.com/platform-image/prod/cbeb3b4cb76be9b5bfa1553b66a840fc71b368f94efdeead6df86d5945e15c21981ac49215a26e435f30918b59c7b6fb415c88b03724d13655912568e6c65a16/8ba5addccacf4dc08f99ed62f3e16667.jpg","PT Beruangmas Multikimia"
"https://match-images.jublia.com/platform-image/prod/cbeb3b4cb76be9b5bfa1553b66a840fc71b368f94efdeead6df86d5945e15c21981ac49215a26e435f30918b59c7b6fb415c88b03724d13655912568e6c65a16/c1aee7a17aa74e0497321d8005220e69.jpg","B19","https://dmg-manual-live.s3.ap-south-1.amazonaws.com/Production/exb_doc/724/140881/thumb_724_APCS7246610_7090.png","PT. Buhler Indonesia"
"https://dmg-manual-live.s3.ap-south-1.amazonaws.com/Production/exb_doc/724/138596/123.png","E30","https://dmg-manual-live.s3.ap-south-1.amazonaws.com/Production/exb_doc/724/138596/thumb_724_APCS7243620_3177.png","PT Datacolor Solutions Indonesia"
"https://match-images.jublia.com/platform-image/prod/cbeb3b4cb76be9b5bfa1553b66a840fc71b368f94efdeead6df86d5945e15c21981ac49215a26e435f30918b59c7b6fb415c88b03724d13655912568e6c65a16/c1aee7a17aa74e0497321d8005220e69.jpg","H25","https://dmg-manual-live.s3.ap-south-1.amazonaws.com/Production/exb_doc/724/140087/thumb_724_APCS7245999_7291.png","PT DOVER CHEMICAL"
"https://dmg-manual-live.s3.ap-south-1.amazonaws.com/Production/exb_doc/724/138604/Logo.png","F35","https://dmg-manual-live.s3.ap-south-1.amazonaws.com/Production/exb_doc/724/138604/thumb_724_APCS7249484_7289.png","PT Duanning Chemical Trading"
"https://dmg-manual-live.s3.ap-south-1.amazonaws.com/Production/exb_doc/724/138605/PT__HYDRO_SOLUTION_NUSANTARA.png","C06","https://dmg-manual-live.s3.ap-south-1.amazonaws.com/Production/exb_doc/724/138605/thumb_724_APCS7243944_3593.png","PT HYDRO SOLUTION NUSANTARA"
"https://match-images.jublia.com/platform-image/prod/cbeb3b4cb76be9b5bfa1553b66a840fc71b368f94efdeead6df86d5945e15c21981ac49215a26e435f30918b59c7b6fb415c88b03724d13655912568e6c65a16/c1aee7a17aa74e0497321d8005220e69.jpg","C51","https://match-images.jublia.com/platform-image/prod/cbeb3b4cb76be9b5bfa1553b66a840fc71b368f94efdeead6df86d5945e15c21981ac49215a26e435f30918b59c7b6fb415c88b03724d13655912568e6c65a16/8ba5addccacf4dc08f99ed62f3e16667.jpg","PT Tawazon Chemical Indonesia"
"https://dmg-manual-live.s3.ap-south-1.amazonaws.com/Production/exb_doc/724/140423/Screenshot_2026-07-27_140211.png","C29","https://dmg-manual-live.s3.ap-south-1.amazonaws.com/Production/exb_doc/724/140423/thumb_724_APCS7243986_2666.png","PT Teko Tinting And Engineering"
"https://match-images.jublia.com/platform-image/prod/cbeb3b4cb76be9b5bfa1553b66a840fc71b368f94efdeead6df86d5945e15c21981ac49215a26e435f30918b59c7b6fb415c88b03724d13655912568e6c65a16/c1aee7a17aa74e0497321d8005220e69.jpg","F61","https://dmg-manual-live.s3.ap-south-1.amazonaws.com/Production/exb_doc/724/138598/thumb_724_APCS7247547_4218.png","PT. Tynox Jaya Indonesia"
"https://match-images.jublia.com/platform-image/prod/cbeb3b4cb76be9b5bfa1553b66a840fc71b368f94efdeead6df86d5945e15c21981ac49215a26e435f30918b59c7b6fb415c88b03724d13655912568e6c65a16/c1aee7a17aa74e0497321d8005220e69.jpg","A31","https://match-images.jublia.com/platform-image/prod/cbeb3b4cb76be9b5bfa1553b66a840fc71b368f94efdeead6df86d5945e15c21981ac49215a26e435f30918b59c7b6fb415c88b03724d13655912568e6c65a16/8ba5addccacf4dc08f99ed62f3e16667.jpg","PT. WWRC Indonesia"
"https://match-images.jublia.com/platform-image/prod/cbeb3b4cb76be9b5bfa1553b66a840fc71b368f94efdeead6df86d5945e15c21981ac49215a26e435f30918b59c7b6fb415c88b03724d13655912568e6c65a16/c1aee7a17aa74e0497321d8005220e69.jpg","I12","https://match-images.jublia.com/platform-image/prod/cbeb3b4cb76be9b5bfa1553b66a840fc71b368f94efdeead6df86d5945e15c21981ac49215a26e435f30918b59c7b6fb415c88b03724d13655912568e6c65a16/8ba5addccacf4dc08f99ed62f3e16667.jpg","PURIT"
"https://dmg-manual-live.s3.ap-south-1.amazonaws.com/Production/exb_doc/724/143873/11.jpg","C52","https://dmg-manual-live.s3.ap-south-1.amazonaws.com/Production/exb_doc/724/143873/thumb_724_APCS7247337_8291.png","Pushen Testing Instruments (Shanghai) Co., Ltd."
"https://match-images.jublia.com/platform-image/prod/cbeb3b4cb76be9b5bfa1553b66a840fc71b368f94efdeead6df86d5945e15c21981ac49215a26e435f30918b59c7b6fb415c88b03724d13655912568e6c65a16/c1aee7a17aa74e0497321d8005220e69.jpg","H42","https://match-images.jublia.com/platform-image/prod/cbeb3b4cb76be9b5bfa1553b66a840fc71b368f94efdeead6df86d5945e15c21981ac49215a26e435f30918b59c7b6fb415c88b03724d13655912568e6c65a16/8ba5addccacf4dc08f99ed62f3e16667.jpg","Qianjiang Fangyuan Titanium Industry Co., Ltd."
"https://dmg-manual-live.s3.ap-south-1.amazonaws.com/Production/exb_doc/724/143860/11.jpg","B55","https://dmg-manual-live.s3.ap-south-1.amazonaws.com/Production/exb_doc/724/143860/thumb_724_APCS7242677_5188.png","Qingdao Cheingarchem Import And Export Co., Ltd."
"https://dmg-manual-live.s3.ap-south-1.amazonaws.com/Production/exb_doc/724/143856/11.jpg","B11","https://dmg-manual-live.s3.ap-south-1.amazonaws.com/Production/exb_doc/724/143856/thumb_724_APCS7249883_3920.png","Qingdao Eastsun New Materials"
"https://match-images.jublia.com/platform-image/prod/cbeb3b4cb76be9b5bfa1553b66a840fc71b368f94efdeead6df86d5945e15c21981ac49215a26e435f30918b59c7b6fb415c88b03724d13655912568e6c65a16/c1aee7a17aa74e0497321d8005220e69.jpg","E21","https://match-images.jublia.com/platform-image/prod/cbeb3b4cb76be9b5bfa1553b66a840fc71b368f94efdeead6df86d5945e15c21981ac49215a26e435f30918b59c7b6fb415c88b03724d13655912568e6c65a16/8ba5addccacf4dc08f99ed62f3e16667.jpg","Retachem Anqing Co., Ltd."
"https://match-images.jublia.com/platform-image/prod/cbeb3b4cb76be9b5bfa1553b66a840fc71b368f94efdeead6df86d5945e15c21981ac49215a26e435f30918b59c7b6fb415c88b03724d13655912568e6c65a16/c1aee7a17aa74e0497321d8005220e69.jpg","E43","https://match-images.jublia.com/platform-image/prod/cbeb3b4cb76be9b5bfa1553b66a840fc71b368f94efdeead6df86d5945e15c21981ac49215a26e435f30918b59c7b6fb415c88b03724d13655912568e6c65a16/8ba5addccacf4dc08f99ed62f3e16667.jpg","Runtai Chemical (Taixing) Co., Ltd."
"https://match-images.jublia.com/platform-image/prod/cbeb3b4cb76be9b5bfa1553b66a840fc71b368f94efdeead6df86d5945e15c21981ac49215a26e435f30918b59c7b6fb415c88b03724d13655912568e6c65a16/c1aee7a17aa74e0497321d8005220e69.jpg","F47","https://match-images.jublia.com/platform-image/prod/cbeb3b4cb76be9b5bfa1553b66a840fc71b368f94efdeead6df86d5945e15c21981ac49215a26e435f30918b59c7b6fb415c88b03724d13655912568e6c65a16/8ba5addccacf4dc08f99ed62f3e16667.jpg","Sailing International Trading Co., Ltd."
"https://match-images.jublia.com/platform-image/prod/cbeb3b4cb76be9b5bfa1553b66a840fc71b368f94efdeead6df86d5945e15c21981ac49215a26e435f30918b59c7b6fb415c88b03724d13655912568e6c65a16/c1aee7a17aa74e0497321d8005220e69.jpg","G11","https://dmg-manual-live.s3.ap-south-1.amazonaws.com/Production/exb_doc/724/142758/thumb_724_APCS7244965_5777.png","Serena Chemicals"
"https://match-images.jublia.com/platform-image/prod/cbeb3b4cb76be9b5bfa1553b66a840fc71b368f94efdeead6df86d5945e15c21981ac49215a26e435f30918b59c7b6fb415c88b03724d13655912568e6c65a16/c1aee7a17aa74e0497321d8005220e69.jpg","D30","https://match-images.jublia.com/platform-image/prod/cbeb3b4cb76be9b5bfa1553b66a840fc71b368f94efdeead6df86d5945e15c21981ac49215a26e435f30918b59c7b6fb415c88b03724d13655912568e6c65a16/8ba5addccacf4dc08f99ed62f3e16667.jpg","Shandong Landu New Material Co., Ltd."
"https://match-images.jublia.com/platform-image/prod/cbeb3b4cb76be9b5bfa1553b66a840fc71b368f94efdeead6df86d5945e15c21981ac49215a26e435f30918b59c7b6fb415c88b03724d13655912568e6c65a16/c1aee7a17aa74e0497321d8005220e69.jpg","H40","https://match-images.jublia.com/platform-image/prod/cbeb3b4cb76be9b5bfa1553b66a840fc71b368f94efdeead6df86d5945e15c21981ac49215a26e435f30918b59c7b6fb415c88b03724d13655912568e6c65a16/8ba5addccacf4dc08f99ed62f3e16667.jpg","Shandong Shengshi Guohua New Materials Co., Ltd."
"https://match-images.jublia.com/platform-image/prod/cbeb3b4cb76be9b5bfa1553b66a840fc71b368f94efdeead6df86d5945e15c21981ac49215a26e435f30918b59c7b6fb415c88b03724d13655912568e6c65a16/c1aee7a17aa74e0497321d8005220e69.jpg","H52","https://match-images.jublia.com/platform-image/prod/cbeb3b4cb76be9b5bfa1553b66a840fc71b368f94efdeead6df86d5945e15c21981ac49215a26e435f30918b59c7b6fb415c88b03724d13655912568e6c65a16/8ba5addccacf4dc08f99ed62f3e16667.jpg","Shandong Xianghai Titanium Co., Ltd"
"https://dmg-manual-live.s3.ap-south-1.amazonaws.com/Production/exb_doc/724/143864/11.jpg","B69","https://dmg-manual-live.s3.ap-south-1.amazonaws.com/Production/exb_doc/724/143864/thumb_724_APCS7246941_1362.png","Shanghai Aorun Group Co., Ltd."
"https://match-images.jublia.com/platform-image/prod/cbeb3b4cb76be9b5bfa1553b66a840fc71b368f94efdeead6df86d5945e15c21981ac49215a26e435f30918b59c7b6fb415c88b03724d13655912568e6c65a16/c1aee7a17aa74e0497321d8005220e69.jpg","F31","https://match-images.jublia.com/platform-image/prod/cbeb3b4cb76be9b5bfa1553b66a840fc71b368f94efdeead6df86d5945e15c21981ac49215a26e435f30918b59c7b6fb415c88b03724d13655912568e6c65a16/8ba5addccacf4dc08f99ed62f3e16667.jpg","Shanghai Eazee New Material Company Limited"
"https://match-images.jublia.com/platform-image/prod/cbeb3b4cb76be9b5bfa1553b66a840fc71b368f94efdeead6df86d5945e15c21981ac49215a26e435f30918b59c7b6fb415c88b03724d13655912568e6c65a16/c1aee7a17aa74e0497321d8005220e69.jpg","C11","https://match-images.jublia.com/platform-image/prod/cbeb3b4cb76be9b5bfa1553b66a840fc71b368f94efdeead6df86d5945e15c21981ac49215a26e435f30918b59c7b6fb415c88b03724d13655912568e6c65a16/8ba5addccacf4dc08f99ed62f3e16667.jpg","Shanghai ELE Mechanical & Electrical Equipment Co., Ltd."
"https://match-images.jublia.com/platform-image/prod/cbeb3b4cb76be9b5bfa1553b66a840fc71b368f94efdeead6df86d5945e15c21981ac49215a26e435f30918b59c7b6fb415c88b03724d13655912568e6c65a16/c1aee7a17aa74e0497321d8005220e69.jpg","F32","https://match-images.jublia.com/platform-image/prod/cbeb3b4cb76be9b5bfa1553b66a840fc71b368f94efdeead6df86d5945e15c21981ac49215a26e435f30918b59c7b6fb415c88b03724d13655912568e6c65a16/8ba5addccacf4dc08f99ed62f3e16667.jpg","Shanghai Golden Success International Trade Co., Ltd."
"https://match-images.jublia.com/platform-image/prod/cbeb3b4cb76be9b5bfa1553b66a840fc71b368f94efdeead6df86d5945e15c21981ac49215a26e435f30918b59c7b6fb415c88b03724d13655912568e6c65a16/c1aee7a17aa74e0497321d8005220e69.jpg","H50","https://match-images.jublia.com/platform-image/prod/cbeb3b4cb76be9b5bfa1553b66a840fc71b368f94efdeead6df86d5945e15c21981ac49215a26e435f30918b59c7b6fb415c88b03724d13655912568e6c65a16/8ba5addccacf4dc08f99ed62f3e16667.jpg","Shanghai Huayi Fine Chemical Co., Ltd."
"https://dmg-manual-live.s3.ap-south-1.amazonaws.com/Production/exb_doc/724/143861/11.jpg","B65","https://dmg-manual-live.s3.ap-south-1.amazonaws.com/Production/exb_doc/724/143861/thumb_724_APCS7247899_1031.png","Shanghai Hy-Sailing Chemical Tech. Co., Ltd."
"https://match-images.jublia.com/platform-image/prod/cbeb3b4cb76be9b5bfa1553b66a840fc71b368f94efdeead6df86d5945e15c21981ac49215a26e435f30918b59c7b6fb415c88b03724d13655912568e6c65a16/c1aee7a17aa74e0497321d8005220e69.jpg","D40","https://match-images.jublia.com/platform-image/prod/cbeb3b4cb76be9b5bfa1553b66a840fc71b368f94efdeead6df86d5945e15c21981ac49215a26e435f30918b59c7b6fb415c88b03724d13655912568e6c65a16/8ba5addccacf4dc08f99ed62f3e16667.jpg","Shanghai Jiuta Chemical Co.,Ltd"
"https://match-images.jublia.com/platform-image/prod/cbeb3b4cb76be9b5bfa1553b66a840fc71b368f94efdeead6df86d5945e15c21981ac49215a26e435f30918b59c7b6fb415c88b03724d13655912568e6c65a16/c1aee7a17aa74e0497321d8005220e69.jpg","F30","https://match-images.jublia.com/platform-image/prod/cbeb3b4cb76be9b5bfa1553b66a840fc71b368f94efdeead6df86d5945e15c21981ac49215a26e435f30918b59c7b6fb415c88b03724d13655912568e6c65a16/8ba5addccacf4dc08f99ed62f3e16667.jpg","Shanghai Kastar Chemical Co., Ltd."
"https://match-images.jublia.com/platform-image/prod/cbeb3b4cb76be9b5bfa1553b66a840fc71b368f94efdeead6df86d5945e15c21981ac49215a26e435f30918b59c7b6fb415c88b03724d13655912568e6c65a16/c1aee7a17aa74e0497321d8005220e69.jpg","G22","https://match-images.jublia.com/platform-image/prod/cbeb3b4cb76be9b5bfa1553b66a840fc71b368f94efdeead6df86d5945e15c21981ac49215a26e435f30918b59c7b6fb415c88b03724d13655912568e6c65a16/8ba5addccacf4dc08f99ed62f3e16667.jpg","Shanghai Linwei New Materials Co., Ltd"
"https://match-images.jublia.com/platform-image/prod/cbeb3b4cb76be9b5bfa1553b66a840fc71b368f94efdeead6df86d5945e15c21981ac49215a26e435f30918b59c7b6fb415c88b03724d13655912568e6c65a16/c1aee7a17aa74e0497321d8005220e69.jpg","H17","https://match-images.jublia.com/platform-image/prod/cbeb3b4cb76be9b5bfa1553b66a840fc71b368f94efdeead6df86d5945e15c21981ac49215a26e435f30918b59c7b6fb415c88b03724d13655912568e6c65a16/8ba5addccacf4dc08f99ed62f3e16667.jpg","Shanghai Real Color Industrial Co., Ltd."
"https://match-images.jublia.com/platform-image/prod/cbeb3b4cb76be9b5bfa1553b66a840fc71b368f94efdeead6df86d5945e15c21981ac49215a26e435f30918b59c7b6fb415c88b03724d13655912568e6c65a16/c1aee7a17aa74e0497321d8005220e69.jpg","C10","https://match-images.jublia.com/platform-image/prod/cbeb3b4cb76be9b5bfa1553b66a840fc71b368f94efdeead6df86d5945e15c21981ac49215a26e435f30918b59c7b6fb415c88b03724d13655912568e6c65a16/8ba5addccacf4dc08f99ed62f3e16667.jpg","Shanghai Rucca Precision Equipment Co., Ltd."
"https://match-images.jublia.com/platform-image/prod/cbeb3b4cb76be9b5bfa1553b66a840fc71b368f94efdeead6df86d5945e15c21981ac49215a26e435f30918b59c7b6fb415c88b03724d13655912568e6c65a16/c1aee7a17aa74e0497321d8005220e69.jpg","E42","https://match-images.jublia.com/platform-image/prod/cbeb3b4cb76be9b5bfa1553b66a840fc71b368f94efdeead6df86d5945e15c21981ac49215a26e435f30918b59c7b6fb415c88b03724d13655912568e6c65a16/8ba5addccacf4dc08f99ed62f3e16667.jpg","Shanghai Shinray Biotech Co.,Ltd"
"https://match-images.jublia.com/platform-image/prod/cbeb3b4cb76be9b5bfa1553b66a840fc71b368f94efdeead6df86d5945e15c21981ac49215a26e435f30918b59c7b6fb415c88b03724d13655912568e6c65a16/c1aee7a17aa74e0497321d8005220e69.jpg","A40","https://dmg-manual-live.s3.ap-south-1.amazonaws.com/Production/exb_doc/724/138590/thumb_724_APCS7241804_2401.png","Shanghai Sower Mechanical & Electrical Equipment Co., Ltd."
"https://match-images.jublia.com/platform-image/prod/cbeb3b4cb76be9b5bfa1553b66a840fc71b368f94efdeead6df86d5945e15c21981ac49215a26e435f30918b59c7b6fb415c88b03724d13655912568e6c65a16/c1aee7a17aa74e0497321d8005220e69.jpg","E45","https://match-images.jublia.com/platform-image/prod/cbeb3b4cb76be9b5bfa1553b66a840fc71b368f94efdeead6df86d5945e15c21981ac49215a26e435f30918b59c7b6fb415c88b03724d13655912568e6c65a16/8ba5addccacf4dc08f99ed62f3e16667.jpg","Shanghai Titanos Industry Co.,Ltd"
"https://match-images.jublia.com/platform-image/prod/cbeb3b4cb76be9b5bfa1553b66a840fc71b368f94efdeead6df86d5945e15c21981ac49215a26e435f30918b59c7b6fb415c88b03724d13655912568e6c65a16/c1aee7a17aa74e0497321d8005220e69.jpg","E25","https://match-images.jublia.com/platform-image/prod/cbeb3b4cb76be9b5bfa1553b66a840fc71b368f94efdeead6df86d5945e15c21981ac49215a26e435f30918b59c7b6fb415c88b03724d13655912568e6c65a16/8ba5addccacf4dc08f99ed62f3e16667.jpg","Shanghai Tongs Science & Technology Co., Ltd"
"https://match-images.jublia.com/platform-image/prod/cbeb3b4cb76be9b5bfa1553b66a840fc71b368f94efdeead6df86d5945e15c21981ac49215a26e435f30918b59c7b6fb415c88b03724d13655912568e6c65a16/c1aee7a17aa74e0497321d8005220e69.jpg","H27","https://match-images.jublia.com/platform-image/prod/cbeb3b4cb76be9b5bfa1553b66a840fc71b368f94efdeead6df86d5945e15c21981ac49215a26e435f30918b59c7b6fb415c88b03724d13655912568e6c65a16/8ba5addccacf4dc08f99ed62f3e16667.jpg","Shijiazhuang Runhe Chemical Co., Ltd"
"https://match-images.jublia.com/platform-image/prod/cbeb3b4cb76be9b5bfa1553b66a840fc71b368f94efdeead6df86d5945e15c21981ac49215a26e435f30918b59c7b6fb415c88b03724d13655912568e6c65a16/c1aee7a17aa74e0497321d8005220e69.jpg","G25","https://match-images.jublia.com/platform-image/prod/cbeb3b4cb76be9b5bfa1553b66a840fc71b368f94efdeead6df86d5945e15c21981ac49215a26e435f30918b59c7b6fb415c88b03724d13655912568e6c65a16/8ba5addccacf4dc08f99ed62f3e16667.jpg","SHIN YANG TIC CO., LTD"
"https://match-images.jublia.com/platform-image/prod/cbeb3b4cb76be9b5bfa1553b66a840fc71b368f94efdeead6df86d5945e15c21981ac49215a26e435f30918b59c7b6fb415c88b03724d13655912568e6c65a16/c1aee7a17aa74e0497321d8005220e69.jpg","Booth TBC,H41","https://match-images.jublia.com/platform-image/prod/cbeb3b4cb76be9b5bfa1553b66a840fc71b368f94efdeead6df86d5945e15c21981ac49215a26e435f30918b59c7b6fb415c88b03724d13655912568e6c65a16/8ba5addccacf4dc08f99ed62f3e16667.jpg","SIAM"
"https://match-images.jublia.com/platform-image/prod/cbeb3b4cb76be9b5bfa1553b66a840fc71b368f94efdeead6df86d5945e15c21981ac49215a26e435f30918b59c7b6fb415c88b03724d13655912568e6c65a16/c1aee7a17aa74e0497321d8005220e69.jpg","G63","https://match-images.jublia.com/platform-image/prod/cbeb3b4cb76be9b5bfa1553b66a840fc71b368f94efdeead6df86d5945e15c21981ac49215a26e435f30918b59c7b6fb415c88b03724d13655912568e6c65a16/8ba5addccacf4dc08f99ed62f3e16667.jpg","Spring Green Corporton"
"https://dmg-manual-live.s3.ap-south-1.amazonaws.com/Production/exb_doc/724/138613/Exhibition_web_banner.png","Booth TBC,D53","https://dmg-manual-live.s3.ap-south-1.amazonaws.com/Production/exb_doc/724/138613/thumb_724_APCS7244677_9724.png","Sprint Polylabs L.L.C-FZ"
"https://match-images.jublia.com/platform-image/prod/cbeb3b4cb76be9b5bfa1553b66a840fc71b368f94efdeead6df86d5945e15c21981ac49215a26e435f30918b59c7b6fb415c88b03724d13655912568e6c65a16/c1aee7a17aa74e0497321d8005220e69.jpg","H10","https://match-images.jublia.com/platform-image/prod/cbeb3b4cb76be9b5bfa1553b66a840fc71b368f94efdeead6df86d5945e15c21981ac49215a26e435f30918b59c7b6fb415c88b03724d13655912568e6c65a16/8ba5addccacf4dc08f99ed62f3e16667.jpg","STANDAGE"
"https://dmg-manual-live.s3.ap-south-1.amazonaws.com/Production/exb_doc/724/143876/11.jpg","E11","https://dmg-manual-live.s3.ap-south-1.amazonaws.com/Production/exb_doc/724/143876/thumb_724_APCS7243878_3191.png","Suzhou Sunmun Technology Co Ltd"
"https://match-images.jublia.com/platform-image/prod/cbeb3b4cb76be9b5bfa1553b66a840fc71b368f94efdeead6df86d5945e15c21981ac49215a26e435f30918b59c7b6fb415c88b03724d13655912568e6c65a16/c1aee7a17aa74e0497321d8005220e69.jpg","F20","https://match-images.jublia.com/platform-image/prod/cbeb3b4cb76be9b5bfa1553b66a840fc71b368f94efdeead6df86d5945e15c21981ac49215a26e435f30918b59c7b6fb415c88b03724d13655912568e6c65a16/8ba5addccacf4dc08f99ed62f3e16667.jpg","SYNORM CHEMICAL CO., LTD."
"https://match-images.jublia.com/platform-image/prod/cbeb3b4cb76be9b5bfa1553b66a840fc71b368f94efdeead6df86d5945e15c21981ac49215a26e435f30918b59c7b6fb415c88b03724d13655912568e6c65a16/c1aee7a17aa74e0497321d8005220e69.jpg","E13","https://match-images.jublia.com/platform-image/prod/cbeb3b4cb76be9b5bfa1553b66a840fc71b368f94efdeead6df86d5945e15c21981ac49215a26e435f30918b59c7b6fb415c88b03724d13655912568e6c65a16/8ba5addccacf4dc08f99ed62f3e16667.jpg","Tech-Power (Huangshan) Ltd"
"https://dmg-manual-live.s3.ap-south-1.amazonaws.com/Production/exb_doc/724/143872/11.jpg","C50","https://dmg-manual-live.s3.ap-south-1.amazonaws.com/Production/exb_doc/724/143872/thumb_724_APCS7245084_2512.png","Tianpu Chemicals Company Limited"
"https://match-images.jublia.com/platform-image/prod/cbeb3b4cb76be9b5bfa1553b66a840fc71b368f94efdeead6df86d5945e15c21981ac49215a26e435f30918b59c7b6fb415c88b03724d13655912568e6c65a16/c1aee7a17aa74e0497321d8005220e69.jpg","C31","https://match-images.jublia.com/platform-image/prod/cbeb3b4cb76be9b5bfa1553b66a840fc71b368f94efdeead6df86d5945e15c21981ac49215a26e435f30918b59c7b6fb415c88b03724d13655912568e6c65a16/8ba5addccacf4dc08f99ed62f3e16667.jpg","Tinergy Chemical Co., Ltd"
"https://match-images.jublia.com/platform-image/prod/cbeb3b4cb76be9b5bfa1553b66a840fc71b368f94efdeead6df86d5945e15c21981ac49215a26e435f30918b59c7b6fb415c88b03724d13655912568e6c65a16/c1aee7a17aa74e0497321d8005220e69.jpg","D21","https://match-images.jublia.com/platform-image/prod/cbeb3b4cb76be9b5bfa1553b66a840fc71b368f94efdeead6df86d5945e15c21981ac49215a26e435f30918b59c7b6fb415c88b03724d13655912568e6c65a16/8ba5addccacf4dc08f99ed62f3e16667.jpg","Transfar Zhilian Co., Ltd."
"https://match-images.jublia.com/platform-image/prod/cbeb3b4cb76be9b5bfa1553b66a840fc71b368f94efdeead6df86d5945e15c21981ac49215a26e435f30918b59c7b6fb415c88b03724d13655912568e6c65a16/c1aee7a17aa74e0497321d8005220e69.jpg","E17","https://match-images.jublia.com/platform-image/prod/cbeb3b4cb76be9b5bfa1553b66a840fc71b368f94efdeead6df86d5945e15c21981ac49215a26e435f30918b59c7b6fb415c88b03724d13655912568e6c65a16/8ba5addccacf4dc08f99ed62f3e16667.jpg","Tripletchem Co., Ltd"
"https://match-images.jublia.com/platform-image/prod/cbeb3b4cb76be9b5bfa1553b66a840fc71b368f94efdeead6df86d5945e15c21981ac49215a26e435f30918b59c7b6fb415c88b03724d13655912568e6c65a16/c1aee7a17aa74e0497321d8005220e69.jpg","G17","https://match-images.jublia.com/platform-image/prod/cbeb3b4cb76be9b5bfa1553b66a840fc71b368f94efdeead6df86d5945e15c21981ac49215a26e435f30918b59c7b6fb415c88b03724d13655912568e6c65a16/8ba5addccacf4dc08f99ed62f3e16667.jpg","Troy Chemical Corporation"
"https://dmg-manual-live.s3.ap-south-1.amazonaws.com/Production/exb_doc/724/143865/11.jpg","C20","https://dmg-manual-live.s3.ap-south-1.amazonaws.com/Production/exb_doc/724/143865/thumb_724_APCS7243521_7047.png","Trust Chem Co., Ltd"
"https://match-images.jublia.com/platform-image/prod/cbeb3b4cb76be9b5bfa1553b66a840fc71b368f94efdeead6df86d5945e15c21981ac49215a26e435f30918b59c7b6fb415c88b03724d13655912568e6c65a16/c1aee7a17aa74e0497321d8005220e69.jpg","G33","https://dmg-manual-live.s3.ap-south-1.amazonaws.com/Production/exb_doc/724/138597/thumb_724_APCS7244396_5492.png","Uncountable Inc."
"https://dmg-manual-live.s3.ap-south-1.amazonaws.com/Production/exb_doc/724/143855/11.jpg","B08","https://dmg-manual-live.s3.ap-south-1.amazonaws.com/Production/exb_doc/724/143855/thumb_724_APCS7246766_5153.png","UNICOLOR MATERIAL CO., LTD."
"https://match-images.jublia.com/platform-image/prod/cbeb3b4cb76be9b5bfa1553b66a840fc71b368f94efdeead6df86d5945e15c21981ac49215a26e435f30918b59c7b6fb415c88b03724d13655912568e6c65a16/c1aee7a17aa74e0497321d8005220e69.jpg","B21","https://dmg-manual-live.s3.ap-south-1.amazonaws.com/Production/exb_doc/724/138594/thumb_724_APCS7247471_9755.png","WAB-GROUP®"
"https://match-images.jublia.com/platform-image/prod/cbeb3b4cb76be9b5bfa1553b66a840fc71b368f94efdeead6df86d5945e15c21981ac49215a26e435f30918b59c7b6fb415c88b03724d13655912568e6c65a16/c1aee7a17aa74e0497321d8005220e69.jpg","A11","https://match-images.jublia.com/platform-image/prod/cbeb3b4cb76be9b5bfa1553b66a840fc71b368f94efdeead6df86d5945e15c21981ac49215a26e435f30918b59c7b6fb415c88b03724d13655912568e6c65a16/8ba5addccacf4dc08f99ed62f3e16667.jpg","Wanhua Chemical Group Co., Ltd."
"https://match-images.jublia.com/platform-image/prod/cbeb3b4cb76be9b5bfa1553b66a840fc71b368f94efdeead6df86d5945e15c21981ac49215a26e435f30918b59c7b6fb415c88b03724d13655912568e6c65a16/c1aee7a17aa74e0497321d8005220e69.jpg","G50","https://match-images.jublia.com/platform-image/prod/cbeb3b4cb76be9b5bfa1553b66a840fc71b368f94efdeead6df86d5945e15c21981ac49215a26e435f30918b59c7b6fb415c88b03724d13655912568e6c65a16/8ba5addccacf4dc08f99ed62f3e16667.jpg","Winbond Materials Co., Ltd"
"https://match-images.jublia.com/platform-image/prod/cbeb3b4cb76be9b5bfa1553b66a840fc71b368f94efdeead6df86d5945e15c21981ac49215a26e435f30918b59c7b6fb415c88b03724d13655912568e6c65a16/c1aee7a17aa74e0497321d8005220e69.jpg","H13","https://match-images.jublia.com/platform-image/prod/cbeb3b4cb76be9b5bfa1553b66a840fc71b368f94efdeead6df86d5945e15c21981ac49215a26e435f30918b59c7b6fb415c88b03724d13655912568e6c65a16/8ba5addccacf4dc08f99ed62f3e16667.jpg","Wuhan Honrel Chemical Technology Co., Ltd."
"https://match-images.jublia.com/platform-image/prod/cbeb3b4cb76be9b5bfa1553b66a840fc71b368f94efdeead6df86d5945e15c21981ac49215a26e435f30918b59c7b6fb415c88b03724d13655912568e6c65a16/c1aee7a17aa74e0497321d8005220e69.jpg","D11","https://match-images.jublia.com/platform-image/prod/cbeb3b4cb76be9b5bfa1553b66a840fc71b368f94efdeead6df86d5945e15c21981ac49215a26e435f30918b59c7b6fb415c88b03724d13655912568e6c65a16/8ba5addccacf4dc08f99ed62f3e16667.jpg","Wuhu Loman Titanium Industrial Co., Ltd."
"https://match-images.jublia.com/platform-image/prod/cbeb3b4cb76be9b5bfa1553b66a840fc71b368f94efdeead6df86d5945e15c21981ac49215a26e435f30918b59c7b6fb415c88b03724d13655912568e6c65a16/c1aee7a17aa74e0497321d8005220e69.jpg","F50","https://match-images.jublia.com/platform-image/prod/cbeb3b4cb76be9b5bfa1553b66a840fc71b368f94efdeead6df86d5945e15c21981ac49215a26e435f30918b59c7b6fb415c88b03724d13655912568e6c65a16/8ba5addccacf4dc08f99ed62f3e16667.jpg","Wuxi Jiangmao Chemical Trade Co., Ltd."
"https://match-images.jublia.com/platform-image/prod/cbeb3b4cb76be9b5bfa1553b66a840fc71b368f94efdeead6df86d5945e15c21981ac49215a26e435f30918b59c7b6fb415c88b03724d13655912568e6c65a16/c1aee7a17aa74e0497321d8005220e69.jpg","I33","https://match-images.jublia.com/platform-image/prod/cbeb3b4cb76be9b5bfa1553b66a840fc71b368f94efdeead6df86d5945e15c21981ac49215a26e435f30918b59c7b6fb415c88b03724d13655912568e6c65a16/8ba5addccacf4dc08f99ed62f3e16667.jpg","XIAMEN XIANGYU STEEL INDUSTRIAL GROUP CO., LTD."
"https://match-images.jublia.com/platform-image/prod/cbeb3b4cb76be9b5bfa1553b66a840fc71b368f94efdeead6df86d5945e15c21981ac49215a26e435f30918b59c7b6fb415c88b03724d13655912568e6c65a16/c1aee7a17aa74e0497321d8005220e69.jpg","H32","https://match-images.jublia.com/platform-image/prod/cbeb3b4cb76be9b5bfa1553b66a840fc71b368f94efdeead6df86d5945e15c21981ac49215a26e435f30918b59c7b6fb415c88b03724d13655912568e6c65a16/8ba5addccacf4dc08f99ed62f3e16667.jpg","Yibin Tianyuan Haifeng Hetai Co., Ltd."
"https://match-images.jublia.com/platform-image/prod/cbeb3b4cb76be9b5bfa1553b66a840fc71b368f94efdeead6df86d5945e15c21981ac49215a26e435f30918b59c7b6fb415c88b03724d13655912568e6c65a16/c1aee7a17aa74e0497321d8005220e69.jpg","E31","https://match-images.jublia.com/platform-image/prod/cbeb3b4cb76be9b5bfa1553b66a840fc71b368f94efdeead6df86d5945e15c21981ac49215a26e435f30918b59c7b6fb415c88b03724d13655912568e6c65a16/8ba5addccacf4dc08f99ed62f3e16667.jpg","Yichang Zontay Advanced New Materials Co., Ltd"
"https://match-images.jublia.com/platform-image/prod/cbeb3b4cb76be9b5bfa1553b66a840fc71b368f94efdeead6df86d5945e15c21981ac49215a26e435f30918b59c7b6fb415c88b03724d13655912568e6c65a16/c1aee7a17aa74e0497321d8005220e69.jpg","G42","https://match-images.jublia.com/platform-image/prod/cbeb3b4cb76be9b5bfa1553b66a840fc71b368f94efdeead6df86d5945e15c21981ac49215a26e435f30918b59c7b6fb415c88b03724d13655912568e6c65a16/8ba5addccacf4dc08f99ed62f3e16667.jpg","Yuanli MPM Machinery (Yantai) Co., Ltd."
"https://match-images.jublia.com/platform-image/prod/cbeb3b4cb76be9b5bfa1553b66a840fc71b368f94efdeead6df86d5945e15c21981ac49215a26e435f30918b59c7b6fb415c88b03724d13655912568e6c65a16/c1aee7a17aa74e0497321d8005220e69.jpg","G20","https://match-images.jublia.com/platform-image/prod/cbeb3b4cb76be9b5bfa1553b66a840fc71b368f94efdeead6df86d5945e15c21981ac49215a26e435f30918b59c7b6fb415c88b03724d13655912568e6c65a16/8ba5addccacf4dc08f99ed62f3e16667.jpg","Yueyang Zhongzhan Technology Company Limited"
"https://match-images.jublia.com/platform-image/prod/cbeb3b4cb76be9b5bfa1553b66a840fc71b368f94efdeead6df86d5945e15c21981ac49215a26e435f30918b59c7b6fb415c88b03724d13655912568e6c65a16/c1aee7a17aa74e0497321d8005220e69.jpg","H22","https://match-images.jublia.com/platform-image/prod/cbeb3b4cb76be9b5bfa1553b66a840fc71b368f94efdeead6df86d5945e15c21981ac49215a26e435f30918b59c7b6fb415c88b03724d13655912568e6c65a16/8ba5addccacf4dc08f99ed62f3e16667.jpg","Zhejiang Huayuan New Material Co., Ltd."
"https://match-images.jublia.com/platform-image/prod/cbeb3b4cb76be9b5bfa1553b66a840fc71b368f94efdeead6df86d5945e15c21981ac49215a26e435f30918b59c7b6fb415c88b03724d13655912568e6c65a16/c1aee7a17aa74e0497321d8005220e69.jpg","D50","https://match-images.jublia.com/platform-image/prod/cbeb3b4cb76be9b5bfa1553b66a840fc71b368f94efdeead6df86d5945e15c21981ac49215a26e435f30918b59c7b6fb415c88b03724d13655912568e6c65a16/8ba5addccacf4dc08f99ed62f3e16667.jpg","Zhejiang Jinkun Sili Ceramic Beads Co., Ltd."
"https://match-images.jublia.com/platform-image/prod/cbeb3b4cb76be9b5bfa1553b66a840fc71b368f94efdeead6df86d5945e15c21981ac49215a26e435f30918b59c7b6fb415c88b03724d13655912568e6c65a16/c1aee7a17aa74e0497321d8005220e69.jpg","G51","https://match-images.jublia.com/platform-image/prod/cbeb3b4cb76be9b5bfa1553b66a840fc71b368f94efdeead6df86d5945e15c21981ac49215a26e435f30918b59c7b6fb415c88b03724d13655912568e6c65a16/8ba5addccacf4dc08f99ed62f3e16667.jpg","Zhejiang Kairun New Materials Co., Ltd."
"https://match-images.jublia.com/platform-image/prod/cbeb3b4cb76be9b5bfa1553b66a840fc71b368f94efdeead6df86d5945e15c21981ac49215a26e435f30918b59c7b6fb415c88b03724d13655912568e6c65a16/c1aee7a17aa74e0497321d8005220e69.jpg","I31","https://match-images.jublia.com/platform-image/prod/cbeb3b4cb76be9b5bfa1553b66a840fc71b368f94efdeead6df86d5945e15c21981ac49215a26e435f30918b59c7b6fb415c88b03724d13655912568e6c65a16/8ba5addccacf4dc08f99ed62f3e16667.jpg","Zhejiang Qinghong New Material Co.,Ltd."
"https://match-images.jublia.com/platform-image/prod/cbeb3b4cb76be9b5bfa1553b66a840fc71b368f94efdeead6df86d5945e15c21981ac49215a26e435f30918b59c7b6fb415c88b03724d13655912568e6c65a16/c1aee7a17aa74e0497321d8005220e69.jpg","H45","https://match-images.jublia.com/platform-image/prod/cbeb3b4cb76be9b5bfa1553b66a840fc71b368f94efdeead6df86d5945e15c21981ac49215a26e435f30918b59c7b6fb415c88b03724d13655912568e6c65a16/8ba5addccacf4dc08f99ed62f3e16667.jpg","Zhejiang Ruicheng New Materials Co., Ltd."
"https://match-images.jublia.com/platform-image/prod/cbeb3b4cb76be9b5bfa1553b66a840fc71b368f94efdeead6df86d5945e15c21981ac49215a26e435f30918b59c7b6fb415c88b03724d13655912568e6c65a16/c1aee7a17aa74e0497321d8005220e69.jpg","H12","https://match-images.jublia.com/platform-image/prod/cbeb3b4cb76be9b5bfa1553b66a840fc71b368f94efdeead6df86d5945e15c21981ac49215a26e435f30918b59c7b6fb415c88b03724d13655912568e6c65a16/8ba5addccacf4dc08f99ed62f3e16667.jpg","Zhejiang Wansheng Co.,Ltd"
"https://dmg-manual-live.s3.ap-south-1.amazonaws.com/Production/exb_doc/724/142001/santint_banner.jpg","B31","https://dmg-manual-live.s3.ap-south-1.amazonaws.com/Production/exb_doc/724/142001/thumb_724_APCS7243069_1375.png","Zhengzhou Sanhua Technology & Industry Co., Ltd."
"https://match-images.jublia.com/platform-image/prod/cbeb3b4cb76be9b5bfa1553b66a840fc71b368f94efdeead6df86d5945e15c21981ac49215a26e435f30918b59c7b6fb415c88b03724d13655912568e6c65a16/c1aee7a17aa74e0497321d8005220e69.jpg","E52","https://match-images.jublia.com/platform-image/prod/cbeb3b4cb76be9b5bfa1553b66a840fc71b368f94efdeead6df86d5945e15c21981ac49215a26e435f30918b59c7b6fb415c88b03724d13655912568e6c65a16/8ba5addccacf4dc08f99ed62f3e16667.jpg","Zhengzhou Yishun Chemical Logistics Co., Ltd."
"https://dmg-manual-live.s3.ap-south-1.amazonaws.com/Production/exb_doc/724/143825/11.jpg","A16","https://dmg-manual-live.s3.ap-south-1.amazonaws.com/Production/exb_doc/724/143825/thumb_724_APCS7244696_5112.png","Zhongyuan Shengbang (Xiamen) Technology Co., Ltd."