"logo-wall--name","logo-wall__name-short","text-decoration-none href","image--img src"
"A MAZE. Digital PlayGround #3","A MAZE. Digital PlayGround #3","",""
"A.I.sas di M.Mostardini","A.I.sas di M.Mostardini","",""
"A2T will Draw","A2T will Draw","",""
"ABRAGAMES","ABRAGAMES","",""
"ACADEVI","ACADEVI","",""
"","Actrio Studio","https://www.gamescom.global/en/exhibitor/actrio-studio-ug","https://eu-central-1-gamescom.graphassets.com/AMwDHZTUSMaIlRlMFLL7Qz/quality=value:95/resize=w:640,fit:clip/sharpen=amount:1/auto_image/cmrl0w1xz2ric06vwkcw4wryx"
"ADAC","ADAC","",""
"ADC Blackfire Entertainment","ADC Blackfire Entertainment","",""
"ADHS Deutschland","ADHS Deutschland","",""
"Aegic","Aegic","",""
"","Aerosoft","https://www.gamescom.global/en/exhibitor/aerosoft-gmbh","https://eu-central-1-gamescom.graphassets.com/AMwDHZTUSMaIlRlMFLL7Qz/cmr1xxjdz2ez207vyrt52gxur"
"Aidshilfe Köln","Aidshilfe Köln","",""
"Airbus Defence and Space","Airbus Defence and Space","",""
"AJS","AJS","",""
"AK Print and Layout","AK Print and Layout","",""
"Akiba Megastore","Akiba Megastore","",""
"","Alea Interactive","https://www.gamescom.global/en/exhibitor/alea-interactive","https://eu-central-1-gamescom.graphassets.com/AMwDHZTUSMaIlRlMFLL7Qz/cmrrxglx3z5ud07vxjdvbvszz"
"Alessandro Pecin","Alessandro Pecin","",""
"Alexander Kunz und Florian Delfanti","Alexander Kunz und Florian Delfanti","",""
"","ALIVE","https://www.gamescom.global/en/exhibitor/alive-inc","https://eu-central-1-gamescom.graphassets.com/AMwDHZTUSMaIlRlMFLL7Qz/quality=value:95/resize=w:640,fit:clip/sharpen=amount:1/auto_image/cms4wzse42a0107use3a8i721"
"Alloi","Alloi","",""
"Amadeu Antonio Stiftung","Amadeu Antonio Stiftung","",""
"Amazon Game Studios","Amazon Game Studios","",""
"","Amberdive Interactive","https://www.gamescom.global/en/exhibitor/amberdive-interactive","https://eu-central-1-gamescom.graphassets.com/AMwDHZTUSMaIlRlMFLL7Qz/quality=value:95/resize=w:640,fit:clip/sharpen=amount:1/auto_image/cms943uwn0nz207vxq38xeb2g"
"","Animationsinstitut","https://www.gamescom.global/en/exhibitor/filmakademie-baden-wuerttemberg","https://eu-central-1-gamescom.graphassets.com/AMwDHZTUSMaIlRlMFLL7Qz/quality=value:95/resize=w:640,fit:clip/sharpen=amount:1/auto_image/cms68e76dutor07usa1voz5s2"
"Anime World","Anime World","",""
"Animi","Animi","",""
"Aniplex","Aniplex","",""
"Anistue","Anistue","",""
"","ANKA GAMES","https://www.gamescom.global/en/exhibitor/anka-games-group-yazilim-as","https://eu-central-1-gamescom.graphassets.com/AMwDHZTUSMaIlRlMFLL7Qz/cmsavdgv4vqbp07vxd0pyam74"
"Ankara Development Agency","Ankara Development Agency","",""
"Anna Wiesner","Anna Wiesner","",""
"Anvil Studios","Anvil Studios","",""
"AOC","AOC","",""
"Archon","Archon","",""
"ARD","ARD","",""
"AREA 35","AREA 35","",""
"Aronja-Art","Aronja-Art","",""
"Art of Chinara","Art of Chinara","",""
"ARTE","ARTE","",""
"","Artifika Games","https://www.gamescom.global/en/exhibitor/artifika-games","https://eu-central-1-gamescom.graphassets.com/AMwDHZTUSMaIlRlMFLL7Qz/quality=value:95/resize=w:640,fit:clip/sharpen=amount:1/auto_image/cmreuukybc49z07um39rx8uhq"
"ARTISAN","ARTISAN","",""
"ASIVI CyL","ASIVI CyL","",""
"","Asobism","https://www.gamescom.global/en/exhibitor/asobism","https://eu-central-1-gamescom.graphassets.com/AMwDHZTUSMaIlRlMFLL7Qz/quality=value:95/resize=w:640,fit:clip/sharpen=amount:1/auto_image/cms4jc5y42j0l07ulr0atajhj"
"Aspiegel SE","Aspiegel SE","",""
"ASRock","ASRock","",""
"","Assemble Entertainment","https://www.gamescom.global/en/exhibitor/assemble-entertainment","https://eu-central-1-gamescom.graphassets.com/AMwDHZTUSMaIlRlMFLL7Qz/quality=value:95/resize=w:640,fit:clip/sharpen=amount:1/auto_image/cmrdg2vkq61g907t7dw7c7249"
"","astragon","https://www.gamescom.global/en/exhibitor/astragon-entertainment-gmbh","https://eu-central-1-gamescom.graphassets.com/AMwDHZTUSMaIlRlMFLL7Qz/quality=value:95/resize=w:640,fit:clip/sharpen=amount:1/auto_image/cmrdib8u2ij8407vye1d3e7ed"
"","AstralShift","https://www.gamescom.global/en/exhibitor/astralshift","https://eu-central-1-gamescom.graphassets.com/AMwDHZTUSMaIlRlMFLL7Qz/quality=value:95/resize=w:640,fit:clip/sharpen=amount:1/auto_image/cms641vh4qxoy07uskgo8nk3c"
"","Astrava Entertainment","","https://eu-central-1-gamescom.graphassets.com/AMwDHZTUSMaIlRlMFLL7Qz/quality=value:95/resize=w:640,fit:clip/sharpen=amount:1/auto_image/cmsdrkllujc9v07vxpzmjncg8"
"ASUNICHA DI ALESSIA MONTAGNER","ASUNICHA DI ALESSIA MONTAGNER","",""
"Asus","Asus","",""
"Atari","Atari","",""
"Aternos","Aternos","",""
"","AtomTeam","https://www.gamescom.global/en/exhibitor/atent-games-ltd","https://eu-central-1-gamescom.graphassets.com/AMwDHZTUSMaIlRlMFLL7Qz/cmrc2zdq9drxd08vxw2ojg5sq"
"Atruvia","Atruvia","",""
"","Attaboy Interactive","https://www.gamescom.global/en/exhibitor/attaboy-interactive-sas","https://eu-central-1-gamescom.graphassets.com/AMwDHZTUSMaIlRlMFLL7Qz/quality=value:95/resize=w:640,fit:clip/sharpen=amount:1/auto_image/cms91u1cw08ds07vubofun1cx"
"Audiotainment Südwest","Audiotainment Südwest","",""
"AULA","AULA","",""
"Aurélie Passion Dessin","Aurélie Passion Dessin","",""
"","Awesome Games Studio","https://www.gamescom.global/en/exhibitor/awesome-games-studio-sp-z-o-o","https://eu-central-1-gamescom.graphassets.com/AMwDHZTUSMaIlRlMFLL7Qz/quality=value:95/resize=w:640,fit:clip/sharpen=amount:1/auto_image/cmrum5lrn2vv307vyv9z2bznx"
"AXISRAY","AXISRAY","",""
"BackGRID","BackGRID","",""
"","Backwoods","https://www.gamescom.global/en/exhibitor/backwoods-entertainment","https://eu-central-1-gamescom.graphassets.com/AMwDHZTUSMaIlRlMFLL7Qz/quality=value:95/resize=w:640,fit:clip/sharpen=amount:1/auto_image/cmsaaeidhkyz807uuuh9nqust"
"Bafin","Bafin","",""
"BAFZA","BAFZA","",""
"BALIO STUDIO","BALIO STUDIO","",""
"BALM","BALM","",""
"","Bandai Namco","https://www.gamescom.global/en/exhibitor/bandai-namco-entertainment","https://eu-central-1-gamescom.graphassets.com/AMwDHZTUSMaIlRlMFLL7Qz/quality=value:95/resize=w:640,fit:clip/sharpen=amount:1/auto_image/cmrwkix9h5xxa07unadkqi9jl"
"Bartel & Weissbarth","Bartel & Weissbarth","",""
"BASF","BASF","",""
"Battle-Merchant Wacken","Battle-Merchant Wacken","",""
"BattleBrew Productions","BattleBrew Productions","",""
"BEANS Entertainment GmbH","BEANS Entertainment GmbH","",""
"Behaviour Interactive","Behaviour Interactive","",""
"BeMonstrous","BeMonstrous","",""
"Benecea Schulz","Benecea Schulz","",""
"BENY BYTES","BENY BYTES","",""
"berthot steven","berthot steven","",""
"Between The Lines","Between The Lines","",""
"BeXide","BeXide","",""
"","BIG BLUE SKY GAMES","","https://eu-central-1-gamescom.graphassets.com/AMwDHZTUSMaIlRlMFLL7Qz/quality=value:95/resize=w:640,fit:clip/sharpen=amount:1/auto_image/cmsdyf9wamfs607vwyo3d9l9m"
"Bilibili","Bilibili","",""
"Binary Impact","Binary Impact","",""
"","Bioreactor Studios","https://www.gamescom.global/en/exhibitor/bioreactor-studios","https://eu-central-1-gamescom.graphassets.com/AMwDHZTUSMaIlRlMFLL7Qz/quality=value:95/resize=w:640,fit:clip/sharpen=amount:1/auto_image/cmr50atv5jwwx07w2jaw81y92"
"BIÖG","BIÖG","",""
"Black Screen Records","Black Screen Records","",""
"","Bloober Team","https://www.gamescom.global/en/exhibitor/bloober-team-spolka-akcyjna","https://eu-central-1-gamescom.graphassets.com/AMwDHZTUSMaIlRlMFLL7Qz/quality=value:95/resize=w:640,fit:clip/sharpen=amount:1/auto_image/cmryz40771l2y08w6ke6h7npw"
"","Blossom Path Games","https://www.gamescom.global/en/exhibitor/blossom-path-games-ug","https://eu-central-1-gamescom.graphassets.com/AMwDHZTUSMaIlRlMFLL7Qz/cmrygfnp57uy107utop81hjo5"
"Blue Backpack","Blue Backpack","",""
"bm – Bildung in Medienberufen","bm – Bildung in Medienberufen","",""
"BND","BND","",""
"Boden Business Park","Boden Business Park","",""
"BogosorGames","BogosorGames","",""
"","Bold Beetle Games","https://www.gamescom.global/en/exhibitor/bold-beetle-games-ug-haftungsbeschraenkt","https://eu-central-1-gamescom.graphassets.com/AMwDHZTUSMaIlRlMFLL7Qz/quality=value:95/resize=w:640,fit:clip/sharpen=amount:1/auto_image/cmsczng8gzcay07uk8sb9fjn3"
"BookWood Games","BookWood Games","",""
"","Booming Tech","https://www.gamescom.global/en/exhibitor/booming-tech","https://eu-central-1-gamescom.graphassets.com/AMwDHZTUSMaIlRlMFLL7Qz/quality=value:95/resize=w:640,fit:clip/sharpen=amount:1/auto_image/cms8olbba1fbr07w6gk1bxc7n"
"Bowl Of Tentacles","Bowl Of Tentacles","",""
"","bpb","https://www.gamescom.global/en/exhibitor/bpb","https://eu-central-1-gamescom.graphassets.com/AMwDHZTUSMaIlRlMFLL7Qz/quality=value:95/resize=w:640,fit:clip/sharpen=amount:1/auto_image/cmr1w7z611dg807vyjl0ddfef"
"BUBBLE GUM","BUBBLE GUM","",""
"","Buck Eejit Games","https://www.gamescom.global/en/exhibitor/buck-eejit-games","https://eu-central-1-gamescom.graphassets.com/AMwDHZTUSMaIlRlMFLL7Qz/cms4l9x2q420q07ult5c6oc4h"
"","Buckfish","https://www.gamescom.global/en/exhibitor/buckfish","https://eu-central-1-gamescom.graphassets.com/AMwDHZTUSMaIlRlMFLL7Qz/quality=value:95/resize=w:640,fit:clip/sharpen=amount:1/auto_image/cms4hg92b0tjp07w68vz7sz1v"
"Bundesnetzagentur","Bundesnetzagentur","",""
"Bundespolizei","Bundespolizei","",""
"Bundeswehr","Bundeswehr","",""
"Bushiroad International","Bushiroad International","",""
"","ByteRockers' Games","https://www.gamescom.global/en/exhibitor/byterockers-games-gmbh-and-co-kg","https://eu-central-1-gamescom.graphassets.com/AMwDHZTUSMaIlRlMFLL7Qz/quality=value:95/resize=w:640,fit:clip/sharpen=amount:1/auto_image/cms7i2ydo7zh406w1vuw8plpk"
"","Byting Games","https://www.gamescom.global/en/exhibitor/byting-games","https://eu-central-1-gamescom.graphassets.com/AMwDHZTUSMaIlRlMFLL7Qz/cmr33gm6ag0mu07uik9rjq6rw"
"","Caipora Studio","https://www.gamescom.global/en/exhibitor/caipora-studio",""
"","Caldera Interactive","https://www.gamescom.global/en/exhibitor/caldera",""
"","Can You Eat It?","https://www.gamescom.global/en/exhibitor/can-you-eat-it",""
"","CanOpener","https://www.gamescom.global/en/exhibitor/canopener",""
"Capcom","Capcom","",""
"Capri Sun","Capri Sun","",""
"Cardgames By Jordy & Dorien","Cardgames By Jordy & Dorien","",""
"","Casual Brothers","https://www.gamescom.global/en/exhibitor/casual-brothers",""
"celestteal","celestteal","",""
"","Centurion Developments","https://www.gamescom.global/en/exhibitor/centurion-developments-sro",""
"","CESA","https://www.gamescom.global/en/exhibitor/computer-entertainment-suppliers",""
"Chane","Chane","",""
"","Chaosmonger Studio","https://www.gamescom.global/en/exhibitor/chaosmonger-studio",""
"Chase the Bunny","Chase the Bunny","",""
"Chen Long Chung","Chen Long Chung","",""
"Chiara Mazzetti","Chiara Mazzetti","",""
"CHIBI AKIHABARA","CHIBI AKIHABARA","",""
"Chilli Chans","Chilli Chans","",""
"Chronograph Games","Chronograph Games","",""
"CI GAMES","CI GAMES","",""
"Clear River Games","Clear River Games","",""
"","Cobalt Lane","",""
"","CobraTekku Games","https://www.gamescom.global/en/exhibitor/ctg",""
"","coeda","https://www.gamescom.global/en/exhibitor/coeda",""
"Coffee Stain","Coffee Stain","",""
"COG Studios","COG Studios","",""
"Collect & Cards","Collect & Cards","",""
"Colpas Sas","Colpas Sas","",""
"Comic Planet","Comic Planet","",""
"Commodore","Commodore","",""
"Corsair","Corsair","",""
"COTTON DIVISION","COTTON DIVISION","",""
"","COVEN","https://www.gamescom.global/en/exhibitor/coven",""
"","CRNG Games","https://www.gamescom.global/en/exhibitor/crng-games",""
"cs-international","cs-international","",""
"CULTURA ANIME","CULTURA ANIME","",""
"","Cup Dog Games","https://www.gamescom.global/en/exhibitor/cup-dog-games",""
"Curve Games","Curve Games","",""
"","Curveball Games","https://www.gamescom.global/en/exhibitor/curveball-games-ltd",""
"CXN Studios","CXN Studios","",""
"D-Pad Studio","D-Pad Studio","",""
"","Daedalic Entertainment","https://www.gamescom.global/en/exhibitor/daedalic-entertainment",""
"Daisy Chain Games","Daisy Chain Games","",""
"DALOAR STUDIOS","DALOAR STUDIOS","",""
"","DANGO DYNAMICS","https://www.gamescom.global/en/exhibitor/dango-dynamics",""
"","Dark Zone Studios","https://www.gamescom.global/en/exhibitor/dark-zone-studios",""
"DarkTownArt","DarkTownArt","",""
"DATEV","DATEV","",""
"","DDI","https://www.gamescom.global/en/exhibitor/deus-draconis-interactive",""
"","Deck13","https://www.gamescom.global/en/exhibitor/deck13-interactive-gmbh",""
"","Deep Silver","https://www.gamescom.global/en/exhibitor/deep-silver",""
"DeepCool","DeepCool","",""
"DeFalces","DeFalces","",""
"DeltaQuack","DeltaQuack","",""
"Der Dartblaster-Dealer","Der Dartblaster-Dealer","",""
"Deutsche Bundesbank","Deutsche Bundesbank","",""
"Deutsche Stammzellspenderdatei","Deutsche Stammzellspenderdatei","",""
"Deutsche Telekom","Deutsche Telekom","",""
"Deutscher Tierschutzbund","Deutscher Tierschutzbund","",""
"Develup Video Games Studio","Develup Video Games Studio","",""
"","Devotion","https://www.gamescom.global/en/exhibitor/devotion",""
"DGSW e.V.","DGSW e.V.","",""
"Dickie Spielzeug","Dickie Spielzeug","",""
"Dilara's Artworks","Dilara's Artworks","",""
"Dimension Omega","Dimension Omega","",""
"","Distant Meadows","https://www.gamescom.global/en/exhibitor/distant-meadows",""
"Distribuclic","Distribuclic","",""
"DNA","DNA","",""
"Dodik - Dice Oven","Dodik - Dice Oven","",""
"Dodo Tako","Dodo Tako","",""
"Dokkaebi Vault","Dokkaebi Vault","",""
"Dominican Game Dev","Dominican Game Dev","",""
"","Don't know studio","",""
"Dotemu","Dotemu","",""
"Dracogen Studios","Dracogen Studios","",""
"","Dreambound Studio","https://www.gamescom.global/en/exhibitor/dreambound-studio",""
"Driveball Arena","Driveball Arena","",""
"","Duck 'n' Run Games","https://www.gamescom.global/en/exhibitor/duck-n-run-games-gbr",""
"Ärzte ohne Grenzen","Ärzte ohne Grenzen","",""
"","1000 Orks","https://www.gamescom.global/en/exhibitor/1000-orks","https://eu-central-1-gamescom.graphassets.com/AMwDHZTUSMaIlRlMFLL7Qz/cmrksrpm085as08uk2l4f4p9h"
"","11 bit studios","https://www.gamescom.global/en/exhibitor/11-bit-studios","https://eu-central-1-gamescom.graphassets.com/AMwDHZTUSMaIlRlMFLL7Qz/quality=value:95/resize=w:640,fit:clip/sharpen=amount:1/auto_image/cms7csgrp329l06w1k8x9ztn4"
"","13AM Games","https://www.gamescom.global/en/exhibitor/13am-games","https://eu-central-1-gamescom.graphassets.com/AMwDHZTUSMaIlRlMFLL7Qz/quality=value:95/resize=w:640,fit:clip/sharpen=amount:1/auto_image/cmr59b97ynmta07w8lm2240i6"
"","2Awesome Studio","","https://eu-central-1-gamescom.graphassets.com/AMwDHZTUSMaIlRlMFLL7Qz/quality=value:95/resize=w:640,fit:clip/sharpen=amount:1/auto_image/cmr3cm5vz1nrc07w12ocuqqnk"
"","2Cap","https://www.gamescom.global/en/exhibitor/2cap-ug-haftungsbeschraenkt","https://eu-central-1-gamescom.graphassets.com/AMwDHZTUSMaIlRlMFLL7Qz/quality=value:95/resize=w:640,fit:clip/sharpen=amount:1/auto_image/cmrw9v4cr0ylq08vypgs97nud"
"2P Games","2P Games","",""
"4 Your Games","4 Your Games","",""
"4Divinity","4Divinity","",""
"","6side Studio","https://www.gamescom.global/en/exhibitor/6side-studio-ug-haftungsbeschraenkt","https://eu-central-1-gamescom.graphassets.com/AMwDHZTUSMaIlRlMFLL7Qz/quality=value:95/resize=w:640,fit:clip/sharpen=amount:1/auto_image/cms4ct1o1gpks08und5k85fz6"
"8BITDO","8BITDO","",""
"","Caipora Studio","https://www.gamescom.global/en/exhibitor/caipora-studio","https://eu-central-1-gamescom.graphassets.com/AMwDHZTUSMaIlRlMFLL7Qz/cms2y690gfodd07w1udteyxx9"
"","Caldera Interactive","https://www.gamescom.global/en/exhibitor/caldera","https://eu-central-1-gamescom.graphassets.com/AMwDHZTUSMaIlRlMFLL7Qz/quality=value:95/resize=w:640,fit:clip/sharpen=amount:1/auto_image/cmrp514i2a1cn07vxhlbtx2od"
"","Can You Eat It?","https://www.gamescom.global/en/exhibitor/can-you-eat-it","https://eu-central-1-gamescom.graphassets.com/AMwDHZTUSMaIlRlMFLL7Qz/cms4nj37661xx07ul4c8foovw"
"","CanOpener","https://www.gamescom.global/en/exhibitor/canopener","https://eu-central-1-gamescom.graphassets.com/AMwDHZTUSMaIlRlMFLL7Qz/quality=value:95/resize=w:640,fit:clip/sharpen=amount:1/auto_image/cms5wcwyyj9k207ust41z4onl"
"","Casual Brothers","https://www.gamescom.global/en/exhibitor/casual-brothers","https://eu-central-1-gamescom.graphassets.com/AMwDHZTUSMaIlRlMFLL7Qz/quality=value:95/resize=w:640,fit:clip/sharpen=amount:1/auto_image/cms9i7dejcufp07uue8tsotlk"
"","Centurion Developments","https://www.gamescom.global/en/exhibitor/centurion-developments-sro","https://eu-central-1-gamescom.graphassets.com/AMwDHZTUSMaIlRlMFLL7Qz/quality=value:95/resize=w:640,fit:clip/sharpen=amount:1/auto_image/cmrdd09yw5bgk07w9qnlkca50"
"","CESA","https://www.gamescom.global/en/exhibitor/computer-entertainment-suppliers","https://eu-central-1-gamescom.graphassets.com/AMwDHZTUSMaIlRlMFLL7Qz/quality=value:95/resize=w:640,fit:clip/sharpen=amount:1/auto_image/cms8htd5vp2we07w9ids5l7rk"
"","Chaosmonger Studio","https://www.gamescom.global/en/exhibitor/chaosmonger-studio","https://eu-central-1-gamescom.graphassets.com/AMwDHZTUSMaIlRlMFLL7Qz/quality=value:95/resize=w:640,fit:clip/sharpen=amount:1/auto_image/cmqvf3mwg9uoo08vxd8qh5y9e"
"","Cobalt Lane","","https://eu-central-1-gamescom.graphassets.com/AMwDHZTUSMaIlRlMFLL7Qz/quality=value:95/resize=w:640,fit:clip/sharpen=amount:1/auto_image/cms2ylu80er3308w66njzce6l"
"","CobraTekku Games","https://www.gamescom.global/en/exhibitor/ctg","https://eu-central-1-gamescom.graphassets.com/AMwDHZTUSMaIlRlMFLL7Qz/quality=value:95/resize=w:640,fit:clip/sharpen=amount:1/auto_image/cms37w1jkoqoj07w17vizu1q2"
"","coeda","https://www.gamescom.global/en/exhibitor/coeda","https://eu-central-1-gamescom.graphassets.com/AMwDHZTUSMaIlRlMFLL7Qz/quality=value:95/resize=w:640,fit:clip/sharpen=amount:1/auto_image/cms495mx2c70g06w08gbrflqk"
"","COVEN","https://www.gamescom.global/en/exhibitor/coven","https://eu-central-1-gamescom.graphassets.com/AMwDHZTUSMaIlRlMFLL7Qz/quality=value:95/resize=w:640,fit:clip/sharpen=amount:1/auto_image/cms78rn72b1uw07usw10ivy7c"
"","CRNG Games","https://www.gamescom.global/en/exhibitor/crng-games","https://eu-central-1-gamescom.graphassets.com/AMwDHZTUSMaIlRlMFLL7Qz/quality=value:95/resize=w:640,fit:clip/sharpen=amount:1/auto_image/cmrz2zpru4dal07w1xawanszu"
"","Cup Dog Games","https://www.gamescom.global/en/exhibitor/cup-dog-games","https://eu-central-1-gamescom.graphassets.com/AMwDHZTUSMaIlRlMFLL7Qz/quality=value:95/resize=w:640,fit:clip/sharpen=amount:1/auto_image/cmr35kr75gvk807vyo1mg0ehf"
"","Curveball Games","https://www.gamescom.global/en/exhibitor/curveball-games-ltd","https://eu-central-1-gamescom.graphassets.com/AMwDHZTUSMaIlRlMFLL7Qz/cms4qgs1u95ve07w6ag1z2e6y"
"","Daedalic Entertainment","https://www.gamescom.global/en/exhibitor/daedalic-entertainment","https://eu-central-1-gamescom.graphassets.com/AMwDHZTUSMaIlRlMFLL7Qz/quality=value:95/resize=w:640,fit:clip/sharpen=amount:1/auto_image/cms7d7vtj3gue06w18ypr1qnq"
"","DANGO DYNAMICS","https://www.gamescom.global/en/exhibitor/dango-dynamics","https://eu-central-1-gamescom.graphassets.com/AMwDHZTUSMaIlRlMFLL7Qz/quality=value:95/resize=w:640,fit:clip/sharpen=amount:1/auto_image/cmryx90ih006q08w6ltuh3icz"
"","Dark Zone Studios","https://www.gamescom.global/en/exhibitor/dark-zone-studios","https://eu-central-1-gamescom.graphassets.com/AMwDHZTUSMaIlRlMFLL7Qz/cms38gzsfp71007w137oz77qq"
"","DDI","https://www.gamescom.global/en/exhibitor/deus-draconis-interactive","https://eu-central-1-gamescom.graphassets.com/AMwDHZTUSMaIlRlMFLL7Qz/cmrov9ln05lke07vxdym0sx0f"
"","Deck13","https://www.gamescom.global/en/exhibitor/deck13-interactive-gmbh","https://eu-central-1-gamescom.graphassets.com/AMwDHZTUSMaIlRlMFLL7Qz/quality=value:95/resize=w:640,fit:clip/sharpen=amount:1/auto_image/cmrkeoo4x09my07w2b42j9hti"
"","Deep Silver","https://www.gamescom.global/en/exhibitor/deep-silver","https://eu-central-1-gamescom.graphassets.com/AMwDHZTUSMaIlRlMFLL7Qz/quality=value:95/resize=w:640,fit:clip/sharpen=amount:1/auto_image/cmrutahpw6qzp07w63ugf3cg2"
"","Devotion","https://www.gamescom.global/en/exhibitor/devotion","https://eu-central-1-gamescom.graphassets.com/AMwDHZTUSMaIlRlMFLL7Qz/quality=value:95/resize=w:640,fit:clip/sharpen=amount:1/auto_image/cmr948p0sjk1q07w8dyozwk3a"
"","Distant Meadows","https://www.gamescom.global/en/exhibitor/distant-meadows","https://eu-central-1-gamescom.graphassets.com/AMwDHZTUSMaIlRlMFLL7Qz/quality=value:95/resize=w:640,fit:clip/sharpen=amount:1/auto_image/cms36ew2jn5d707w1f76ugnsx"
"","Don't know studio","","https://eu-central-1-gamescom.graphassets.com/AMwDHZTUSMaIlRlMFLL7Qz/quality=value:95/resize=w:640,fit:clip/sharpen=amount:1/auto_image/cms9bicsl64uo07vxn38tyln1"
"","Dreambound Studio","https://www.gamescom.global/en/exhibitor/dreambound-studio","https://eu-central-1-gamescom.graphassets.com/AMwDHZTUSMaIlRlMFLL7Qz/quality=value:95/resize=w:640,fit:clip/sharpen=amount:1/auto_image/cmrn9xkyt0s0506w861zjx4y0"
"","Duck 'n' Run Games","https://www.gamescom.global/en/exhibitor/duck-n-run-games-gbr","https://eu-central-1-gamescom.graphassets.com/AMwDHZTUSMaIlRlMFLL7Qz/quality=value:95/resize=w:640,fit:clip/sharpen=amount:1/auto_image/cmqyx7y1h3j5i07wanbfoaki0"
"EA","EA","",""
"eBay Marketplaces","eBay Marketplaces","",""
"Eclipse Glow Games","Eclipse Glow Games","",""
"","Edcorp","https://www.gamescom.global/en/exhibitor/edcorp","https://eu-central-1-gamescom.graphassets.com/AMwDHZTUSMaIlRlMFLL7Qz/quality=value:95/resize=w:640,fit:clip/sharpen=amount:1/auto_image/cms92j5vg1xgt07uuuivfqisk"
"EDEKA IT Stiftung","EDEKA IT Stiftung","",""
"","Edmonton Screen","https://www.gamescom.global/en/exhibitor/edmonton-screen","https://eu-central-1-gamescom.graphassets.com/AMwDHZTUSMaIlRlMFLL7Qz/quality=value:95/resize=w:640,fit:clip/sharpen=amount:1/auto_image/cmrp1lga14f7z07w466f1zlz3"
"Efthymios Mardakis","Efthymios Mardakis","",""
"Elbenwald","Elbenwald","",""
"ELEMENTA GAMES","ELEMENTA GAMES","",""
"Elisabeth Ryniak","Elisabeth Ryniak","",""
"","ELJAP!","https://www.gamescom.global/en/exhibitor/eljap","https://eu-central-1-gamescom.graphassets.com/AMwDHZTUSMaIlRlMFLL7Qz/cms7ij6ng8p1s06w1m80ttmqb"
"","ELO","","https://eu-central-1-gamescom.graphassets.com/AMwDHZTUSMaIlRlMFLL7Qz/quality=value:95/resize=w:640,fit:clip/sharpen=amount:1/auto_image/cmr3hnfra2b1h07w8nm76hf2p"
"Embark Studios","Embark Studios","",""
"","Enchanted Works","https://www.gamescom.global/en/exhibitor/enchanted-works","https://eu-central-1-gamescom.graphassets.com/AMwDHZTUSMaIlRlMFLL7Qz/cmr914v6mi22607w8xq0dhgfk"
"Enen Sōen","Enen Sōen","",""
"","Entalto Publishing","https://www.gamescom.global/en/exhibitor/entalto-games-sl","https://eu-central-1-gamescom.graphassets.com/AMwDHZTUSMaIlRlMFLL7Qz/cmryxowbm0i0l08w67hx2qqts"
"","EPOMAKER","https://www.gamescom.global/en/exhibitor/epomaker",""
"Eric Haufe & Christina Rotmann","Eric Haufe & Christina Rotmann","",""
"ESDigital Games","ESDigital Games","",""
"Eteros Studios","Eteros Studios","",""
"ETH Zürich","ETH Zürich","",""
"EURL Askew Gaming","EURL Askew Gaming","",""
"Evangelische Jugend Köln","Evangelische Jugend Köln","",""
"","Everheart","https://www.gamescom.global/en/exhibitor/everheart",""
"Everstone Studio","Everstone Studio","",""
"Expolinker","Expolinker","",""
"","Extremely Normal","https://www.gamescom.global/en/exhibitor/extremely-normal",""
"FACTORY-C","FACTORY-C","",""
"Fahrenheit213","Fahrenheit213","",""
"","Failbetter Games","https://www.gamescom.global/en/exhibitor/failbetter-games",""
"Faliro XR","Faliro XR","",""
"Fandom Snacks","Fandom Snacks","",""
"Fanelia","Fanelia","",""
"Fangamer","Fangamer","",""
"Fantasy En'Counter","Fantasy En'Counter","",""
"Farom Studio","Farom Studio","",""
"Feenix Rising Game Development","Feenix Rising Game Development","",""
"Felix Oesinghaus Illustration","Felix Oesinghaus Illustration","",""
"FH JOANNEUM","FH JOANNEUM","",""
"FH Münster","FH Münster","",""
"Fiction Island Distribution","Fiction Island Distribution","",""
"Film- und Medienstiftung NRW","Film- und Medienstiftung NRW","",""
"Filuk Studio","Filuk Studio","",""
"","Finish Line Games","https://www.gamescom.global/en/exhibitor/finish-line-games",""
"","Finji","https://www.gamescom.global/en/exhibitor/finji",""
"","Fire Brick Games","https://www.gamescom.global/en/exhibitor/dopi-games-oyun-yazilim-ve-paz-as",""
"FIREBEAST","FIREBEAST","",""
"","FIRECHICK","https://www.gamescom.global/en/exhibitor/firechick",""
"Firefly Studios","Firefly Studios","",""
"Fireshine Games","Fireshine Games","",""
"Firma Scherdel","Firma Scherdel","",""
"Flameborn Games","Flameborn Games","",""
"","Flamehead Games","https://www.gamescom.global/en/exhibitor/flamehead-games-ug-haftungsbeschraenkt",""
"FlashFire","FlashFire","",""
"","FLAT28","",""
"Flaxig Illustrationen","Flaxig Illustrationen","",""
"FLEXUS","FLEXUS","",""
"","Flo Malo Dev","https://www.gamescom.global/en/exhibitor/florian-malogajski-dev",""
"FOCUS ENTERTAINMENT","FOCUS ENTERTAINMENT","",""
"Fowappi","Fowappi","",""
"Francesca Bongiovanni","Francesca Bongiovanni","",""
"Francesca Marchitelli","Francesca Marchitelli","",""
"","Fraoula","https://www.gamescom.global/en/exhibitor/fraoula",""
"Fraunhofer ISI","Fraunhofer ISI","",""
"Freaky Pink","Freaky Pink","",""
"","Friday Sundae","https://www.gamescom.global/en/exhibitor/friday-sundae",""
"Frozen District","Frozen District","",""
"Fukuma","Fukuma","",""
"","FULLSET","https://www.gamescom.global/en/exhibitor/fullset",""
"","Funday Games","https://www.gamescom.global/en/exhibitor/funday-games",""
"Funselektor","Funselektor","",""
"FuturLab","FuturLab","",""
"Fátima Gómez Arroyo","Fátima Gómez Arroyo","",""
"Gallery Panda","Gallery Panda","",""
"game events","game events","",""
"Game Source Entertainment","Game Source Entertainment","",""
"Gamecity Hamburg","Gamecity Hamburg","",""
"Gamers Hunter","Gamers Hunter","",""
"","Games From Ukraine","https://www.gamescom.global/en/exhibitor/games-from-ukraine",""
"Games Weavers Productions","Games Weavers Productions","",""
"","Games/Bavaria","https://www.gamescom.global/en/exhibitor/gamesbavaria",""
"gamesAHEAD e.V.","gamesAHEAD e.V.","",""
"gamescom asia","gamescom asia","",""
"gamescom latam","gamescom latam","",""
"GameTeahouse","GameTeahouse","",""
"","GameUp! RLP","https://www.gamescom.global/en/exhibitor/gameup-rlp",""
"GAMEZ STUDIO","GAMEZ STUDIO","",""
"Gamhalla","Gamhalla","",""
"","gamigo Group","https://www.gamescom.global/en/exhibitor/gamigo",""
"","Gaming Ohne Grenzen","https://www.gamescom.global/en/exhibitor/gaming-ohne-grenzen",""
"","Gamirror Games","https://www.gamescom.global/en/exhibitor/gamirror-games",""
"Gate to the Games","Gate to the Games","",""
"Gateron","Gateron","",""
"Genki","Genki","",""
"","Gentle Giants","https://www.gamescom.global/en/exhibitor/gentle-giants",""
"Genuport Trade GmbH","Genuport Trade GmbH","",""
"Gesellschaft für Medienpädagogik und Kommunikationskultur","Gesellschaft für Medienpädagogik und Kommunikationskultur","",""
"GG Gute Gesellschaft","GG Gute Gesellschaft","",""
"Ghost Machine Games","Ghost Machine Games","",""
"GIANTS Software","GIANTS Software","",""
"GIGA-BYTE","GIGA-BYTE","",""
"Gino","Gino","",""
"","EPOMAKER","https://www.gamescom.global/en/exhibitor/epomaker","https://eu-central-1-gamescom.graphassets.com/AMwDHZTUSMaIlRlMFLL7Qz/cmrk21e8tr6py07umt23ytfmo"
"","Everheart","https://www.gamescom.global/en/exhibitor/everheart","https://eu-central-1-gamescom.graphassets.com/AMwDHZTUSMaIlRlMFLL7Qz/cms0ji5l5mm9407w1r0k04wxi"
"","Extremely Normal","https://www.gamescom.global/en/exhibitor/extremely-normal","https://eu-central-1-gamescom.graphassets.com/AMwDHZTUSMaIlRlMFLL7Qz/quality=value:95/resize=w:640,fit:clip/sharpen=amount:1/auto_image/cmrnn1u1e8ju306w8a3xx1123"
"","Failbetter Games","https://www.gamescom.global/en/exhibitor/failbetter-games","https://eu-central-1-gamescom.graphassets.com/AMwDHZTUSMaIlRlMFLL7Qz/quality=value:95/resize=w:640,fit:clip/sharpen=amount:1/auto_image/cmr0h79gmlbb807wamybemeok"
"","Finish Line Games","https://www.gamescom.global/en/exhibitor/finish-line-games","https://eu-central-1-gamescom.graphassets.com/AMwDHZTUSMaIlRlMFLL7Qz/cmr2kmws3dgaf07uigad2ij6r"
"","Finji","https://www.gamescom.global/en/exhibitor/finji","https://eu-central-1-gamescom.graphassets.com/AMwDHZTUSMaIlRlMFLL7Qz/quality=value:95/resize=w:640,fit:clip/sharpen=amount:1/auto_image/cmqz80fpb863608vx811fyvrk"
"","Fire Brick Games","https://www.gamescom.global/en/exhibitor/dopi-games-oyun-yazilim-ve-paz-as","https://eu-central-1-gamescom.graphassets.com/AMwDHZTUSMaIlRlMFLL7Qz/cms5yxlv0lp4a07usdufcur4q"
"","FIRECHICK","https://www.gamescom.global/en/exhibitor/firechick","https://eu-central-1-gamescom.graphassets.com/AMwDHZTUSMaIlRlMFLL7Qz/quality=value:95/resize=w:640,fit:clip/sharpen=amount:1/auto_image/cms8svqgzvw5307w9a4arbfy0"
"","Flamehead Games","https://www.gamescom.global/en/exhibitor/flamehead-games-ug-haftungsbeschraenkt","https://eu-central-1-gamescom.graphassets.com/AMwDHZTUSMaIlRlMFLL7Qz/cmruf7a0s0ubl07w4fxksxkr7"
"","FLAT28","","https://eu-central-1-gamescom.graphassets.com/AMwDHZTUSMaIlRlMFLL7Qz/quality=value:95/resize=w:640,fit:clip/sharpen=amount:1/auto_image/cmr3er5s90ht207w2g54r3659"
"","Flo Malo Dev","https://www.gamescom.global/en/exhibitor/florian-malogajski-dev","https://eu-central-1-gamescom.graphassets.com/AMwDHZTUSMaIlRlMFLL7Qz/quality=value:95/resize=w:640,fit:clip/sharpen=amount:1/auto_image/cmrz2yud44d1v07w13ly5vfhy"
"","Fraoula","https://www.gamescom.global/en/exhibitor/fraoula","https://eu-central-1-gamescom.graphassets.com/AMwDHZTUSMaIlRlMFLL7Qz/quality=value:95/resize=w:640,fit:clip/sharpen=amount:1/auto_image/cmrhxnm4rtljq07w7dmn06t9s"
"","Friday Sundae","https://www.gamescom.global/en/exhibitor/friday-sundae","https://eu-central-1-gamescom.graphassets.com/AMwDHZTUSMaIlRlMFLL7Qz/quality=value:95/resize=w:640,fit:clip/sharpen=amount:1/auto_image/cmrat9npl1idk08vx0awnfjbc"
"","FULLSET","https://www.gamescom.global/en/exhibitor/fullset","https://eu-central-1-gamescom.graphassets.com/AMwDHZTUSMaIlRlMFLL7Qz/quality=value:95/resize=w:640,fit:clip/sharpen=amount:1/auto_image/cms6oeisn4y7b07ushgl5727a"
"","Funday Games","https://www.gamescom.global/en/exhibitor/funday-games","https://eu-central-1-gamescom.graphassets.com/AMwDHZTUSMaIlRlMFLL7Qz/quality=value:95/resize=w:640,fit:clip/sharpen=amount:1/auto_image/cmr1qvz20chj507un7eawfryn"
"","Games From Ukraine","https://www.gamescom.global/en/exhibitor/games-from-ukraine","https://eu-central-1-gamescom.graphassets.com/AMwDHZTUSMaIlRlMFLL7Qz/quality=value:95/resize=w:640,fit:clip/sharpen=amount:1/auto_image/cmrnlea2t7qk406w86g0l3ixi"
"","Games/Bavaria","https://www.gamescom.global/en/exhibitor/gamesbavaria","https://eu-central-1-gamescom.graphassets.com/AMwDHZTUSMaIlRlMFLL7Qz/cms4c4mfodupd06w0h0rh88vx"
"","GameUp! RLP","https://www.gamescom.global/en/exhibitor/gameup-rlp","https://eu-central-1-gamescom.graphassets.com/AMwDHZTUSMaIlRlMFLL7Qz/quality=value:95/resize=w:640,fit:clip/sharpen=amount:1/auto_image/cmruc2o47o3lc07w4pyeocbfh"
"","gamigo Group","https://www.gamescom.global/en/exhibitor/gamigo","https://eu-central-1-gamescom.graphassets.com/AMwDHZTUSMaIlRlMFLL7Qz/quality=value:95/resize=w:640,fit:clip/sharpen=amount:1/auto_image/cms94x1tr1cwg07vxphlr9mek"
"","Gaming Ohne Grenzen","https://www.gamescom.global/en/exhibitor/gaming-ohne-grenzen","https://eu-central-1-gamescom.graphassets.com/AMwDHZTUSMaIlRlMFLL7Qz/quality=value:95/resize=w:640,fit:clip/sharpen=amount:1/auto_image/cmsek7rwr4jqa07vzafpvfl4a"
"","Gamirror Games","https://www.gamescom.global/en/exhibitor/gamirror-games","https://eu-central-1-gamescom.graphassets.com/AMwDHZTUSMaIlRlMFLL7Qz/quality=value:95/resize=w:640,fit:clip/sharpen=amount:1/auto_image/cmryosnic0wr507uk6s2s24xl"
"","Gentle Giants","https://www.gamescom.global/en/exhibitor/gentle-giants","https://eu-central-1-gamescom.graphassets.com/AMwDHZTUSMaIlRlMFLL7Qz/quality=value:95/resize=w:640,fit:clip/sharpen=amount:1/auto_image/cms92j6jh1xj207uupeapsyob"
"GlassStaff","GlassStaff","",""
"GLITZ WEAR","GLITZ WEAR","",""
"Gloho Games","Gloho Games","",""
"Glory Jam","Glory Jam","",""
"Gmode","Gmode","",""
"","Goblinz Studio","https://www.gamescom.global/en/exhibitor/goblinz-studio","https://eu-central-1-gamescom.graphassets.com/AMwDHZTUSMaIlRlMFLL7Qz/quality=value:95/resize=w:640,fit:clip/sharpen=amount:1/auto_image/cmr1vgq350r4q07vyi3aawr2y"
"Goethe-Institut Israel","Goethe-Institut Israel","",""
"Golden Snub Games","Golden Snub Games","",""
"Gomazing","Gomazing","",""
"","Good Story Guild","https://www.gamescom.global/en/exhibitor/good-story-guild","https://eu-central-1-gamescom.graphassets.com/AMwDHZTUSMaIlRlMFLL7Qz/quality=value:95/resize=w:640,fit:clip/sharpen=amount:1/auto_image/cms5b6obel8vm07ulu9sl1r61"
"Google","Google","",""
"","Goreng Games","https://www.gamescom.global/en/exhibitor/goreng-games","https://eu-central-1-gamescom.graphassets.com/AMwDHZTUSMaIlRlMFLL7Qz/quality=value:95/resize=w:640,fit:clip/sharpen=amount:1/auto_image/cmsaq8067soo107vxnpma7grh"
"goro_orb","goro_orb","",""
"Grateek","Grateek","",""
"","Greek National Delegation","https://www.gamescom.global/en/exhibitor/greek-national-delegation",""
"Greenpeace","Greenpeace","",""
"Grinding Gear Games","Grinding Gear Games","",""
"Grounding","Grounding","",""
"","grownarts","https://www.gamescom.global/en/exhibitor/grownarts",""
"Grumpy Geeks Jakub Firlit","Grumpy Geeks Jakub Firlit","",""
"GRYPHLINE","GRYPHLINE","",""
"Gudsen Technology","Gudsen Technology","",""
"Gueye International Events","Gueye International Events","",""
"Gugu Global","Gugu Global","",""
"","Guild Studio","https://www.gamescom.global/en/exhibitor/guild-studio-co-ltd",""
"","Half Sword","https://www.gamescom.global/en/exhibitor/half-sword",""
"HalfSoupLabs","HalfSoupLabs","",""
"Hamiga Studio","Hamiga Studio","",""
"Haneda Project","Haneda Project","",""
"Hannah Flattinger","Hannah Flattinger","",""
"Happinet Corporation","Happinet Corporation","",""
"Happy Trading","Happy Trading","",""
"Harman","Harman","",""
"HAVIT","HAVIT","",""
"","He2 Games","https://www.gamescom.global/en/exhibitor/he2-games",""
"Headis","Headis","",""
"","Headless Knight","",""
"Headup","Headup","",""
"Heaviside Creations","Heaviside Creations","",""
"heise","heise","",""
"Hello Geek and Freak","Hello Geek and Freak","",""
"Herobeat Studios","Herobeat Studios","",""
"Hessen Agentur","Hessen Agentur","",""
"Hessen Finanzen","Hessen Finanzen","",""
"","Hidden Folks","",""
"Hildegard-von-Bingen Gymnasium","Hildegard-von-Bingen Gymnasium","",""
"hitschler","hitschler","",""
"Hochschule Bonn-Rhein-Sieg","Hochschule Bonn-Rhein-Sieg","",""
"Hochschule Darmstadt","Hochschule Darmstadt","",""
"Hochschule für angewandtes Management","Hochschule für angewandtes Management","",""
"Hochschule Kempten","Hochschule Kempten","",""
"","Hochschule Mittweida","https://www.gamescom.global/en/exhibitor/hochschule-mittweida",""
"Hochschule Neu-Ulm HNU","Hochschule Neu-Ulm HNU","",""
"Hochschule Niederrhein","Hochschule Niederrhein","",""
"Hochschule Trier","Hochschule Trier","",""
"HOLY","HOLY","",""
"Holymolly","Holymolly","",""
"HOONAYA","HOONAYA","",""
"Host No.4","Host No.4","",""
"","House 16 Software","https://www.gamescom.global/en/exhibitor/house-16-software-pty-ltd",""
"","HoYoverse","https://www.gamescom.global/en/exhibitor/hoyoverse",""
"","Human Computer","https://www.gamescom.global/en/exhibitor/human-computer-game-corporation",""
"","Humble Reeds","https://www.gamescom.global/en/exhibitor/humble-reeds",""
"Hunan Yunxi","Hunan Yunxi","",""
"Huynh Christelle","Huynh Christelle","",""
"HYPER REAL","HYPER REAL","",""
"","Hyperstrange","https://www.gamescom.global/en/exhibitor/hyperstrange-sa",""
"HyperX","HyperX","",""
"","iam8bit Presents","https://www.gamescom.global/en/exhibitor/iam8bit-presents",""
"icd instinctive clothing & design","icd instinctive clothing & design","",""
"ICEC","ICEC","",""
"ICEX","ICEX","",""
"idealo","idealo","",""
"Idemasport","Idemasport","",""
"iDventure","iDventure","",""
"iiyama","iiyama","",""
"Il Nuovo Mondo","Il Nuovo Mondo","",""
"","imissmyfriends","https://www.gamescom.global/en/exhibitor/imissmyfriends",""
"","Imperfect Games","https://www.gamescom.global/en/exhibitor/imperfect-games-technology-coltd",""
"","Indie Arena Booth","",""
"","INDIE Hub","https://www.gamescom.global/en/exhibitor/indie-hub-ug-haftungsbeschraenkt",""
"IndieLab","IndieLab","",""
"","Indies of the Americas Showcase","https://www.gamescom.global/en/exhibitor/indies-of-the-americas",""
"","Indoor Astronaut","https://www.gamescom.global/en/exhibitor/indoor-astronaut",""
"","Infernozilla","https://www.gamescom.global/en/exhibitor/infernozilla",""
"Infernozilla","Infernozilla","",""
"","Infini Fun","https://www.gamescom.global/en/exhibitor/infini-fun",""
"","InFlora","https://www.gamescom.global/en/exhibitor/inflora-games",""
"Infoboard Europe","Infoboard Europe","",""
"INFOLD","INFOLD","",""
"","Infosupergames","https://www.gamescom.global/en/exhibitor/information-superhighway-games",""
"","Ingenious Studios","https://www.gamescom.global/en/exhibitor/ingenious-studios-doo",""
"Inonaka Games","Inonaka Games","",""
"Inpleron","Inpleron","",""
"","Insomnia Development","https://www.gamescom.global/en/exhibitor/insomnia-development-ug",""
"INSTINCT3","INSTINCT3","",""
"Intel","Intel","",""
"IQUNIX","IQUNIX","",""
"","ItsTheEm","https://www.gamescom.global/en/exhibitor/itstheem",""
"IU Internationale Hochschule","IU Internationale Hochschule","",""
"","Greek National Delegation","https://www.gamescom.global/en/exhibitor/greek-national-delegation","https://eu-central-1-gamescom.graphassets.com/AMwDHZTUSMaIlRlMFLL7Qz/quality=value:95/resize=w:640,fit:clip/sharpen=amount:1/auto_image/cmrvrsbjvgccg07w6l7ep5eiv"
"","grownarts","https://www.gamescom.global/en/exhibitor/grownarts","https://eu-central-1-gamescom.graphassets.com/AMwDHZTUSMaIlRlMFLL7Qz/quality=value:95/resize=w:640,fit:clip/sharpen=amount:1/auto_image/cmqz9z80l9sq607waxce3hi5p"
"","Guild Studio","https://www.gamescom.global/en/exhibitor/guild-studio-co-ltd","https://eu-central-1-gamescom.graphassets.com/AMwDHZTUSMaIlRlMFLL7Qz/quality=value:95/resize=w:640,fit:clip/sharpen=amount:1/auto_image/cmrua4btangws07w458ir2hgm"
"","Half Sword","https://www.gamescom.global/en/exhibitor/half-sword","https://eu-central-1-gamescom.graphassets.com/AMwDHZTUSMaIlRlMFLL7Qz/quality=value:95/resize=w:640,fit:clip/sharpen=amount:1/auto_image/cmryyxman1gab07w130op24n9"
"","He2 Games","https://www.gamescom.global/en/exhibitor/he2-games","https://eu-central-1-gamescom.graphassets.com/AMwDHZTUSMaIlRlMFLL7Qz/cms3e3v060hnr06w0xtiyfhbq"
"","Headless Knight","","https://eu-central-1-gamescom.graphassets.com/AMwDHZTUSMaIlRlMFLL7Qz/quality=value:95/resize=w:640,fit:clip/sharpen=amount:1/auto_image/cmrwfeqtz3d9b08vyvzcfgiu5"
"","Hidden Folks","","https://eu-central-1-gamescom.graphassets.com/AMwDHZTUSMaIlRlMFLL7Qz/quality=value:95/resize=w:640,fit:clip/sharpen=amount:1/auto_image/cmr356exngj7807uie17yk11g"
"","Hochschule Mittweida","https://www.gamescom.global/en/exhibitor/hochschule-mittweida","https://eu-central-1-gamescom.graphassets.com/AMwDHZTUSMaIlRlMFLL7Qz/quality=value:95/resize=w:640,fit:clip/sharpen=amount:1/auto_image/cmrw0kd8bnerg07vykp7ulgil"
"","House 16 Software","https://www.gamescom.global/en/exhibitor/house-16-software-pty-ltd","https://eu-central-1-gamescom.graphassets.com/AMwDHZTUSMaIlRlMFLL7Qz/cms0tn4hbreou07w12vchmo4h"
"","HoYoverse","https://www.gamescom.global/en/exhibitor/hoyoverse","https://eu-central-1-gamescom.graphassets.com/AMwDHZTUSMaIlRlMFLL7Qz/quality=value:95/resize=w:640,fit:clip/sharpen=amount:1/auto_image/cmsde6xs66xjl07vxbo047slm"
"","Human Computer","https://www.gamescom.global/en/exhibitor/human-computer-game-corporation","https://eu-central-1-gamescom.graphassets.com/AMwDHZTUSMaIlRlMFLL7Qz/quality=value:95/resize=w:640,fit:clip/sharpen=amount:1/auto_image/cmr3xeh6o9cxr07w8w7yr45ul"
"","Humble Reeds","https://www.gamescom.global/en/exhibitor/humble-reeds","https://eu-central-1-gamescom.graphassets.com/AMwDHZTUSMaIlRlMFLL7Qz/quality=value:95/resize=w:640,fit:clip/sharpen=amount:1/auto_image/cmr0so69l3mca07uscc1pwciv"
"","Hyperstrange","https://www.gamescom.global/en/exhibitor/hyperstrange-sa","https://eu-central-1-gamescom.graphassets.com/AMwDHZTUSMaIlRlMFLL7Qz/quality=value:95/resize=w:640,fit:clip/sharpen=amount:1/auto_image/cmsbmkugeevba07uk0o4b4y50"
"","iam8bit Presents","https://www.gamescom.global/en/exhibitor/iam8bit-presents","https://eu-central-1-gamescom.graphassets.com/AMwDHZTUSMaIlRlMFLL7Qz/quality=value:95/resize=w:640,fit:clip/sharpen=amount:1/auto_image/cms6op3jzk6f807ury3x5ddzz"
"","imissmyfriends","https://www.gamescom.global/en/exhibitor/imissmyfriends","https://eu-central-1-gamescom.graphassets.com/AMwDHZTUSMaIlRlMFLL7Qz/quality=value:95/resize=w:640,fit:clip/sharpen=amount:1/auto_image/cmr8tfy6tcqsd07w2fn2skdqf"
"","Imperfect Games","https://www.gamescom.global/en/exhibitor/imperfect-games-technology-coltd","https://eu-central-1-gamescom.graphassets.com/AMwDHZTUSMaIlRlMFLL7Qz/quality=value:95/resize=w:640,fit:clip/sharpen=amount:1/auto_image/cmrorf8up3ms107utlpx5e5wt"
"","Indie Arena Booth","","https://eu-central-1-gamescom.graphassets.com/AMwDHZTUSMaIlRlMFLL7Qz/quality=value:95/resize=w:640,fit:clip/sharpen=amount:1/auto_image/cmr0nzjh114jc07us3pcios58"
"","INDIE Hub","https://www.gamescom.global/en/exhibitor/indie-hub-ug-haftungsbeschraenkt","https://eu-central-1-gamescom.graphassets.com/AMwDHZTUSMaIlRlMFLL7Qz/quality=value:95/resize=w:640,fit:clip/sharpen=amount:1/auto_image/cms3bwfz40c5l08unz76vl073"
"","Indies of the Americas Showcase","https://www.gamescom.global/en/exhibitor/indies-of-the-americas","https://eu-central-1-gamescom.graphassets.com/AMwDHZTUSMaIlRlMFLL7Qz/quality=value:95/resize=w:640,fit:clip/sharpen=amount:1/auto_image/cmrweckvx2z9907un7vm10xny"
"","Indoor Astronaut","https://www.gamescom.global/en/exhibitor/indoor-astronaut","https://eu-central-1-gamescom.graphassets.com/AMwDHZTUSMaIlRlMFLL7Qz/quality=value:95/resize=w:640,fit:clip/sharpen=amount:1/auto_image/cmrx90ywpaglx08vybp4sd4fd"
"","Infernozilla","https://www.gamescom.global/en/exhibitor/infernozilla","https://eu-central-1-gamescom.graphassets.com/AMwDHZTUSMaIlRlMFLL7Qz/quality=value:95/resize=w:640,fit:clip/sharpen=amount:1/auto_image/cms7hg89f7gn906w1gwd5k6hi"
"","Infini Fun","https://www.gamescom.global/en/exhibitor/infini-fun","https://eu-central-1-gamescom.graphassets.com/AMwDHZTUSMaIlRlMFLL7Qz/quality=value:95/resize=w:640,fit:clip/sharpen=amount:1/auto_image/cmrueiaza0i5i07w4rxl8cv9z"
"","InFlora","https://www.gamescom.global/en/exhibitor/inflora-games","https://eu-central-1-gamescom.graphassets.com/AMwDHZTUSMaIlRlMFLL7Qz/quality=value:95/resize=w:640,fit:clip/sharpen=amount:1/auto_image/cms3cyctg1rtu08unp6892bc7"
"","Infosupergames","https://www.gamescom.global/en/exhibitor/information-superhighway-games","https://eu-central-1-gamescom.graphassets.com/AMwDHZTUSMaIlRlMFLL7Qz/quality=value:95/resize=w:640,fit:clip/sharpen=amount:1/auto_image/cmrakhen72wo107w1lunmqys6"
"","Ingenious Studios","https://www.gamescom.global/en/exhibitor/ingenious-studios-doo","https://eu-central-1-gamescom.graphassets.com/AMwDHZTUSMaIlRlMFLL7Qz/quality=value:95/resize=w:640,fit:clip/sharpen=amount:1/auto_image/cmrj2pnyoesld07umvka9xzzu"
"","Insomnia Development","https://www.gamescom.global/en/exhibitor/insomnia-development-ug","https://eu-central-1-gamescom.graphassets.com/AMwDHZTUSMaIlRlMFLL7Qz/quality=value:95/resize=w:640,fit:clip/sharpen=amount:1/auto_image/cms4qxzcz9j3p07ulvic66uiw"
"","ItsTheEm","https://www.gamescom.global/en/exhibitor/itstheem","https://eu-central-1-gamescom.graphassets.com/AMwDHZTUSMaIlRlMFLL7Qz/quality=value:95/resize=w:640,fit:clip/sharpen=amount:1/auto_image/cmrf623obha3307umbxa7voc7"
"","Ivy Juice","https://www.gamescom.global/en/exhibitor/ivy-juice-games","https://eu-central-1-gamescom.graphassets.com/AMwDHZTUSMaIlRlMFLL7Qz/quality=value:95/resize=w:640,fit:clip/sharpen=amount:1/auto_image/cmrm05nhkcgoh07w1ssqh1ehu"
"J'IMPRIME COMME JM","J'IMPRIME COMME JM","",""
"J.K. Entertainment","J.K. Entertainment","",""
"Jackson Hansen","Jackson Hansen","",""
"Jacky's World","Jacky's World","",""
"","Jam Jar Jet","","https://eu-central-1-gamescom.graphassets.com/AMwDHZTUSMaIlRlMFLL7Qz/quality=value:95/resize=w:640,fit:clip/sharpen=amount:1/auto_image/cms9lf0yze7g307uuigouq5h4"
"Jennifer Heß","Jennifer Heß","",""
"JETRO","JETRO","",""
"jfc Medienzentrum","jfc Medienzentrum","",""
"Jilin Animation Institute","Jilin Animation Institute","",""
"Jinsu Theme Park","Jinsu Theme Park","",""
"Joe Yu Studio","Joe Yu Studio","",""
"JOINCO GAMES","JOINCO GAMES","",""
"joojee","joojee","",""
"","Joystick Ventures","https://www.gamescom.global/en/exhibitor/joystick-ventures",""
"Jugendforum NRW","Jugendforum NRW","",""
"Jugendzentren Köln","Jugendzentren Köln","",""
"Julia Salm","Julia Salm","",""
"","julien & erika","",""
"Jumbo Spiele","Jumbo Spiele","",""
"Junge Presse Nordrhein-Westfalen","Junge Presse Nordrhein-Westfalen","",""
"JUST FOR FUN","JUST FOR FUN","",""
"Justiz NRW","Justiz NRW","",""
"Jérémi IOGNA","Jérémi IOGNA","",""
"","Kabam Games","https://www.gamescom.global/en/exhibitor/kabam-games-inc",""
"Kaigan Games","Kaigan Games","",""
"","Kakehashi Games","https://www.gamescom.global/en/exhibitor/kakehashi-games",""
"","kaleidoscube","https://www.gamescom.global/en/exhibitor/kaleidoscube-gmbh",""
"Kaloplay","Kaloplay","",""
"KantaKerro","KantaKerro","",""
"Kaomoji","Kaomoji","",""
"KARNOX","KARNOX","",""
"Kawasaki","Kawasaki","",""
"KEMCO","KEMCO","",""
"","Kepler Interactive","https://www.gamescom.global/en/exhibitor/kepler-interactive",""
"Khermsart","Khermsart","",""
"kimmysparks","kimmysparks","",""
"Kinder- und Jugendzentrum DachloW","Kinder- und Jugendzentrum DachloW","",""
"KING Art","KING Art","",""
"kinnoishi studio","kinnoishi studio","",""
"Kirakishou","Kirakishou","",""
"Kiriya Kirihara","Kiriya Kirihara","",""
"","Knidaria Games","https://www.gamescom.global/en/exhibitor/knidaria-games",""
"Knochenmarkspenderzentrale","Knochenmarkspenderzentrale","",""
"","KO_OP","https://www.gamescom.global/en/exhibitor/koop",""
"KOCCA","KOCCA","",""
"","Kodobur Games","https://www.gamescom.global/en/exhibitor/kodobur-games",""
"Koeitecmo","Koeitecmo","",""
"Konami","Konami","",""
"konsolenfan.de","konsolenfan.de","",""
"Kosmos","Kosmos","",""
"Kowah","Kowah","",""
"","Krabbenkutter Games","https://www.gamescom.global/en/exhibitor/krabbenkutter-games",""
"","KRAFTON","https://www.gamescom.global/en/exhibitor/krafton",""
"Kraken","Kraken","",""
"","Kranich Games","https://www.gamescom.global/en/exhibitor/kranich-games",""
"KRIESP","KRIESP","",""
"KUDNALLA","KUDNALLA","",""
"","Kugelblitz","https://www.gamescom.global/en/exhibitor/kugelblitz",""
"","Kuixo","",""
"Kurera_Art","Kurera_Art","",""
"KYOUKARAA ILLUSTRATION","KYOUKARAA ILLUSTRATION","",""
"LAN & Gaming Events","LAN & Gaming Events","",""
"Landesarbeitsgemeinschaft Lokale Medienarbeit NRW","Landesarbeitsgemeinschaft Lokale Medienarbeit NRW","",""
"Landessportbund Nordrhein-Westfalen","Landessportbund Nordrhein-Westfalen","",""
"","Lazyflock","",""
"LeenOnArt","LeenOnArt","",""
"Leftovers Games","Leftovers Games","",""
"LEGO","LEGO","",""
"Lern- und Erinnerungsort Notaufnahmelager Gießen","Lern- und Erinnerungsort Notaufnahmelager Gießen","",""
"Leti Arts","Leti Arts","",""
"","Level Infinite","",""
"Lexar","Lexar","",""
"Libero Art Studio","Libero Art Studio","",""
"Lights Interactive","Lights Interactive","",""
"Linda Gleissner Art","Linda Gleissner Art","",""
"Lisa Santrau illustration + design","Lisa Santrau illustration + design","",""
"","Little Buffalo Studios","https://www.gamescom.global/en/exhibitor/little-buffalo-studios",""
"Logitech","Logitech","",""
"Lorena García Segura","Lorena García Segura","",""
"","Lost Lantern Studio","https://www.gamescom.global/en/exhibitor/lost-lantern-studio",""
"Lost Token","Lost Token","",""
"Lucid Rain Studios","Lucid Rain Studios","",""
"LUCID11","LUCID11","",""
"","Lucky Ghost","https://www.gamescom.global/en/exhibitor/lucky-ghost",""
"Ludum Elite","Ludum Elite","",""
"Lumibricks","Lumibricks","",""
"LunyOne","LunyOne","",""
"M3DS Academy","M3DS Academy","",""
"","Mainz University of Applied Sciences","https://www.gamescom.global/en/exhibitor/hochschule-mainz",""
"","MANGO PROTOCOL","https://www.gamescom.global/en/exhibitor/mango-protocol-sl",""
"","MANSION GAMES","https://www.gamescom.global/en/exhibitor/mansion-games",""
"Marios Dalavouras","Marios Dalavouras","",""
"Marketpoint","Marketpoint","",""
"Marlo Art","Marlo Art","",""
"Matsuri Nerd","Matsuri Nerd","",""
"Mattel","Mattel","",""
"Maximum Entertainment","Maximum Entertainment","",""
"MAYFLY","MAYFLY","",""
"MBC Game Studio","MBC Game Studio","",""
"","Joystick Ventures","https://www.gamescom.global/en/exhibitor/joystick-ventures","https://eu-central-1-gamescom.graphassets.com/AMwDHZTUSMaIlRlMFLL7Qz/quality=value:95/resize=w:640,fit:clip/sharpen=amount:1/auto_image/cmsdj08xoaqa507vwb06csk1u"
"","julien & erika","","https://eu-central-1-gamescom.graphassets.com/AMwDHZTUSMaIlRlMFLL7Qz/quality=value:95/resize=w:640,fit:clip/sharpen=amount:1/auto_image/cmrhmjyjapo6n07w7pvlo3bbd"
"","Kabam Games","https://www.gamescom.global/en/exhibitor/kabam-games-inc","https://eu-central-1-gamescom.graphassets.com/AMwDHZTUSMaIlRlMFLL7Qz/quality=value:95/resize=w:640,fit:clip/sharpen=amount:1/auto_image/cmr4ap6ljcm8u07w8rdxs17ex"
"","Kakehashi Games","https://www.gamescom.global/en/exhibitor/kakehashi-games","https://eu-central-1-gamescom.graphassets.com/AMwDHZTUSMaIlRlMFLL7Qz/quality=value:95/resize=w:640,fit:clip/sharpen=amount:1/auto_image/cmrceaebq3blh07w0stsxzs9k"
"","kaleidoscube","https://www.gamescom.global/en/exhibitor/kaleidoscube-gmbh","https://eu-central-1-gamescom.graphassets.com/AMwDHZTUSMaIlRlMFLL7Qz/quality=value:95/resize=w:640,fit:clip/sharpen=amount:1/auto_image/cmr3dnoht29po07w1xskvgayu"
"","Kepler Interactive","https://www.gamescom.global/en/exhibitor/kepler-interactive","https://eu-central-1-gamescom.graphassets.com/AMwDHZTUSMaIlRlMFLL7Qz/quality=value:95/resize=w:640,fit:clip/sharpen=amount:1/auto_image/cms630oxepu1e07usysujpgbm"
"","Knidaria Games","https://www.gamescom.global/en/exhibitor/knidaria-games","https://eu-central-1-gamescom.graphassets.com/AMwDHZTUSMaIlRlMFLL7Qz/quality=value:95/resize=w:640,fit:clip/sharpen=amount:1/auto_image/cms1dmx78unxq07w1b164h3sx"
"","KO_OP","https://www.gamescom.global/en/exhibitor/koop","https://eu-central-1-gamescom.graphassets.com/AMwDHZTUSMaIlRlMFLL7Qz/quality=value:95/resize=w:640,fit:clip/sharpen=amount:1/auto_image/cms579k657sg507usd5e1k1wg"
"","Kodobur Games","https://www.gamescom.global/en/exhibitor/kodobur-games","https://eu-central-1-gamescom.graphassets.com/AMwDHZTUSMaIlRlMFLL7Qz/quality=value:95/resize=w:640,fit:clip/sharpen=amount:1/auto_image/cms7h058x6mac07w95nl0lsha"
"","Krabbenkutter Games","https://www.gamescom.global/en/exhibitor/krabbenkutter-games","https://eu-central-1-gamescom.graphassets.com/AMwDHZTUSMaIlRlMFLL7Qz/quality=value:95/resize=w:640,fit:clip/sharpen=amount:1/auto_image/cms216mbi54yl07w1qkgg7taz"
"","KRAFTON","https://www.gamescom.global/en/exhibitor/krafton","https://eu-central-1-gamescom.graphassets.com/AMwDHZTUSMaIlRlMFLL7Qz/quality=value:95/resize=w:640,fit:clip/sharpen=amount:1/auto_image/cmrvosoh1fdpi07w6tqhmxizf"
"","Kranich Games","https://www.gamescom.global/en/exhibitor/kranich-games","https://eu-central-1-gamescom.graphassets.com/AMwDHZTUSMaIlRlMFLL7Qz/cms4h4y030ojc07w6f4g8k6qp"
"","Kugelblitz","https://www.gamescom.global/en/exhibitor/kugelblitz","https://eu-central-1-gamescom.graphassets.com/AMwDHZTUSMaIlRlMFLL7Qz/cmsdsrewikauc07vxoorabpml"
"","Kuixo","","https://eu-central-1-gamescom.graphassets.com/AMwDHZTUSMaIlRlMFLL7Qz/quality=value:95/resize=w:640,fit:clip/sharpen=amount:1/auto_image/cmsd1cu4z071007uojwc30yd3"
"","Lazyflock","","https://eu-central-1-gamescom.graphassets.com/AMwDHZTUSMaIlRlMFLL7Qz/quality=value:95/resize=w:640,fit:clip/sharpen=amount:1/auto_image/cmsd6gldq3zaa08w3acpg456j"
"","Level Infinite","","https://eu-central-1-gamescom.graphassets.com/AMwDHZTUSMaIlRlMFLL7Qz/quality=value:95/resize=w:640,fit:clip/sharpen=amount:1/auto_image/cmros3alt424q07utt24e9s2m"
"","Little Buffalo Studios","https://www.gamescom.global/en/exhibitor/little-buffalo-studios","https://eu-central-1-gamescom.graphassets.com/AMwDHZTUSMaIlRlMFLL7Qz/quality=value:95/resize=w:640,fit:clip/sharpen=amount:1/auto_image/cms62b0um4f6p07ur1zggje19"
"","Lost Lantern Studio","https://www.gamescom.global/en/exhibitor/lost-lantern-studio","https://eu-central-1-gamescom.graphassets.com/AMwDHZTUSMaIlRlMFLL7Qz/quality=value:95/resize=w:640,fit:clip/sharpen=amount:1/auto_image/cmrvxs6jwk29807w680jw5iuf"
"","Lucky Ghost","https://www.gamescom.global/en/exhibitor/lucky-ghost","https://eu-central-1-gamescom.graphassets.com/AMwDHZTUSMaIlRlMFLL7Qz/cmsa3omkef03n07vxz5n5und1"
"M&J Crafts","M&J Crafts","",""
"","MANSION GAMES","https://www.gamescom.global/en/exhibitor/mansion-games","https://eu-central-1-gamescom.graphassets.com/AMwDHZTUSMaIlRlMFLL7Qz/quality=value:95/resize=w:640,fit:clip/sharpen=amount:1/auto_image/cms32m3czjhqy07w1pv4es4oi"
"Meaningful Media","Meaningful Media","",""
"Medienförderung Rheinland-Pfalz","Medienförderung Rheinland-Pfalz","",""
"Mediensuchtprävention NRW","Mediensuchtprävention NRW","",""
"MediKnight","MediKnight","",""
"Megabit Publishing","Megabit Publishing","",""
"Meloncat","Meloncat","",""
"","Memory Forge","https://www.gamescom.global/en/exhibitor/memory-forge-gbr","https://eu-central-1-gamescom.graphassets.com/AMwDHZTUSMaIlRlMFLL7Qz/cms4qlwbp94oc07ul617vwin4"
"Meshy","Meshy","",""
"","Metanet Software","https://www.gamescom.global/en/exhibitor/metanet-software-inc","https://eu-central-1-gamescom.graphassets.com/AMwDHZTUSMaIlRlMFLL7Qz/quality=value:95/resize=w:640,fit:clip/sharpen=amount:1/auto_image/cmrxtkadf1ows07ut9e43y6aw"
"MFG Medien- und Filmgesellschaft","MFG Medien- und Filmgesellschaft","",""
"MHP Management- und IT-Beratung","MHP Management- und IT-Beratung","",""
"","Michael Wünstel","https://www.gamescom.global/en/exhibitor/michael-wuenstel-softwareentwicklung",""
"","MicroProse","https://www.gamescom.global/en/exhibitor/microprose-software-pty-ltd",""
"","Microtale Games","https://www.gamescom.global/en/exhibitor/microtale-games",""
"Midnight Kawaii","Midnight Kawaii","",""
"Mighty Penguin","Mighty Penguin","",""
"Mindtail Games","Mindtail Games","",""
"Ministerium des Innern des Landes","Ministerium des Innern des Landes","",""
"","Ministerium für Wirtschaft, Innovation, Digitales und Energie","https://www.gamescom.global/en/exhibitor/ministerium-fuer-wirtschaft-innovation-digitales-und-energie",""
"","Minnapad","https://www.gamescom.global/en/exhibitor/minnapad-pte-ltd",""
"Miracle Bread","Miracle Bread","",""
"","MiTale","https://www.gamescom.global/en/exhibitor/mitale-ltd",""
"MIXI Global Investments","MIXI Global Investments","",""
"MIZUCAT","MIZUCAT","",""
"MKJFGFI NRW","MKJFGFI NRW","",""
"MMD-Monitors & Displays","MMD-Monitors & Displays","",""
"","Molleindustria","https://www.gamescom.global/en/exhibitor/molleindustria",""
"MOOD Publishing","MOOD Publishing","",""
"moodrush","moodrush","",""
"moosaicc","moosaicc","",""
"","Moss Rock Studio","https://www.gamescom.global/en/exhibitor/moss-rock-studio",""
"Moth Quantum","Moth Quantum","",""
"MR GADGET","MR GADGET","",""
"MTG","MTG","",""
"","Mucks! Games","https://www.gamescom.global/en/exhibitor/mucks-games",""
"","MY NEW GAMES","",""
"","Mysteria Studio","https://www.gamescom.global/en/exhibitor/mysteria-studio",""
"Myuna Art","Myuna Art","",""
"Müller","Müller","",""
"NAKAYA Chihiro","NAKAYA Chihiro","",""
"Nao Games","Nao Games","",""
"Nat-chan","Nat-chan","",""
"Natalie Gnabs Chowlie","Natalie Gnabs Chowlie","",""
"Nayth","Nayth","",""
"NeoTech","NeoTech","",""
"Nestlé","Nestlé","",""
"","Nestwork Games","https://www.gamescom.global/en/exhibitor/nestwork-games-gmbh",""
"NETEASE","NETEASE","",""
"Netzmelden","Netzmelden","",""
"Neuron-age","Neuron-age","",""
"Neuxiii","Neuxiii","",""
"Newstarlightagency","Newstarlightagency","",""
"Nex Team","Nex Team","",""
"","Nexelon","https://www.gamescom.global/en/exhibitor/nexelon",""
"Next Level Bradford","Next Level Bradford","",""
"Nguyen","Nguyen","",""
"NI-CHAN","NI-CHAN","",""
"","Nimso","https://www.gamescom.global/en/exhibitor/nimso-ug-haftungsbeschraenkt",""
"","Nintendo","",""
"NIPPONBASHI","NIPPONBASHI","",""
"No Loading Games","No Loading Games","",""
"","NoBudgetStudios","https://www.gamescom.global/en/exhibitor/nobudgetstudios",""
"Nongshim","Nongshim","",""
"Nonlinear","Nonlinear","",""
"","Nord University","https://www.gamescom.global/en/exhibitor/nord-university",""
"nordmedia","nordmedia","",""
"","Northern Ireland Screen","https://www.gamescom.global/en/exhibitor/northern-ireland-screen",""
"Nova City","Nova City","",""
"Novemtails","Novemtails","",""
"","Nowhere Studios","https://www.gamescom.global/en/exhibitor/nowhere-studios",""
"Nyfter","Nyfter","",""
"","Oblation Studios","https://www.gamescom.global/en/exhibitor/oblation-studios",""
"Observer Interactive","Observer Interactive","",""
"OCTBUZZ","OCTBUZZ","",""
"Odyssey Gaming","Odyssey Gaming","",""
"Off Road Kids","Off Road Kids","",""
"","offbrand games","https://www.gamescom.global/en/exhibitor/offbrand-games",""
"Old Cake Factory","Old Cake Factory","",""
"","Omaet Games","https://www.gamescom.global/en/exhibitor/omaet-games",""
"","One More Journey","https://www.gamescom.global/en/exhibitor/one-more-journey",""
"","One more Level","",""
"","One Way Eleven","https://www.gamescom.global/en/exhibitor/onewayeleven",""
"","Optillusion","https://www.gamescom.global/en/exhibitor/optillusion-games",""
"Origamigne","Origamigne","",""
"Otaku Vault","Otaku Vault","",""
"Outlier","Outlier","",""
"Over World","Over World","",""
"Oyoo","Oyoo","",""
"Padawan Outpost","Padawan Outpost","",""
"Paiheme Studio","Paiheme Studio","",""
"","Paintbucket Games","https://www.gamescom.global/en/exhibitor/paintbucket-games",""
"","Palaye","https://www.gamescom.global/en/exhibitor/palaye",""
"Pan & Tung","Pan & Tung","",""
"Panini","Panini","",""
"","Papercoda Games","https://www.gamescom.global/en/exhibitor/papercoda-games",""
"Paradox Interactive","Paradox Interactive","",""
"Paralives Studio","Paralives Studio","",""
"","PARCO GAMES","https://www.gamescom.global/en/exhibitor/parco-games",""
"","Michael Wünstel","https://www.gamescom.global/en/exhibitor/michael-wuenstel-softwareentwicklung","https://eu-central-1-gamescom.graphassets.com/AMwDHZTUSMaIlRlMFLL7Qz/quality=value:95/resize=w:640,fit:clip/sharpen=amount:1/auto_image/cmr292dal8fkl07vylruo051q"
"","MicroProse","https://www.gamescom.global/en/exhibitor/microprose-software-pty-ltd","https://eu-central-1-gamescom.graphassets.com/AMwDHZTUSMaIlRlMFLL7Qz/cmsdsa1abjctq07vwhd2m745f"
"","Microtale Games","https://www.gamescom.global/en/exhibitor/microtale-games","https://eu-central-1-gamescom.graphassets.com/AMwDHZTUSMaIlRlMFLL7Qz/quality=value:95/resize=w:640,fit:clip/sharpen=amount:1/auto_image/cms81qeeglwit07w90hvqva6b"
"","Ministerium für Wirtschaft, Innovation, Digitales und Energie","https://www.gamescom.global/en/exhibitor/ministerium-fuer-wirtschaft-innovation-digitales-und-energie","https://eu-central-1-gamescom.graphassets.com/AMwDHZTUSMaIlRlMFLL7Qz/cmryuh3ob58t107uk8vif0yac"
"","Minnapad","https://www.gamescom.global/en/exhibitor/minnapad-pte-ltd","https://eu-central-1-gamescom.graphassets.com/AMwDHZTUSMaIlRlMFLL7Qz/quality=value:95/resize=w:640,fit:clip/sharpen=amount:1/auto_image/cms5aiicu9jeq07us3w3ucrw8"
"","MiTale","https://www.gamescom.global/en/exhibitor/mitale-ltd","https://eu-central-1-gamescom.graphassets.com/AMwDHZTUSMaIlRlMFLL7Qz/quality=value:95/resize=w:640,fit:clip/sharpen=amount:1/auto_image/cmqysaqpk1yzk07wa8b07sjqj"
"","Molleindustria","https://www.gamescom.global/en/exhibitor/molleindustria","https://eu-central-1-gamescom.graphassets.com/AMwDHZTUSMaIlRlMFLL7Qz/cms6lbmz63e5207usj937yzgq"
"","Moss Rock Studio","https://www.gamescom.global/en/exhibitor/moss-rock-studio","https://eu-central-1-gamescom.graphassets.com/AMwDHZTUSMaIlRlMFLL7Qz/cmqzchyqsaqve08vxe06c7e41"
"","Mucks! Games","https://www.gamescom.global/en/exhibitor/mucks-games","https://eu-central-1-gamescom.graphassets.com/AMwDHZTUSMaIlRlMFLL7Qz/cms4d3bjkgx2e08unlu5xs7h7"
"","MY NEW GAMES","","https://eu-central-1-gamescom.graphassets.com/AMwDHZTUSMaIlRlMFLL7Qz/quality=value:95/resize=w:640,fit:clip/sharpen=amount:1/auto_image/cmsaigfylo9zp07vxzlhtgycp"
"","Mysteria Studio","https://www.gamescom.global/en/exhibitor/mysteria-studio","https://eu-central-1-gamescom.graphassets.com/AMwDHZTUSMaIlRlMFLL7Qz/quality=value:95/resize=w:640,fit:clip/sharpen=amount:1/auto_image/cmrz7edk26wg807w1f53jy9pv"
"","Nestwork Games","https://www.gamescom.global/en/exhibitor/nestwork-games-gmbh","https://eu-central-1-gamescom.graphassets.com/AMwDHZTUSMaIlRlMFLL7Qz/quality=value:95/resize=w:640,fit:clip/sharpen=amount:1/auto_image/cmrvqibbpfy2w07w6mp6aj0bw"
"","Nexelon","https://www.gamescom.global/en/exhibitor/nexelon","https://eu-central-1-gamescom.graphassets.com/AMwDHZTUSMaIlRlMFLL7Qz/quality=value:95/resize=w:640,fit:clip/sharpen=amount:1/auto_image/cmse0jouanep707vx2pg1fgi7"
"","Nimso","https://www.gamescom.global/en/exhibitor/nimso-ug-haftungsbeschraenkt","https://eu-central-1-gamescom.graphassets.com/AMwDHZTUSMaIlRlMFLL7Qz/quality=value:95/resize=w:640,fit:clip/sharpen=amount:1/auto_image/cmr39d0wki9xz07vydbwop8tc"
"","Nintendo","","https://eu-central-1-gamescom.graphassets.com/AMwDHZTUSMaIlRlMFLL7Qz/quality=value:95/resize=w:640,fit:clip/sharpen=amount:1/auto_image/cmsdecb03748n07vxz49whv8y"
"","NoBudgetStudios","https://www.gamescom.global/en/exhibitor/nobudgetstudios","https://eu-central-1-gamescom.graphassets.com/AMwDHZTUSMaIlRlMFLL7Qz/quality=value:95/resize=w:640,fit:clip/sharpen=amount:1/auto_image/cms3727ka01ew07ut0npq32vp"
"","Nord University","https://www.gamescom.global/en/exhibitor/nord-university","https://eu-central-1-gamescom.graphassets.com/AMwDHZTUSMaIlRlMFLL7Qz/quality=value:95/resize=w:640,fit:clip/sharpen=amount:1/auto_image/cms0m0hycnp5307w1pjoi1aux"
"","Northern Ireland Screen","https://www.gamescom.global/en/exhibitor/northern-ireland-screen","https://eu-central-1-gamescom.graphassets.com/AMwDHZTUSMaIlRlMFLL7Qz/quality=value:95/resize=w:640,fit:clip/sharpen=amount:1/auto_image/cms66mdd3t8vj07usp771ivf9"
"","Nowhere Studios","https://www.gamescom.global/en/exhibitor/nowhere-studios","https://eu-central-1-gamescom.graphassets.com/AMwDHZTUSMaIlRlMFLL7Qz/quality=value:95/resize=w:640,fit:clip/sharpen=amount:1/auto_image/cms584avujo9u07ul0hsi8pg1"
"","Oblation Studios","https://www.gamescom.global/en/exhibitor/oblation-studios","https://eu-central-1-gamescom.graphassets.com/AMwDHZTUSMaIlRlMFLL7Qz/quality=value:95/resize=w:640,fit:clip/sharpen=amount:1/auto_image/cmrm5gmrc07il07uoyhqnx71m"
"","offbrand games","https://www.gamescom.global/en/exhibitor/offbrand-games","https://eu-central-1-gamescom.graphassets.com/AMwDHZTUSMaIlRlMFLL7Qz/quality=value:95/resize=w:640,fit:clip/sharpen=amount:1/auto_image/cmr3revvq720e07w8czton3og"
"","Omaet Games","https://www.gamescom.global/en/exhibitor/omaet-games","https://eu-central-1-gamescom.graphassets.com/AMwDHZTUSMaIlRlMFLL7Qz/quality=value:95/resize=w:640,fit:clip/sharpen=amount:1/auto_image/cmrf6nbx2hkxu07umnz4n545f"
"","One More Journey","https://www.gamescom.global/en/exhibitor/one-more-journey","https://eu-central-1-gamescom.graphassets.com/AMwDHZTUSMaIlRlMFLL7Qz/cms8nfwmorv2g07w9vt5v53hu"
"","One more Level","","https://eu-central-1-gamescom.graphassets.com/AMwDHZTUSMaIlRlMFLL7Qz/quality=value:95/resize=w:640,fit:clip/sharpen=amount:1/auto_image/cms8oih0w1dbq07w65ucpf9fl"
"","One Way Eleven","https://www.gamescom.global/en/exhibitor/onewayeleven","https://eu-central-1-gamescom.graphassets.com/AMwDHZTUSMaIlRlMFLL7Qz/cms79k1o6bdd807us9qfkdgik"
"","Optillusion","https://www.gamescom.global/en/exhibitor/optillusion-games","https://eu-central-1-gamescom.graphassets.com/AMwDHZTUSMaIlRlMFLL7Qz/cmr1af877ajsf07unza9kq0iq"
"","Paintbucket Games","https://www.gamescom.global/en/exhibitor/paintbucket-games","https://eu-central-1-gamescom.graphassets.com/AMwDHZTUSMaIlRlMFLL7Qz/quality=value:95/resize=w:640,fit:clip/sharpen=amount:1/auto_image/cms2zcuscff3p08w69me4hfda"
"","Palaye","https://www.gamescom.global/en/exhibitor/palaye","https://eu-central-1-gamescom.graphassets.com/AMwDHZTUSMaIlRlMFLL7Qz/quality=value:95/resize=w:640,fit:clip/sharpen=amount:1/auto_image/cms5xfs403p7f07w1hhmx7o5v"
"","Papercoda Games","https://www.gamescom.global/en/exhibitor/papercoda-games","https://eu-central-1-gamescom.graphassets.com/AMwDHZTUSMaIlRlMFLL7Qz/quality=value:95/resize=w:640,fit:clip/sharpen=amount:1/auto_image/cms0ubjkrruf307w1ful9u95e"
"","PARCO GAMES","https://www.gamescom.global/en/exhibitor/parco-games","https://eu-central-1-gamescom.graphassets.com/AMwDHZTUSMaIlRlMFLL7Qz/quality=value:95/resize=w:640,fit:clip/sharpen=amount:1/auto_image/cms5wxuua32xa07w1w949xwow"
"","Path Of Pixels","https://www.gamescom.global/en/exhibitor/path-of-pixels-gbr","https://eu-central-1-gamescom.graphassets.com/AMwDHZTUSMaIlRlMFLL7Qz/cms34jk251iqb07w5507zi8hj"
"PATONA","PATONA","",""
"Patrick's Art Room","Patrick's Art Room","",""
"Pavilion","Pavilion","",""
"PAWPRINT INTERACTIVE","PAWPRINT INTERACTIVE","",""
"Paysafe","Paysafe","",""
"Pearl Abyss","Pearl Abyss","",""
"","Peculiar Path","https://www.gamescom.global/en/exhibitor/peculiar-path-productions-inc","https://eu-central-1-gamescom.graphassets.com/AMwDHZTUSMaIlRlMFLL7Qz/cmrdtxz1b2lj607vv0rnxgbcc"
"Pegasus Spiele","Pegasus Spiele","",""
"","PepperStones","https://www.gamescom.global/en/exhibitor/pepperstonesinc","https://eu-central-1-gamescom.graphassets.com/AMwDHZTUSMaIlRlMFLL7Qz/quality=value:95/resize=w:640,fit:clip/sharpen=amount:1/auto_image/cms2vodztd6zn08w6v5t32y0m"
"","Phantompetal Studio","https://www.gamescom.global/en/exhibitor/phantompetal-studio-gbr","https://eu-central-1-gamescom.graphassets.com/AMwDHZTUSMaIlRlMFLL7Qz/quality=value:95/resize=w:640,fit:clip/sharpen=amount:1/auto_image/cmsan01az2oyy07uk1szt6v8f"
"Philipp Fuhr Fuhrious Trading Cards","Philipp Fuhr Fuhrious Trading Cards","",""
"Philips","Philips","",""
"Phinetworks","Phinetworks","",""
"phoenix group","phoenix group","",""
"Phui Phui Studio","Phui Phui Studio","",""
"PikPok","PikPok","",""
"PilotOne","PilotOne","",""
"Pincool","Pincool","",""
"","Pipapo Games","https://www.gamescom.global/en/exhibitor/pipapo-games",""
"","Pixelated Milk","https://www.gamescom.global/en/exhibitor/pixelated-milk",""
"PIXL VISN","PIXL VISN","",""
"PLAION","PLAION","",""
"","PLAN B","https://www.gamescom.global/en/exhibitor/plan-b-yazilim-oyun-anonim-sirketi",""
"planetlan","planetlan","",""
"Playfinity Games","Playfinity Games","",""
"PM Studios","PM Studios","",""
"PNY","PNY","",""
"Pocketpair Publishing","Pocketpair Publishing","",""
"Pokeso","Pokeso","",""
"Polizei Bayern","Polizei Bayern","",""
"Polizei Hessen","Polizei Hessen","",""
"Popteria","Popteria","",""
"","Positive Impact Games","https://www.gamescom.global/en/exhibitor/positive-impact-games",""
"PottPops","PottPops","",""
"","PQube","https://www.gamescom.global/en/exhibitor/pqube-ltd",""
"PrankMaker","PrankMaker","",""
"PricewaterhouseCoopers","PricewaterhouseCoopers","",""
"Private Exhibitor","Private Exhibitor","",""
"Pro Helvetia","Pro Helvetia","",""
"","Project Moreum","https://www.gamescom.global/en/exhibitor/project-moreum-inc",""
"PrutsShop","PrutsShop","",""
"PureArts","PureArts","",""
"","Pushing Vertices","https://www.gamescom.global/en/exhibitor/pushing-vertices",""
"PXN","PXN","",""
"Q-Games","Q-Games","",""
"","Quantumfrog","https://www.gamescom.global/en/exhibitor/quantumfrog-gmbh",""
"Quäker Nachbarschaftsheim","Quäker Nachbarschaftsheim","",""
"RabbitTrigger","RabbitTrigger","",""
"","Radical Fish Games","https://www.gamescom.global/en/exhibitor/radical-fish-games-gmbh",""
"RageSquid","RageSquid","",""
"RaiffiesArt","RaiffiesArt","",""
"Ravensburger Verlag","Ravensburger Verlag","",""
"RAW FURY","RAW FURY","",""
"Rayleigh Labs","Rayleigh Labs","",""
"Razer","Razer","",""
"RBZ Wirtschaft Kiel","RBZ Wirtschaft Kiel","",""
"RC Drift Games","RC Drift Games","",""
"Red Bull","Red Bull","",""
"","Red Hog Studio","https://www.gamescom.global/en/exhibitor/red-hog-studio-srl",""
"Red Meat Games","Red Meat Games","",""
"","Redknot Games","https://www.gamescom.global/en/exhibitor/redknot-games",""
"","RedOctane Games","https://www.gamescom.global/en/exhibitor/redoctane-games",""
"Reliable Plumbing Services","Reliable Plumbing Services","",""
"Remedy","Remedy","",""
"Revolution Software","Revolution Software","",""
"REWE","REWE","",""
"Reyhan's Artwork","Reyhan's Artwork","",""
"","Reykjavík University","https://www.gamescom.global/en/exhibitor/reykjavik-university",""
"Rheinmetall","Rheinmetall","",""
"","RiRo Games","https://www.gamescom.global/en/exhibitor/riro-games",""
"Rise Studio","Rise Studio","",""
"Rocked Panda Games","Rocked Panda Games","",""
"","RocketWerkz","https://www.gamescom.global/en/exhibitor/rocketwerkz",""
"Room Games","Room Games","",""
"","ROTxBLAU","https://www.gamescom.global/en/exhibitor/rotxblau",""
"RPTU Kaiserslautern","RPTU Kaiserslautern","",""
"","rr_games","",""
"Ruby Art","Ruby Art","",""
"","RucKyGAMES","https://www.gamescom.global/en/exhibitor/ruckygames",""
"Runecraft Studios","Runecraft Studios","",""
"S4G School for Games","S4G School for Games","",""
"SAE Institute","SAE Institute","",""
"sakastudio","sakastudio","",""
"SAKIMICHAN ART","SAKIMICHAN ART","",""
"Sammlerecke Comics und Romane","Sammlerecke Comics und Romane","",""
"Samsung","Samsung","",""
"Sandisk","Sandisk","",""
"SAS Perci Chen Illustration","SAS Perci Chen Illustration","",""
"SASU LEWAY","SASU LEWAY","",""
"Satori","Satori","",""
"Scrap Mole Games","Scrap Mole Games","",""
"","Screen Juice","https://www.gamescom.global/en/exhibitor/screen-juice-interactive-gmbh",""
"","SCS Software","https://www.gamescom.global/en/exhibitor/scs-software-sro",""
"SD Association","SD Association","",""
"Second Maze","Second Maze","",""
"","Secret Mode","https://www.gamescom.global/en/exhibitor/secret-mode-limited",""
"","SEGA","https://www.gamescom.global/en/exhibitor/sega-europe",""
"SeithCG","SeithCG","",""
"Serenity Forge","Serenity Forge","",""
"","Pipapo Games","https://www.gamescom.global/en/exhibitor/pipapo-games","https://eu-central-1-gamescom.graphassets.com/AMwDHZTUSMaIlRlMFLL7Qz/quality=value:95/resize=w:640,fit:clip/sharpen=amount:1/auto_image/cmqz142zp5bvs07wavxjflgml"
"","Pixelated Milk","https://www.gamescom.global/en/exhibitor/pixelated-milk","https://eu-central-1-gamescom.graphassets.com/AMwDHZTUSMaIlRlMFLL7Qz/quality=value:95/resize=w:640,fit:clip/sharpen=amount:1/auto_image/cms8xaw938ljm07w6554k05vz"
"","PLAN B","https://www.gamescom.global/en/exhibitor/plan-b-yazilim-oyun-anonim-sirketi","https://eu-central-1-gamescom.graphassets.com/AMwDHZTUSMaIlRlMFLL7Qz/quality=value:95/resize=w:640,fit:clip/sharpen=amount:1/auto_image/cmquxt3mj2mo107waalvqrfj2"
"","Positive Impact Games","https://www.gamescom.global/en/exhibitor/positive-impact-games","https://eu-central-1-gamescom.graphassets.com/AMwDHZTUSMaIlRlMFLL7Qz/quality=value:95/resize=w:640,fit:clip/sharpen=amount:1/auto_image/cms8wpzl0z6us07w9nufecnuk"
"","PQube","https://www.gamescom.global/en/exhibitor/pqube-ltd","https://eu-central-1-gamescom.graphassets.com/AMwDHZTUSMaIlRlMFLL7Qz/quality=value:95/resize=w:640,fit:clip/sharpen=amount:1/auto_image/cmr54finrlri907w85hvz82xz"
"","Project Moreum","https://www.gamescom.global/en/exhibitor/project-moreum-inc","https://eu-central-1-gamescom.graphassets.com/AMwDHZTUSMaIlRlMFLL7Qz/quality=value:95/resize=w:640,fit:clip/sharpen=amount:1/auto_image/cmrbx3rd9awq807vy1a3x42cn"
"","Pushing Vertices","https://www.gamescom.global/en/exhibitor/pushing-vertices","https://eu-central-1-gamescom.graphassets.com/AMwDHZTUSMaIlRlMFLL7Qz/quality=value:95/resize=w:640,fit:clip/sharpen=amount:1/auto_image/cmrxzs48878jv08w4vrniojqi"
"","Quantumfrog","https://www.gamescom.global/en/exhibitor/quantumfrog-gmbh","https://eu-central-1-gamescom.graphassets.com/AMwDHZTUSMaIlRlMFLL7Qz/cms5ra29aevty07us4j5ekta2"
"","Radical Fish Games","https://www.gamescom.global/en/exhibitor/radical-fish-games-gmbh","https://eu-central-1-gamescom.graphassets.com/AMwDHZTUSMaIlRlMFLL7Qz/quality=value:95/resize=w:640,fit:clip/sharpen=amount:1/auto_image/cmreuczovbv1k07umdr8tf6vg"
"","Red Hog Studio","https://www.gamescom.global/en/exhibitor/red-hog-studio-srl","https://eu-central-1-gamescom.graphassets.com/AMwDHZTUSMaIlRlMFLL7Qz/cms3167dngpdt08w6voh5075r"
"","Redknot Games","https://www.gamescom.global/en/exhibitor/redknot-games","https://eu-central-1-gamescom.graphassets.com/AMwDHZTUSMaIlRlMFLL7Qz/quality=value:95/resize=w:640,fit:clip/sharpen=amount:1/auto_image/cmrosljda01u507w40v729j6j"
"","RedOctane Games","https://www.gamescom.global/en/exhibitor/redoctane-games","https://eu-central-1-gamescom.graphassets.com/AMwDHZTUSMaIlRlMFLL7Qz/quality=value:95/resize=w:640,fit:clip/sharpen=amount:1/auto_image/cmseo0ppe1cg107uoqti6o92s"
"","Reykjavík University","https://www.gamescom.global/en/exhibitor/reykjavik-university","https://eu-central-1-gamescom.graphassets.com/AMwDHZTUSMaIlRlMFLL7Qz/quality=value:95/resize=w:640,fit:clip/sharpen=amount:1/auto_image/cms8z8b8qaang07w6pr1v4jpq"
"","RiRo Games","https://www.gamescom.global/en/exhibitor/riro-games","https://eu-central-1-gamescom.graphassets.com/AMwDHZTUSMaIlRlMFLL7Qz/cms1o7st6y1z208w6wlvxanf8"
"","RocketWerkz","https://www.gamescom.global/en/exhibitor/rocketwerkz","https://eu-central-1-gamescom.graphassets.com/AMwDHZTUSMaIlRlMFLL7Qz/quality=value:95/resize=w:640,fit:clip/sharpen=amount:1/auto_image/cms4ai56ff8g508unjr7di4vz"
"","ROTxBLAU","https://www.gamescom.global/en/exhibitor/rotxblau","https://eu-central-1-gamescom.graphassets.com/AMwDHZTUSMaIlRlMFLL7Qz/quality=value:95/resize=w:640,fit:clip/sharpen=amount:1/auto_image/cms39umtf2mau07utlit7l04u"
"","rr_games","","https://eu-central-1-gamescom.graphassets.com/AMwDHZTUSMaIlRlMFLL7Qz/quality=value:95/resize=w:640,fit:clip/sharpen=amount:1/auto_image/cmryprbgo1gqc08ukx3jgqpqc"
"","RucKyGAMES","https://www.gamescom.global/en/exhibitor/ruckygames","https://eu-central-1-gamescom.graphassets.com/AMwDHZTUSMaIlRlMFLL7Qz/quality=value:95/resize=w:640,fit:clip/sharpen=amount:1/auto_image/cms8ofjll1bfs07w6rdgnq44i"
"","Screen Juice","https://www.gamescom.global/en/exhibitor/screen-juice-interactive-gmbh","https://eu-central-1-gamescom.graphassets.com/AMwDHZTUSMaIlRlMFLL7Qz/quality=value:95/resize=w:640,fit:clip/sharpen=amount:1/auto_image/cms4eoj7n0tne06vx7v9xe5o6"
"","SCS Software","https://www.gamescom.global/en/exhibitor/scs-software-sro","https://eu-central-1-gamescom.graphassets.com/AMwDHZTUSMaIlRlMFLL7Qz/quality=value:95/resize=w:640,fit:clip/sharpen=amount:1/auto_image/cms2zrrmpfn4g08w641ifk1r3"
"","Secret Mode","https://www.gamescom.global/en/exhibitor/secret-mode-limited","https://eu-central-1-gamescom.graphassets.com/AMwDHZTUSMaIlRlMFLL7Qz/quality=value:95/resize=w:640,fit:clip/sharpen=amount:1/auto_image/cms4lmejk4ftg07ul367ep4s0"
"","SEGA","https://www.gamescom.global/en/exhibitor/sega-europe","https://eu-central-1-gamescom.graphassets.com/AMwDHZTUSMaIlRlMFLL7Qz/quality=value:95/resize=w:640,fit:clip/sharpen=amount:1/auto_image/cmsd4ui0h2gov08w3i6kzky9n"
"Services Export Promotion Council","Services Export Promotion Council","",""
"SGI Creations","SGI Creations","",""
"","Shadowmoss","https://www.gamescom.global/en/exhibitor/shadowmoss","https://eu-central-1-gamescom.graphassets.com/AMwDHZTUSMaIlRlMFLL7Qz/quality=value:95/resize=w:640,fit:clip/sharpen=amount:1/auto_image/cms8sn7054qsm07w6uqphec9s"
"Shanghai Wuliu Culture","Shanghai Wuliu Culture","",""
"","Sharkbomb Studios","https://www.gamescom.global/en/exhibitor/sharkbomb-studios","https://eu-central-1-gamescom.graphassets.com/AMwDHZTUSMaIlRlMFLL7Qz/quality=value:95/resize=w:640,fit:clip/sharpen=amount:1/auto_image/cmr3agvok0bni07vypokquxba"
"SHIN SEKAI","SHIN SEKAI","",""
"Shiny Dynamics","Shiny Dynamics","",""
"Shirotani","Shirotani","",""
"","SHUEISHA GAMES Inc.","https://www.gamescom.global/en/exhibitor/shueisha-games","https://eu-central-1-gamescom.graphassets.com/AMwDHZTUSMaIlRlMFLL7Qz/quality=value:95/resize=w:640,fit:clip/sharpen=amount:1/auto_image/cmrdcj31d5d8y08uo9l3qsx3r"
"","Sidekick Publishing","https://www.gamescom.global/en/exhibitor/sidekick","https://eu-central-1-gamescom.graphassets.com/AMwDHZTUSMaIlRlMFLL7Qz/quality=value:95/resize=w:640,fit:clip/sharpen=amount:1/auto_image/cms54gzj16dzm07us0sthcecc"
"Siemens","Siemens","",""
"","SIGONO","https://www.gamescom.global/en/exhibitor/sigono-inc","https://eu-central-1-gamescom.graphassets.com/AMwDHZTUSMaIlRlMFLL7Qz/quality=value:95/resize=w:640,fit:clip/sharpen=amount:1/auto_image/cmr0466ezhfpd08vxjw4c35s3"
"","Silicon Souls","https://www.gamescom.global/en/exhibitor/silicon-souls","https://eu-central-1-gamescom.graphassets.com/AMwDHZTUSMaIlRlMFLL7Qz/cmr3bqnf214ox07vyr4i4y0ya"
"Siloegi Operation","Siloegi Operation","",""
"Silver Dragon Sabers","Silver Dragon Sabers","",""
"","Silver Lining Interactive","",""
"simizu","simizu","",""
"Simon Wuff","Simon Wuff","",""
"Sixjoy Hong Kong Limited","Sixjoy Hong Kong Limited","",""
"Sixtyfour","Sixtyfour","",""
"SK Gaming","SK Gaming","",""
"Skeleton Crew Studio","Skeleton Crew Studio","",""
"","SLAP-BANG! Digital","https://www.gamescom.global/en/exhibitor/slap-bang-digital",""
"Smax Furniture","Smax Furniture","",""
"","SMOKOKO","https://www.gamescom.global/en/exhibitor/smokoko-ltd",""
"","Snail Games","https://www.gamescom.global/en/exhibitor/snail-games-usa",""
"","Snapbreak Games","https://www.gamescom.global/en/exhibitor/snapbreak-games-ab",""
"","Sofa","https://www.gamescom.global/en/exhibitor/sofa-interactive",""
"Soft Crunch Games","Soft Crunch Games","",""
"","Soft Source","https://www.gamescom.global/en/exhibitor/soft-source",""
"","SOMETIMES LIMITED","https://www.gamescom.global/en/exhibitor/sometimes-limited",""
"","Sonorode","https://www.gamescom.global/en/exhibitor/sonorode",""
"SONS OF A BIT ENTERTAINMENT","SONS OF A BIT ENTERTAINMENT","",""
"Sony","Sony","",""
"Sony Pictures","Sony Pictures","",""
"","SOTO Game Studio","https://www.gamescom.global/en/exhibitor/soto-game-studio",""
"","Soulven","https://www.gamescom.global/en/exhibitor/soulven",""
"","South Westerly Games","",""
"Sparrow Games","Sparrow Games","",""
"","Speculative Agency","",""
"Spellfusion","Spellfusion","",""
"Spezi","Spezi","",""
"","Spicy Sushi Games","https://www.gamescom.global/en/exhibitor/spicy-sushi-games-ug",""
"","Spiral Up Games","https://www.gamescom.global/en/exhibitor/spiral-up-games-pte-ltd",""
"","SporeWood Games","https://www.gamescom.global/en/exhibitor/sporewood-games",""
"Square Enix","Square Enix","",""
"Square Glade Games","Square Glade Games","",""
"SRH Fachschulen","SRH Fachschulen","",""
"Stadt Köln","Stadt Köln","",""
"Stiftung Digitale Spielekultur","Stiftung Digitale Spielekultur","",""
"Stobi Games","Stobi Games","",""
"","storynote","https://www.gamescom.global/en/exhibitor/storynote-inc",""
"Strabag Rail","Strabag Rail","",""
"","Stray Fawn Studio","https://www.gamescom.global/en/exhibitor/stray-fawn-studio",""
"STRIDE GAMES","STRIDE GAMES","",""
"STROBETANO","STROBETANO","",""
"","Studio BBB","https://www.gamescom.global/en/exhibitor/studio-bbb-inc",""
"","Studio Windspiel","https://www.gamescom.global/en/exhibitor/studio-windspiel",""
"","studiomask","https://www.gamescom.global/en/exhibitor/studiomask",""
"Subway","Subway","",""
"","SUPER AC","https://www.gamescom.global/en/exhibitor/super-ac",""
"","Super Rare Games","https://www.gamescom.global/en/exhibitor/super-rare-games-ltd",""
"SUPERGEARS GAMES","SUPERGEARS GAMES","",""
"SYLOPON","SYLOPON","",""
"","Symmetry Break Studio","https://www.gamescom.global/en/exhibitor/symmetry-break-studio",""
"Tabletop-Dragon","Tabletop-Dragon","",""
"TAKKAN Digital Lab","TAKKAN Digital Lab","",""
"tamagojani","tamagojani","",""
"TCG Liga Murten","TCG Liga Murten","",""
"TCOMAS","TCOMAS","",""
"","Team Complex","",""
"","Team Crescendo","https://www.gamescom.global/en/exhibitor/team-crescendo-llc",""
"Team Flask","Team Flask","",""
"","Team Honeybeak","https://www.gamescom.global/en/exhibitor/team-honeybeak",""
"","TEAM HORAY","https://www.gamescom.global/en/exhibitor/team-horay-co-ltd",""
"","Team Junkfish","https://www.gamescom.global/en/exhibitor/team-junkfish",""
"","Team Nava Games","https://www.gamescom.global/en/exhibitor/team-nava-games",""
"","team17","https://www.gamescom.global/en/exhibitor/team17-digital-ltd",""
"","Technical University of Munich","https://www.gamescom.global/en/exhibitor/technische-universitaet-muenchen",""
"Techniker Krankenkasse","Techniker Krankenkasse","",""
"Technische Hochschule Augsburg","Technische Hochschule Augsburg","",""
"","Technische Hochschule Köln - CGL","https://www.gamescom.global/en/exhibitor/technische-hochschule-koeln",""
"Technische Hochschule Ostwestfalen-Lippe","Technische Hochschule Ostwestfalen-Lippe","",""
"Technische Universität Darmstadt","Technische Universität Darmstadt","",""
"Templar Media","Templar Media","",""
"Tencent Games","Tencent Games","",""
"Tenxia","Tenxia","",""
"TERAHARD HELLAS","TERAHARD HELLAS","",""
"","Tessera Studios","https://www.gamescom.global/en/exhibitor/tessera-studios",""
"","Test1","",""
"","The Game Bakers","https://www.gamescom.global/en/exhibitor/the-game-bakers",""
"The Longest Road","The Longest Road","",""
"The Pikki Shop","The Pikki Shop","",""
"","THE ROOF Interactive","https://www.gamescom.global/en/exhibitor/the-roof-interactive",""
"TheFriendlyPigeon","TheFriendlyPigeon","",""
"Thermaltake","Thermaltake","",""
"","Thermite Games","https://www.gamescom.global/en/exhibitor/thermite-games",""
"","thogli studios","https://www.gamescom.global/en/exhibitor/thogli-studios",""
"Thomas Meckel","Thomas Meckel","",""
"","Thomas Waterzooi","https://www.gamescom.global/en/exhibitor/thomas-waterzooi",""
"","Silver Lining Interactive","","https://eu-central-1-gamescom.graphassets.com/AMwDHZTUSMaIlRlMFLL7Qz/quality=value:95/resize=w:640,fit:clip/sharpen=amount:1/auto_image/cms8ynsvu0l2h07w9jlptvvwt"
"","SLAP-BANG! Digital","https://www.gamescom.global/en/exhibitor/slap-bang-digital","https://eu-central-1-gamescom.graphassets.com/AMwDHZTUSMaIlRlMFLL7Qz/quality=value:95/resize=w:640,fit:clip/sharpen=amount:1/auto_image/cms2b9t0v9z5807w10sr6ms1y"
"","SMOKOKO","https://www.gamescom.global/en/exhibitor/smokoko-ltd","https://eu-central-1-gamescom.graphassets.com/AMwDHZTUSMaIlRlMFLL7Qz/quality=value:95/resize=w:640,fit:clip/sharpen=amount:1/auto_image/cms5motdgcjk107us0ejyyibz"
"","Snail Games","https://www.gamescom.global/en/exhibitor/snail-games-usa","https://eu-central-1-gamescom.graphassets.com/AMwDHZTUSMaIlRlMFLL7Qz/quality=value:95/resize=w:640,fit:clip/sharpen=amount:1/auto_image/cms6kng0i2xko07uspmwxb2pm"
"","Snapbreak Games","https://www.gamescom.global/en/exhibitor/snapbreak-games-ab","https://eu-central-1-gamescom.graphassets.com/AMwDHZTUSMaIlRlMFLL7Qz/quality=value:95/resize=w:640,fit:clip/sharpen=amount:1/auto_image/cms76u3gz9ojt07us7oxh4v6b"
"","Sofa","https://www.gamescom.global/en/exhibitor/sofa-interactive","https://eu-central-1-gamescom.graphassets.com/AMwDHZTUSMaIlRlMFLL7Qz/quality=value:95/resize=w:640,fit:clip/sharpen=amount:1/auto_image/cmrkbqe4jii5w07w74dd065qy"
"","Soft Source","https://www.gamescom.global/en/exhibitor/soft-source","https://eu-central-1-gamescom.graphassets.com/AMwDHZTUSMaIlRlMFLL7Qz/quality=value:95/resize=w:640,fit:clip/sharpen=amount:1/auto_image/cmrk4wp86gyq007w7aptz1sy2"
"","SOMETIMES LIMITED","https://www.gamescom.global/en/exhibitor/sometimes-limited","https://eu-central-1-gamescom.graphassets.com/AMwDHZTUSMaIlRlMFLL7Qz/quality=value:95/resize=w:640,fit:clip/sharpen=amount:1/auto_image/cmrbwmf1kasoh08vxlq9k2lo3"
"","Sonorode","https://www.gamescom.global/en/exhibitor/sonorode","https://eu-central-1-gamescom.graphassets.com/AMwDHZTUSMaIlRlMFLL7Qz/cms09z7kfi0gk07w1gbdbqu8l"
"","SOTO Game Studio","https://www.gamescom.global/en/exhibitor/soto-game-studio","https://eu-central-1-gamescom.graphassets.com/AMwDHZTUSMaIlRlMFLL7Qz/quality=value:95/resize=w:640,fit:clip/sharpen=amount:1/auto_image/cmryuuemj5btq07ukeelkh9cl"
"","Soulven","https://www.gamescom.global/en/exhibitor/soulven","https://eu-central-1-gamescom.graphassets.com/AMwDHZTUSMaIlRlMFLL7Qz/quality=value:95/resize=w:640,fit:clip/sharpen=amount:1/auto_image/cmrm6sslk0x8c07uo3x03sinw"
"","South Westerly Games","","https://eu-central-1-gamescom.graphassets.com/AMwDHZTUSMaIlRlMFLL7Qz/quality=value:95/resize=w:640,fit:clip/sharpen=amount:1/auto_image/cms36izs9n8ir07w18qy6vw2z"
"","Speculative Agency","","https://eu-central-1-gamescom.graphassets.com/AMwDHZTUSMaIlRlMFLL7Qz/quality=value:95/resize=w:640,fit:clip/sharpen=amount:1/auto_image/cmr3hn0ad2auo07w8bwewpanq"
"","Spicy Sushi Games","https://www.gamescom.global/en/exhibitor/spicy-sushi-games-ug","https://eu-central-1-gamescom.graphassets.com/AMwDHZTUSMaIlRlMFLL7Qz/quality=value:95/resize=w:640,fit:clip/sharpen=amount:1/auto_image/cmrywun6g12et07w5qc8c1mjl"
"","Spiral Up Games","https://www.gamescom.global/en/exhibitor/spiral-up-games-pte-ltd","https://eu-central-1-gamescom.graphassets.com/AMwDHZTUSMaIlRlMFLL7Qz/quality=value:95/resize=w:640,fit:clip/sharpen=amount:1/auto_image/cms4a5mh0cox406w07ni9qhid"
"","SporeWood Games","https://www.gamescom.global/en/exhibitor/sporewood-games","https://eu-central-1-gamescom.graphassets.com/AMwDHZTUSMaIlRlMFLL7Qz/cms1xq84v2l0f08w6xmd3gf2g"
"","storynote","https://www.gamescom.global/en/exhibitor/storynote-inc","https://eu-central-1-gamescom.graphassets.com/AMwDHZTUSMaIlRlMFLL7Qz/quality=value:95/resize=w:640,fit:clip/sharpen=amount:1/auto_image/cms2lszhtc6nq07w114pg73no"
"","Stray Fawn Studio","https://www.gamescom.global/en/exhibitor/stray-fawn-studio","https://eu-central-1-gamescom.graphassets.com/AMwDHZTUSMaIlRlMFLL7Qz/quality=value:95/resize=w:640,fit:clip/sharpen=amount:1/auto_image/cmr0eqzzajomo08vxzokxi2fj"
"","Studio BBB","https://www.gamescom.global/en/exhibitor/studio-bbb-inc","https://eu-central-1-gamescom.graphassets.com/AMwDHZTUSMaIlRlMFLL7Qz/quality=value:95/resize=w:640,fit:clip/sharpen=amount:1/auto_image/cms92d1wa0vdc07vu1sb8e2jh"
"","Studio Windspiel","https://www.gamescom.global/en/exhibitor/studio-windspiel","https://eu-central-1-gamescom.graphassets.com/AMwDHZTUSMaIlRlMFLL7Qz/cmr0nau1v0tjj07unctrvv499"
"","studiomask","https://www.gamescom.global/en/exhibitor/studiomask","https://eu-central-1-gamescom.graphassets.com/AMwDHZTUSMaIlRlMFLL7Qz/quality=value:95/resize=w:640,fit:clip/sharpen=amount:1/auto_image/cmrp4qagc5ttk07w4xa9r4w7o"
"","SUPER AC","https://www.gamescom.global/en/exhibitor/super-ac","https://eu-central-1-gamescom.graphassets.com/AMwDHZTUSMaIlRlMFLL7Qz/quality=value:95/resize=w:640,fit:clip/sharpen=amount:1/auto_image/cms5tj86vgnug07uswz90xwmj"
"","Super Rare Games","https://www.gamescom.global/en/exhibitor/super-rare-games-ltd","https://eu-central-1-gamescom.graphassets.com/AMwDHZTUSMaIlRlMFLL7Qz/quality=value:95/resize=w:640,fit:clip/sharpen=amount:1/auto_image/cms5vxm2vivx807usxjawwfdb"
"","Symmetry Break Studio","https://www.gamescom.global/en/exhibitor/symmetry-break-studio","https://eu-central-1-gamescom.graphassets.com/AMwDHZTUSMaIlRlMFLL7Qz/quality=value:95/resize=w:640,fit:clip/sharpen=amount:1/auto_image/cmr31p4e5fwvg07uig3bd9vie"
"T Tech","T Tech","",""
"Thuy Tien Pham-Böhlig","Thuy Tien Pham-Böhlig","",""
"ThxD","ThxD","",""
"","Ties Groen & Adam Pype","https://www.gamescom.global/en/exhibitor/skinface",""
"TNG Technology Consulting","TNG Technology Consulting","",""
"TokoKami","TokoKami","",""
"Tomodachi Games","Tomodachi Games","",""
"","Total Mayhem Games","https://www.gamescom.global/en/exhibitor/total-mayhem-games",""
"Toy Haven","Toy Haven","",""
"Toymovieshop Snijders Schoenen","Toymovieshop Snijders Schoenen","",""
"transfer e.V.","transfer e.V.","",""
"TransferOp","TransferOp","",""
"","Traveller's Box","https://www.gamescom.global/en/exhibitor/travellers-box",""
"","Trellis","https://www.gamescom.global/en/exhibitor/trellis-labs-inc",""
"Tripearl Games","Tripearl Games","",""
"","Troglobytes Games","",""
"TSITSILAS PANAGIOTIS GEORGIOS","TSITSILAS PANAGIOTIS GEORGIOS","",""
"Tsume Art","Tsume Art","",""
"","TU Graz","https://www.gamescom.global/en/exhibitor/tu-graz",""
"Twins Creative Studio","Twins Creative Studio","",""
"","Ubisoft","",""
"Udo Games","Udo Games","",""
"","Ukiyo Studios","https://www.gamescom.global/en/exhibitor/ukiyo-studios-pty",""
"Undercoders","Undercoders","",""
"Unity Technologies","Unity Technologies","",""
"","Universities BW","https://www.gamescom.global/en/exhibitor/unis-baden-wuerttemberg",""
"Universität Bayreuth","Universität Bayreuth","",""
"Universität Koblenz","Universität Koblenz","",""
"Universität Osnabrück","Universität Osnabrück","",""
"Unlimited Game Studios","Unlimited Game Studios","",""
"Unlocked","Unlocked","",""
"","UnrealEstate","https://www.gamescom.global/en/exhibitor/unrealestate-gmbh",""
"","Uprising Studios","https://www.gamescom.global/en/exhibitor/uprising-studios",""
"","Urban Oasis","https://www.gamescom.global/en/exhibitor/urban-oasis-corp",""
"USK","USK","",""
"Utry.me","Utry.me","",""
"VAF","VAF","",""
"","Vania Games","https://www.gamescom.global/en/exhibitor/vania-games",""
"Varsav","Varsav","",""
"Vea","Vea","",""
"","Veewo Games","https://www.gamescom.global/en/exhibitor/veewo-games",""
"Venn Studios","Venn Studios","",""
"Verbraucherzentrale NRW","Verbraucherzentrale NRW","",""
"Vercors Games","Vercors Games","",""
"Verkehrswacht Düren","Verkehrswacht Düren","",""
"Videogiochi per Passione","Videogiochi per Passione","",""
"","Viktorart","",""
"VRCAVE","VRCAVE","",""
"VXP SRLS","VXP SRLS","",""
"Völkle Bürostühle","Völkle Bürostühle","",""
"W Love Games","W Love Games","",""
"Walbert-Schmitz","Walbert-Schmitz","",""
"Waldkind Studio","Waldkind Studio","",""
"Webedia","Webedia","",""
"Weekend Games","Weekend Games","",""
"Wegfreund Games","Wegfreund Games","",""
"","Weird Chicken Games","https://www.gamescom.global/en/exhibitor/weird-chicken-games",""
"Weishiart","Weishiart","",""
"Westdeutsche SpenderZentrale","Westdeutsche SpenderZentrale","",""
"Westdeutscher Rundfunk Köln","Westdeutscher Rundfunk Köln","",""
"Whisper Interactive","Whisper Interactive","",""
"","Whispergrove Interactive","https://www.gamescom.global/en/exhibitor/whispergrove-interactive",""
"","wieLuft","https://www.gamescom.global/en/exhibitor/wieluft-freie-kuenstler",""
"","Williwaw","https://www.gamescom.global/en/exhibitor/williwaw",""
"","WINGS","https://www.gamescom.global/en/exhibitor/wings",""
"","Wired Productions","https://www.gamescom.global/en/exhibitor/wired-productions",""
"Wittywala Interactive Design","Wittywala Interactive Design","",""
"Wizards of the Coast","Wizards of the Coast","",""
"WoblixGames","WoblixGames","",""
"Wolf Le Roux","Wolf Le Roux","",""
"","WoodRunner Games","https://www.gamescom.global/en/exhibitor/woodrunner-games",""
"","Wrong Organ","https://www.gamescom.global/en/exhibitor/wrong-organ-ab",""
"WSA Rhein","WSA Rhein","",""
"Wuhan Kaitian Art Culture","Wuhan Kaitian Art Culture","",""
"XBOX","XBOX","",""
"","XelerateVR","https://www.gamescom.global/en/exhibitor/xeleratevr-gmbh",""
"XPPen","XPPen","",""
"","Yaga Studio","https://www.gamescom.global/en/exhibitor/yaga-studio",""
"Yangyang Mobile","Yangyang Mobile","",""
"Yann Savard","Yann Savard","",""
"Yellow Hearts","Yellow Hearts","",""
"Yeop Studio","Yeop Studio","",""
"YuzuPulse","YuzuPulse","",""
"yvolve","yvolve","",""
"Z-Zero","Z-Zero","",""
"ZDS Akademie","ZDS Akademie","",""
"Zenimax","Zenimax","",""
"zFrontier","zFrontier","",""
"ZoroArts","ZoroArts","",""