exhibitor_id,application_id,company_name,brand_name,products,booth,detail_url,source_page,source_position
02A20D9DF1BB12172E961541BF14D48F,250653,A*STAR,,,TWTC Exhibition Hall 1 Overseas Inventions Area B1017a,https://www.inventaipei.com.tw/en/exhibitor/02A20D9DF1BB12172CB146F5E5230F0BBFB422A6A801970E/info.html?lt=data&vt=company-name&cr=1,https://www.inventaipei.com.tw/en/exhibitor/company-name-data/index.html?tags=&pageSize=40&currentPage=1,1
02A20D9DF1BB1217425B47CE48CDE0B3,250654,ABC Communications BD Ltd.,,,TWTC Exhibition Hall 1 Overseas Inventions Area B1014,https://www.inventaipei.com.tw/en/exhibitor/02A20D9DF1BB1217D1A9F0BE7B946373BFB422A6A801970E/info.html?lt=data&vt=company-name&cr=2,https://www.inventaipei.com.tw/en/exhibitor/company-name-data/index.html?tags=&pageSize=40&currentPage=1,2
075C61A2734261A960CF1421493C19A8,250050,"ALGER TECHNOLOGY CO., LTD.",ALGER,,TWTC Exhibition Hall 1 Domestic Inventions Area B0226,https://www.inventaipei.com.tw/en/exhibitor/075C61A2734261A9347EFEE26384B8282605680E9E44D119/info.html?lt=data&vt=company-name&cr=3,https://www.inventaipei.com.tw/en/exhibitor/company-name-data/index.html?tags=&pageSize=40&currentPage=1,3
FB190549F89ACB92AB7E064FB6201992,250205,Agrace Fuel Cell Technology Co.,冠恩/ AGrace,,TWTC Exhibition Hall 1 Patented Merchandise Area B0201,https://www.inventaipei.com.tw/en/exhibitor/FB190549F89ACB92337E855E67A551C72605680E9E44D119/info.html?lt=data&vt=company-name&cr=4,https://www.inventaipei.com.tw/en/exhibitor/company-name-data/index.html?tags=&pageSize=40&currentPage=1,4
2CBDAC4683FD290CD21A616E7010DF8D,250207,Aikang Technology Enterprise Co.Ltd,愛康.Aikang,,TWTC Exhibition Hall 1 Patented Merchandise Area B0202,https://www.inventaipei.com.tw/en/exhibitor/2CBDAC4683FD290C40727E6033CBE3B42605680E9E44D119/info.html?lt=data&vt=company-name&cr=5,https://www.inventaipei.com.tw/en/exhibitor/company-name-data/index.html?tags=&pageSize=40&currentPage=1,5
021B5F73BB13E932A4C7E4A2996BA060,250191,Air Force Institute of Technology,,,TWTC Exhibition Hall 1 Educational Institution Inventions Area B0930,https://www.inventaipei.com.tw/en/exhibitor/021B5F73BB13E93221E652EE0A9ADE242605680E9E44D119/info.html?lt=data&vt=company-name&cr=6,https://www.inventaipei.com.tw/en/exhibitor/company-name-data/index.html?tags=&pageSize=40&currentPage=1,6
682ED65CCFF6037DA15B12EFA3F2CD5D,250178,Artificial Intelligence-oriented Virtual Intelligent Health and Exercise Service Alliance,,,TWTC Exhibition Hall 1 Educational Institution Inventions Area B1024,https://www.inventaipei.com.tw/en/exhibitor/682ED65CCFF6037DABF55683A025247A2605680E9E44D119/info.html?lt=data&vt=company-name&cr=7,https://www.inventaipei.com.tw/en/exhibitor/company-name-data/index.html?tags=&pageSize=40&currentPage=1,7
1957A6CF360C4B055F35A95A0E3D606F,250068,Asia Eastern University of Science and Technology,,,TWTC Exhibition Hall 1 Educational Institution Inventions Area B5129a,https://www.inventaipei.com.tw/en/exhibitor/1957A6CF360C4B055A670062BDD6CCC62605680E9E44D119/info.html?lt=data&vt=company-name&cr=8,https://www.inventaipei.com.tw/en/exhibitor/company-name-data/index.html?tags=&pageSize=40&currentPage=1,8
537E1372C4F06B097FC1CA12B2AECCA0,250175,BAICHAO GREENERGY TECH CO LTD,LSF智慧前測影音分析系統,,TWTC Exhibition Hall 1 Domestic Inventions Area B0308,https://www.inventaipei.com.tw/en/exhibitor/537E1372C4F06B09E9255B071170AF4E2605680E9E44D119/info.html?lt=data&vt=company-name&cr=9,https://www.inventaipei.com.tw/en/exhibitor/company-name-data/index.html?tags=&pageSize=40&currentPage=1,9
7DEBCEEA7498E1183E4AE68C544F7671,250170,"Blue Planet Technology Co., Ltd.",,,TWTC Exhibition Hall 1 Domestic Inventions Area B0136,https://www.inventaipei.com.tw/en/exhibitor/7DEBCEEA7498E11885E5EB7D7CAEC53B2605680E9E44D119/info.html?lt=data&vt=company-name&cr=10,https://www.inventaipei.com.tw/en/exhibitor/company-name-data/index.html?tags=&pageSize=40&currentPage=1,10
887772AFF45B2D9F9F0AAED13FB72147,250158,Brilliant Nano Bio-tech Ltd.,輝盛奈米/Brilliant Nano,,TWTC Exhibition Hall 1 Domestic Inventions Area B0120,https://www.inventaipei.com.tw/en/exhibitor/887772AFF45B2D9FC8E9831779D8ED942605680E9E44D119/info.html?lt=data&vt=company-name&cr=11,https://www.inventaipei.com.tw/en/exhibitor/company-name-data/index.html?tags=&pageSize=40&currentPage=1,11
15ED178CAE0BBB4CD4FE1ABB9F299E3F,250037,Bu-Kang Enterprise,步康,,TWTC Exhibition Hall 1 Domestic Inventions Area B0220,https://www.inventaipei.com.tw/en/exhibitor/15ED178CAE0BBB4C0CBD3AD98593C54A2605680E9E44D119/info.html?lt=data&vt=company-name&cr=12,https://www.inventaipei.com.tw/en/exhibitor/company-name-data/index.html?tags=&pageSize=40&currentPage=1,12
150766FB5204A7DFE216AFEE1FE2BF3E,250157,CHI.KUAN-KU,,,TWTC Exhibition Hall 1 Domestic Inventions Area B0227,https://www.inventaipei.com.tw/en/exhibitor/150766FB5204A7DFF39C5A8B8546FBA0BFB422A6A801970E/info.html?lt=data&vt=company-name&cr=13,https://www.inventaipei.com.tw/en/exhibitor/company-name-data/index.html?tags=&pageSize=40&currentPage=1,13
E48F0BA9C02C78E1A6C98EC3308C14AE,250192,CHIA NAN UNIVERSITY OF PHARMACY & SCIENCE,,,TWTC Exhibition Hall 1 Educational Institution Inventions Area B0831a,https://www.inventaipei.com.tw/en/exhibitor/E48F0BA9C02C78E1ED8ED1298AA657F12605680E9E44D119/info.html?lt=data&vt=company-name&cr=14,https://www.inventaipei.com.tw/en/exhibitor/company-name-data/index.html?tags=&pageSize=40&currentPage=1,14
CBAFEFCD9F0545905A72C73E86BBA71C,250030,"CHIEN-HUI CHEN & LI-CHIEN CHIEN & CHIEN-CHIUN CHEN , HUNG-SUNG CHEN",,,TWTC Exhibition Hall 1 Domestic Inventions Area B0337,https://www.inventaipei.com.tw/en/exhibitor/CBAFEFCD9F05459066806A8D929FD826BFB422A6A801970E/info.html?lt=data&vt=company-name&cr=15,https://www.inventaipei.com.tw/en/exhibitor/company-name-data/index.html?tags=&pageSize=40&currentPage=1,15
0C54FD622B47C2B3464680897300B62F,250183,CHINA UNIVERSITY OF SCIENCE AND TECHNOLOGY,,,TWTC Exhibition Hall 1 Educational Institution Inventions Area B0730,https://www.inventaipei.com.tw/en/exhibitor/0C54FD622B47C2B3001DC65A97171A5D2605680E9E44D119/info.html?lt=data&vt=company-name&cr=16,https://www.inventaipei.com.tw/en/exhibitor/company-name-data/index.html?tags=&pageSize=40&currentPage=1,16
76EDA983E94F0A5C0A91511A18BA2DDB,250621,CHINESE INNOVATION AND INVENTION SOCIETY,,,TWTC Exhibition Hall 1 Domestic Inventions Area B0206,https://www.inventaipei.com.tw/en/exhibitor/76EDA983E94F0A5C36DA45B5E62494EC2605680E9E44D119/info.html?lt=data&vt=company-name&cr=17,https://www.inventaipei.com.tw/en/exhibitor/company-name-data/index.html?tags=&pageSize=40&currentPage=1,17
B05B6BC003337384FBF1E20A82E640B7,250149,"COOLING Industrial Co., Ltd.","庫林工業有限公司/COOLING Industrial Co., Ltd.",,TWTC Exhibition Hall 1 Domestic Inventions Area B0219a,https://www.inventaipei.com.tw/en/exhibitor/B05B6BC003337384F0C1AFF6C3DCB5322605680E9E44D119/info.html?lt=data&vt=company-name&cr=18,https://www.inventaipei.com.tw/en/exhibitor/company-name-data/index.html?tags=&pageSize=40&currentPage=1,18
991E3AC2B20CFA80650A4993BE011F2B,250709,COPYRIGHT HOLDER'S ASSOCIATION OF CHINESE TAIPEI,,,TWTC Exhibition Hall 1 Domestic Inventions Area B0305a,https://www.inventaipei.com.tw/en/exhibitor/991E3AC2B20CFA806697AD94C40F6A502605680E9E44D119/info.html?lt=data&vt=company-name&cr=19,https://www.inventaipei.com.tw/en/exhibitor/company-name-data/index.html?tags=&pageSize=40&currentPage=1,19
98E1824AB9AC37A09A5326BBC4B4E27B,250049,"CPC Corporation, Taiwan (TW) Refining & Manufacturing Research Institute",台灣中油/CPC,,TWTC Exhibition Hall 1 Domestic Inventions Area B0313a,https://www.inventaipei.com.tw/en/exhibitor/98E1824AB9AC37A03850172EAD3EFF252605680E9E44D119/info.html?lt=data&vt=company-name&cr=20,https://www.inventaipei.com.tw/en/exhibitor/company-name-data/index.html?tags=&pageSize=40&currentPage=1,20
13DBCE88B2AF7F1E10AE362BAD471183,250078,CTBC University of Science and Technology,,,TWTC Exhibition Hall 1 Educational Institution Inventions Area B1032,https://www.inventaipei.com.tw/en/exhibitor/13DBCE88B2AF7F1EFAC96287C0FAA8682605680E9E44D119/info.html?lt=data&vt=company-name&cr=21,https://www.inventaipei.com.tw/en/exhibitor/company-name-data/index.html?tags=&pageSize=40&currentPage=1,21
FCDFB630E2BBF7D28748F03EBADF3F13,250076,Central Taiwan (TW) University of Science and Technology,,,TWTC Exhibition Hall 1 Educational Institution Inventions Area B0825a,https://www.inventaipei.com.tw/en/exhibitor/FCDFB630E2BBF7D2A7D903B86563BA1D2605680E9E44D119/info.html?lt=data&vt=company-name&cr=22,https://www.inventaipei.com.tw/en/exhibitor/company-name-data/index.html?tags=&pageSize=40&currentPage=1,22
D3E5E8E1E0B91E36C56ED8F6CD4680CD,250184,Chang Gung University,,,TWTC Exhibition Hall 1 Educational Institution Inventions Area B0816,https://www.inventaipei.com.tw/en/exhibitor/D3E5E8E1E0B91E364F43D48AC6F6F7F92605680E9E44D119/info.html?lt=data&vt=company-name&cr=23,https://www.inventaipei.com.tw/en/exhibitor/company-name-data/index.html?tags=&pageSize=40&currentPage=1,23
2BF968A093C698492932B0D0C24B9410,250073,Chang Gung University of Science and Technology,長庚學校財團法人長庚科技大學/Chang Gung University of Science and Technology,,TWTC Exhibition Hall 1 Educational Institution Inventions Area B0824,https://www.inventaipei.com.tw/en/exhibitor/2BF968A093C698496C3EBEDC573BED4A2605680E9E44D119/info.html?lt=data&vt=company-name&cr=24,https://www.inventaipei.com.tw/en/exhibitor/company-name-data/index.html?tags=&pageSize=40&currentPage=1,24
8AA328FE260C11F383B7EC74E52190BF,250047,Changhua Christian Medical Foundation Changhua Christian Hospital,,,TWTC Exhibition Hall 1 Domestic Inventions Area B0420,https://www.inventaipei.com.tw/en/exhibitor/8AA328FE260C11F367232C78B50403902605680E9E44D119/info.html?lt=data&vt=company-name&cr=25,https://www.inventaipei.com.tw/en/exhibitor/company-name-data/index.html?tags=&pageSize=40&currentPage=1,25
F5C8E0F961613CB217448048337B63CC,250077,Chaoyang University of Technology,,,TWTC Exhibition Hall 1 Educational Institution Inventions Area B1019a,https://www.inventaipei.com.tw/en/exhibitor/F5C8E0F961613CB2C88EBD7A171032F42605680E9E44D119/info.html?lt=data&vt=company-name&cr=26,https://www.inventaipei.com.tw/en/exhibitor/company-name-data/index.html?tags=&pageSize=40&currentPage=1,26
2602C2CE90133B991D903335BAAC5EE2,250176,Cheng Shiu University,,,TWTC Exhibition Hall 1 Educational Institution Inventions Area B1031a,https://www.inventaipei.com.tw/en/exhibitor/2602C2CE90133B9905FC0A3F899C63572605680E9E44D119/info.html?lt=data&vt=company-name&cr=27,https://www.inventaipei.com.tw/en/exhibitor/company-name-data/index.html?tags=&pageSize=40&currentPage=1,27
3750ED58DCAC989C22FF527CBBA9584A,250190,"Chi-Ying Senior High School, Taoyuan City , Taiwan",,,TWTC Exhibition Hall 1 Educational Institution Inventions Area B0426,https://www.inventaipei.com.tw/en/exhibitor/3750ED58DCAC989C9D98A8EE1D138EC22605680E9E44D119/info.html?lt=data&vt=company-name&cr=28,https://www.inventaipei.com.tw/en/exhibitor/company-name-data/index.html?tags=&pageSize=40&currentPage=1,28
93C7E15A52E2882916B0CC7EEA60F2FB,250071,Chien Hsin University of Science and Technology,,,TWTC Exhibition Hall 1 Educational Institution Inventions Area B0925a,https://www.inventaipei.com.tw/en/exhibitor/93C7E15A52E28829CA5167BF22E2A5442605680E9E44D119/info.html?lt=data&vt=company-name&cr=29,https://www.inventaipei.com.tw/en/exhibitor/company-name-data/index.html?tags=&pageSize=40&currentPage=1,29
18FBDFF8C68B8EBEC105ABB06A93D286,250080,China Medical University,,,TWTC Exhibition Hall 1 Educational Institution Inventions Area B1029a,https://www.inventaipei.com.tw/en/exhibitor/18FBDFF8C68B8EBE42C8FFE9E34FC6CE2605680E9E44D119/info.html?lt=data&vt=company-name&cr=30,https://www.inventaipei.com.tw/en/exhibitor/company-name-data/index.html?tags=&pageSize=40&currentPage=1,30
D8837ED2F94ADE0A16D00FEA4EDE53D8,250161,"Chun Bai Yi Enterprise Co.,Ltd.",QSPA,,TWTC Exhibition Hall 1 Domestic Inventions Area B0339,https://www.inventaipei.com.tw/en/exhibitor/D8837ED2F94ADE0A2DCA2D7AFFDC429C2605680E9E44D119/info.html?lt=data&vt=company-name&cr=31,https://www.inventaipei.com.tw/en/exhibitor/company-name-data/index.html?tags=&pageSize=40&currentPage=1,31
BFA4CF8D21717AC32178F7C965D3B862,250187,Chung Yuan Christian University,,,TWTC Exhibition Hall 1 Educational Institution Inventions Area B0919a,https://www.inventaipei.com.tw/en/exhibitor/BFA4CF8D21717AC3051BF37E8096EE942605680E9E44D119/info.html?lt=data&vt=company-name&cr=32,https://www.inventaipei.com.tw/en/exhibitor/company-name-data/index.html?tags=&pageSize=40&currentPage=1,32
41D66A3E78C05F70EE161D1B78BA3A1E,250173,Collection light environment energy develop limited company,集光環能/CLEE,,TWTC Exhibition Hall 1 Domestic Inventions Area B0305,https://www.inventaipei.com.tw/en/exhibitor/41D66A3E78C05F70A7055484EE1832492605680E9E44D119/info.html?lt=data&vt=company-name&cr=33,https://www.inventaipei.com.tw/en/exhibitor/company-name-data/index.html?tags=&pageSize=40&currentPage=1,33
E36A844BD397E4EFD3BA8E9E4386F6B1,250193,DAYEH UNIVERSITY,大葉大學／DAYEH University,,TWTC Exhibition Hall 1 Educational Institution Inventions Area B0626,https://www.inventaipei.com.tw/en/exhibitor/E36A844BD397E4EF1C0609E8810A0ED42605680E9E44D119/info.html?lt=data&vt=company-name&cr=34,https://www.inventaipei.com.tw/en/exhibitor/company-name-data/index.html?tags=&pageSize=40&currentPage=1,34
7E0957C5437E36FDD6989099B6288F71,250060,Daiwan Ingenuity,大丸澤野,,TWTC Exhibition Hall 1 Domestic Inventions Area B0132,https://www.inventaipei.com.tw/en/exhibitor/7E0957C5437E36FD6D277D2552F57F0A2605680E9E44D119/info.html?lt=data&vt=company-name&cr=35,https://www.inventaipei.com.tw/en/exhibitor/company-name-data/index.html?tags=&pageSize=40&currentPage=1,35
DE3434B656B413582109C5815BACEF08,250201,Dema Machinery,,,TWTC Exhibition Hall 1 Patented Merchandise Area B0201a,https://www.inventaipei.com.tw/en/exhibitor/DE3434B656B41358FEE9D28B80B673752605680E9E44D119/info.html?lt=data&vt=company-name&cr=36,https://www.inventaipei.com.tw/en/exhibitor/company-name-data/index.html?tags=&pageSize=40&currentPage=1,36
3C0502005FD22F0BC7B8F79A9CC31138,250164,E-Da Hospital,,,TWTC Exhibition Hall 1 Domestic Inventions Area B0224,https://www.inventaipei.com.tw/en/exhibitor/3C0502005FD22F0B33A3515541CA49DF2605680E9E44D119/info.html?lt=data&vt=company-name&cr=37,https://www.inventaipei.com.tw/en/exhibitor/company-name-data/index.html?tags=&pageSize=40&currentPage=1,37
F80CE7802C2183C827901926C314DB31,250020,"E-JIUN ENTERPRISE CO., LTD",育駿牌多功能閉鎖裝置,,TWTC Exhibition Hall 1 Domestic Inventions Area B0422,https://www.inventaipei.com.tw/en/exhibitor/F80CE7802C2183C8CE1FA4EAF0455FAE2605680E9E44D119/info.html?lt=data&vt=company-name&cr=38,https://www.inventaipei.com.tw/en/exhibitor/company-name-data/index.html?tags=&pageSize=40&currentPage=1,38
31B9AD604CF001B5D0D4A5F937CCE38F,250168,Eason Wang,量子纖維,,TWTC Exhibition Hall 1 Domestic Inventions Area B0429,https://www.inventaipei.com.tw/en/exhibitor/31B9AD604CF001B5CCAC94798910CE69BFB422A6A801970E/info.html?lt=data&vt=company-name&cr=39,https://www.inventaipei.com.tw/en/exhibitor/company-name-data/index.html?tags=&pageSize=40&currentPage=1,39
C43F142A56E1E922AFBF371849025705,250038,"Exploration & Development Research Institute, CPC Corporation, Taiwan (TW)",,,TWTC Exhibition Hall 1 Domestic Inventions Area B0216,https://www.inventaipei.com.tw/en/exhibitor/C43F142A56E1E922F07339328670CBA22605680E9E44D119/info.html?lt=data&vt=company-name&cr=40,https://www.inventaipei.com.tw/en/exhibitor/company-name-data/index.html?tags=&pageSize=40&currentPage=1,40
F8F20C1679B7F6E1B369C5981B821ABF,250165,"FLAMMA LIGHTENERGY Co., Ltd.",,,TWTC Exhibition Hall 1 Domestic Inventions Area B0437,https://www.inventaipei.com.tw/en/exhibitor/F8F20C1679B7F6E1CE504E2C692508852605680E9E44D119/info.html?lt=data&vt=company-name&cr=41,https://www.inventaipei.com.tw/en/exhibitor/company-name-data/index.html?tags=&pageSize=40&currentPage=2,41
869004401A5B732920A33D7435813E7B,250171,"FORTUNE ELECTRIC CO.,LTD.",華城電機/FORTUNE ELECTRIC,,TWTC Exhibition Hall 1 Domestic Inventions Area B0338,https://www.inventaipei.com.tw/en/exhibitor/869004401A5B73291FD29812DAB40E742605680E9E44D119/info.html?lt=data&vt=company-name&cr=42,https://www.inventaipei.com.tw/en/exhibitor/company-name-data/index.html?tags=&pageSize=40&currentPage=2,42
6DB6D97CE61206FE3504D8642FDC906E,175374,FUTURE TECH,,.,TWTC Exhibition Hall 1 Future Tech A0109a,https://www.inventaipei.com.tw/en/exhibitor/6DB6D97CE61206FE4F29F4EAF435084AD0636733C6861689/info.html?lt=data&vt=company-name&cr=43,https://www.inventaipei.com.tw/en/exhibitor/company-name-data/index.html?tags=&pageSize=40&currentPage=2,43
01C20E897E9985D27266CBBC5849A9E2,250162,Far Eastern Memorial Hospital,可踢肽®/CatiPep®,,TWTC Exhibition Hall 1 Domestic Inventions Area B0229,https://www.inventaipei.com.tw/en/exhibitor/01C20E897E9985D25DF821CFF46FF11F2605680E9E44D119/info.html?lt=data&vt=company-name&cr=44,https://www.inventaipei.com.tw/en/exhibitor/company-name-data/index.html?tags=&pageSize=40&currentPage=2,44
7AA044638B5D230A7A9493E732C739B1,250082,Feng Chia University,,,TWTC Exhibition Hall 1 Educational Institution Inventions Area B1025a,https://www.inventaipei.com.tw/en/exhibitor/7AA044638B5D230A0609909D2754FE1D2605680E9E44D119/info.html?lt=data&vt=company-name&cr=45,https://www.inventaipei.com.tw/en/exhibitor/company-name-data/index.html?tags=&pageSize=40&currentPage=2,45
60720283CCE3CF3CB3889E906789762A,250147,Food Industry Research and Development Institute,,,TWTC Exhibition Hall 1 Domestic Inventions Area B0423,https://www.inventaipei.com.tw/en/exhibitor/60720283CCE3CF3C058DA3B14E56F8FE2605680E9E44D119/info.html?lt=data&vt=company-name&cr=46,https://www.inventaipei.com.tw/en/exhibitor/company-name-data/index.html?tags=&pageSize=40&currentPage=2,46
860A8A0028F11B24B0185562A2376A79,250048,"Forest Pure Products Marketing Co., Ltd",,,TWTC Exhibition Hall 1 Domestic Inventions Area B0217a,https://www.inventaipei.com.tw/en/exhibitor/860A8A0028F11B24CC2A7EE08E84A5722605680E9E44D119/info.html?lt=data&vt=company-name&cr=47,https://www.inventaipei.com.tw/en/exhibitor/company-name-data/index.html?tags=&pageSize=40&currentPage=2,47
83C7FADE373C8AADA3FE0ABA7B072B97,250051,"GARUDA TECHNOLOGY CO., LTD.",臻鼎科技集團,,TWTC Exhibition Hall 1 Domestic Inventions Area B0213a,https://www.inventaipei.com.tw/en/exhibitor/83C7FADE373C8AAD8A8B06C0E16196EA2605680E9E44D119/info.html?lt=data&vt=company-name&cr=48,https://www.inventaipei.com.tw/en/exhibitor/company-name-data/index.html?tags=&pageSize=40&currentPage=2,48
31B9AD604CF001B527C57E288EF2675E,250200,"GUAN,ZHEN-FA",,,TWTC Exhibition Hall 1 Patented Merchandise Area B0302,https://www.inventaipei.com.tw/en/exhibitor/31B9AD604CF001B5FA8CCF4D5C531FEDBFB422A6A801970E/info.html?lt=data&vt=company-name&cr=49,https://www.inventaipei.com.tw/en/exhibitor/company-name-data/index.html?tags=&pageSize=40&currentPage=2,49
A0578B1C24A0CFDB3F798F680E39ECA9,250053,"Geann Industrial Co., Ltd.",璨鏞工業股份有限公司,,TWTC Exhibition Hall 1 Domestic Inventions Area B0328,https://www.inventaipei.com.tw/en/exhibitor/A0578B1C24A0CFDB5F6D4B65460215D52605680E9E44D119/info.html?lt=data&vt=company-name&cr=50,https://www.inventaipei.com.tw/en/exhibitor/company-name-data/index.html?tags=&pageSize=40&currentPage=2,50
02A20D9DF1BB12174E8008BC5029AC2C,250651,"GitHouse Co.,Ltd",,,TWTC Exhibition Hall 1 Overseas Inventions Area B1013a,https://www.inventaipei.com.tw/en/exhibitor/02A20D9DF1BB12175061D3D4CCF4B05EBFB422A6A801970E/info.html?lt=data&vt=company-name&cr=51,https://www.inventaipei.com.tw/en/exhibitor/company-name-data/index.html?tags=&pageSize=40&currentPage=2,51
D44490C85F13B83C3ED83798E2D45901,250024,"Glory Material Co.,Ltd.","欣榮材料股份有限公司/Glory Material Co.,Ltd.",,TWTC Exhibition Hall 1 Domestic Inventions Area B0323,https://www.inventaipei.com.tw/en/exhibitor/D44490C85F13B83C81524510F8D10D992605680E9E44D119/info.html?lt=data&vt=company-name&cr=52,https://www.inventaipei.com.tw/en/exhibitor/company-name-data/index.html?tags=&pageSize=40&currentPage=2,52
E8386B3475FEFED82EEB2BFA2F1BF0E6,250029,"Green Technology Research Institute, CPC Corporation, Taiwan (TW)",,,TWTC Exhibition Hall 1 Domestic Inventions Area B0212,https://www.inventaipei.com.tw/en/exhibitor/E8386B3475FEFED8D7419ABE969B40F62605680E9E44D119/info.html?lt=data&vt=company-name&cr=53,https://www.inventaipei.com.tw/en/exhibitor/company-name-data/index.html?tags=&pageSize=40&currentPage=2,53
623CFD418F36C01EECF8F9EFAC092866,250151,"HE-SI Environmental Energy Technology Co., Ltd.",HE-SI,,TWTC Exhibition Hall 1 Domestic Inventions Area B0330,https://www.inventaipei.com.tw/en/exhibitor/623CFD418F36C01ED75623062C9FCD9E2605680E9E44D119/info.html?lt=data&vt=company-name&cr=54,https://www.inventaipei.com.tw/en/exhibitor/company-name-data/index.html?tags=&pageSize=40&currentPage=2,54
E31F254ADCED24F8E32738BD23A5E474,250042,"HEBU AI Co., Ltd.",鶴卜製研股份有限公司,,TWTC Exhibition Hall 1 Domestic Inventions Area B0336,https://www.inventaipei.com.tw/en/exhibitor/E31F254ADCED24F8218992FB9194A65D2605680E9E44D119/info.html?lt=data&vt=company-name&cr=55,https://www.inventaipei.com.tw/en/exhibitor/company-name-data/index.html?tags=&pageSize=40&currentPage=2,55
DFB7AF098C977A760EA97DC22A95288D,250750,HOKKAIDO / SAPPORO,Kayacmega,,TWTC Exhibition Hall 1 Overseas Inventions Area B1009a,https://www.inventaipei.com.tw/en/exhibitor/DFB7AF098C977A76A5BDB03B142D7969BFB422A6A801970E/info.html?lt=data&vt=company-name&cr=56,https://www.inventaipei.com.tw/en/exhibitor/company-name-data/index.html?tags=&pageSize=40&currentPage=2,56
69FF93DC4047BDB187AA3428E9A3E4EA,250052,"HOYA BIT Digital Technology Co., Ltd.",HOYA BIT,,TWTC Exhibition Hall 1 Domestic Inventions Area B0126,https://www.inventaipei.com.tw/en/exhibitor/69FF93DC4047BDB15CEDB1905313CA4D2605680E9E44D119/info.html?lt=data&vt=company-name&cr=57,https://www.inventaipei.com.tw/en/exhibitor/company-name-data/index.html?tags=&pageSize=40&currentPage=2,57
CBAFEFCD9F0545908EB25CC0E1428FF2,250025,"HUANG CHUAN-YI , TSAI MIN-CHEN",,,TWTC Exhibition Hall 1 Domestic Inventions Area B0114,https://www.inventaipei.com.tw/en/exhibitor/CBAFEFCD9F054590B02CBB0802FBDBA8BFB422A6A801970E/info.html?lt=data&vt=company-name&cr=58,https://www.inventaipei.com.tw/en/exhibitor/company-name-data/index.html?tags=&pageSize=40&currentPage=2,58
C8303B781476EAA3E5DD1027969276F1,250623,"ITEX 2027 (38TH INTERNATIONAL INVENTION, INNOVATION & TECHNOLOGY EXHIBITION MALAYSIA)",,,TWTC Exhibition Hall 1 Peripheral Services Area B0101a,https://www.inventaipei.com.tw/en/exhibitor/C8303B781476EAA393394666BD6867A0BFB422A6A801970E/info.html?lt=data&vt=company-name&cr=59,https://www.inventaipei.com.tw/en/exhibitor/company-name-data/index.html?tags=&pageSize=40&currentPage=2,59
AC709E477C51010DB334A8F9F2555A32,250035,InSearchIP Corp.,雲拓/PATSTAR/IPStar/ExPER,,TWTC Exhibition Hall 1 Domestic Inventions Area B0332,https://www.inventaipei.com.tw/en/exhibitor/AC709E477C51010DFB177051DBE0A9EA2605680E9E44D119/info.html?lt=data&vt=company-name&cr=60,https://www.inventaipei.com.tw/en/exhibitor/company-name-data/index.html?tags=&pageSize=40&currentPage=2,60
7C88098DBBB3323149B5102877DE790E,250655,Indonesian Invention and Innovation Promotion Association(INNOPA),,,TWTC Exhibition Hall 1 Overseas Inventions Area B1016,https://www.inventaipei.com.tw/en/exhibitor/7C88098DBBB3323138E174FA869F0846BFB422A6A801970E/info.html?lt=data&vt=company-name&cr=61,https://www.inventaipei.com.tw/en/exhibitor/company-name-data/index.html?tags=&pageSize=40&currentPage=2,61
6DB6D97CE61206FE1B6D307969974BBA,175376,Innovation Economy,,.,TWTC Exhibition Hall 1 Innovation Economy D0101,https://www.inventaipei.com.tw/en/exhibitor/6DB6D97CE61206FE2960F1B23CA22801D0636733C6861689/info.html?lt=data&vt=company-name&cr=62,https://www.inventaipei.com.tw/en/exhibitor/company-name-data/index.html?tags=&pageSize=40&currentPage=2,62
C8E09D6D08108B7371035B3191365178,250152,"Innovation research Co., Ltd.",全效脊椎牽引設備,,TWTC Exhibition Hall 1 Domestic Inventions Area B0239,https://www.inventaipei.com.tw/en/exhibitor/C8E09D6D08108B737D51AECAADF5CBF22605680E9E44D119/info.html?lt=data&vt=company-name&cr=63,https://www.inventaipei.com.tw/en/exhibitor/company-name-data/index.html?tags=&pageSize=40&currentPage=2,63
7E1A2C01831C278A15DD337B1055C4F6,250054,"Institute of Transportation, MOTC",,,TWTC Exhibition Hall 1 Domestic Inventions Area B0235,https://www.inventaipei.com.tw/en/exhibitor/7E1A2C01831C278AC10E7928B60CFC522605680E9E44D119/info.html?lt=data&vt=company-name&cr=64,https://www.inventaipei.com.tw/en/exhibitor/company-name-data/index.html?tags=&pageSize=40&currentPage=2,64
0B5B9BA7838EE3BD1B6D307969974BBA,175379,International Area,,.,TWTC Exhibition Hall 1 International Area A0905a,https://www.inventaipei.com.tw/en/exhibitor/0B5B9BA7838EE3BD2960F1B23CA22801D0636733C6861689/info.html?lt=data&vt=company-name&cr=65,https://www.inventaipei.com.tw/en/exhibitor/company-name-data/index.html?tags=&pageSize=40&currentPage=2,65
1F04E788C4B220F31D071FF3A891A4D9,250041,Iron Plastic Pallet,佰立鐵塑棧板,,TWTC Exhibition Hall 1 Domestic Inventions Area B0108,https://www.inventaipei.com.tw/en/exhibitor/1F04E788C4B220F306D0C983E1AD7C6C2605680E9E44D119/info.html?lt=data&vt=company-name&cr=66,https://www.inventaipei.com.tw/en/exhibitor/company-name-data/index.html?tags=&pageSize=40&currentPage=2,66
8E3447F890FF089A5B0FA050A9A3FD6F,250031,"JEN YUAN PLASTICS CO., LTD.",JPOne,,TWTC Exhibition Hall 1 Domestic Inventions Area B0340,https://www.inventaipei.com.tw/en/exhibitor/8E3447F890FF089AA372467BAB76D5BB2605680E9E44D119/info.html?lt=data&vt=company-name&cr=67,https://www.inventaipei.com.tw/en/exhibitor/company-name-data/index.html?tags=&pageSize=40&currentPage=2,67
CA252994EC8D80E8757361B7A12C400F,250204,"Jhen-zan Enterprise Co., Ltd.",鎮贊/Jhenzan,,TWTC Exhibition Hall 1 Patented Merchandise Area B0301,https://www.inventaipei.com.tw/en/exhibitor/CA252994EC8D80E8698B5988FD2839002605680E9E44D119/info.html?lt=data&vt=company-name&cr=68,https://www.inventaipei.com.tw/en/exhibitor/company-name-data/index.html?tags=&pageSize=40&currentPage=2,68
CBAFEFCD9F054590C195AD4C381C9331,250084,Joseph Hsu,,,TWTC Exhibition Hall 1 Domestic Inventions Area B0435,https://www.inventaipei.com.tw/en/exhibitor/CBAFEFCD9F054590298DDDD31192C50CBFB422A6A801970E/info.html?lt=data&vt=company-name&cr=69,https://www.inventaipei.com.tw/en/exhibitor/company-name-data/index.html?tags=&pageSize=40&currentPage=2,69
150766FB5204A7DFCABE4DF89C9EA7B1,250150,Jui-yuan Shih,"天岳實業有限公司/DENTOP CO.,LTD",,TWTC Exhibition Hall 1 Domestic Inventions Area B0232,https://www.inventaipei.com.tw/en/exhibitor/150766FB5204A7DF52F62F5E11F309CABFB422A6A801970E/info.html?lt=data&vt=company-name&cr=70,https://www.inventaipei.com.tw/en/exhibitor/company-name-data/index.html?tags=&pageSize=40&currentPage=2,70
6D9E897177E869DD3BFA9EEA1D8C7214,250712,KOREA INVENTION PROMOTION ASSOCIATION,,,TWTC Exhibition Hall 1 Overseas Inventions Area B1134,https://www.inventaipei.com.tw/en/exhibitor/6D9E897177E869DDE5C2A19AAD4EC33ABFB422A6A801970E/info.html?lt=data&vt=company-name&cr=71,https://www.inventaipei.com.tw/en/exhibitor/company-name-data/index.html?tags=&pageSize=40&currentPage=2,71
E5443F7E8CC62B626CA2F8DDAD6D2655,250021,"KUONAO CO., LTD.",撐腰人-有感塑型坐墊/Lumbar Support Adjustable Seat Cushion,,TWTC Exhibition Hall 1 Domestic Inventions Area B0439,https://www.inventaipei.com.tw/en/exhibitor/E5443F7E8CC62B624E9C1AE3F8B8C5CD2605680E9E44D119/info.html?lt=data&vt=company-name&cr=72,https://www.inventaipei.com.tw/en/exhibitor/company-name-data/index.html?tags=&pageSize=40&currentPage=2,72
E402B4EAC6E0CC1C23B87C973E54BC6F,250039,Kaohsiung Veterans General Hospital,,,TWTC Exhibition Hall 1 Domestic Inventions Area B0324,https://www.inventaipei.com.tw/en/exhibitor/E402B4EAC6E0CC1C899732DB20FD6E4F2605680E9E44D119/info.html?lt=data&vt=company-name&cr=73,https://www.inventaipei.com.tw/en/exhibitor/company-name-data/index.html?tags=&pageSize=40&currentPage=2,73
4EC8E895E25B269CBDD5877808ACE3BE,250067,Kun Shan University,Kun Shan University,,TWTC Exhibition Hall 1 Educational Institution Inventions Area B5123a,https://www.inventaipei.com.tw/en/exhibitor/4EC8E895E25B269CF7915FF1AE91960D2605680E9E44D119/info.html?lt=data&vt=company-name&cr=74,https://www.inventaipei.com.tw/en/exhibitor/company-name-data/index.html?tags=&pageSize=40&currentPage=2,74
BC21E534E9A459BA141892CB2A19CB5B,250198,"Landing Dream Co., Ltd.",La．SoL蝴蝶式牙周棒/ Dental Lasol Butterfly Floss,,TWTC Exhibition Hall 1 Patented Merchandise Area B0402,https://www.inventaipei.com.tw/en/exhibitor/BC21E534E9A459BAE8DE9A23E3A70E712605680E9E44D119/info.html?lt=data&vt=company-name&cr=75,https://www.inventaipei.com.tw/en/exhibitor/company-name-data/index.html?tags=&pageSize=40&currentPage=2,75
1451F9D1E475A5D965AF9DF2722D2A58,250027,Linsnil Design,linsnil design,,TWTC Exhibition Hall 1 Domestic Inventions Area B0234,https://www.inventaipei.com.tw/en/exhibitor/1451F9D1E475A5D94D0EE5077C795F022605680E9E44D119/info.html?lt=data&vt=company-name&cr=76,https://www.inventaipei.com.tw/en/exhibitor/company-name-data/index.html?tags=&pageSize=40&currentPage=2,76
02A20D9DF1BB1217F059DF477CDF973A,250652,Lublin University of Technology,,,TWTC Exhibition Hall 1 Overseas Inventions Area B1015a,https://www.inventaipei.com.tw/en/exhibitor/02A20D9DF1BB1217754766043FD949D9BFB422A6A801970E/info.html?lt=data&vt=company-name&cr=77,https://www.inventaipei.com.tw/en/exhibitor/company-name-data/index.html?tags=&pageSize=40&currentPage=2,77
A91FD7602409E7C664841A01846531D6,250188,Lunghwa University of Science and Technology,龍華科技大學,,TWTC Exhibition Hall 1 Educational Institution Inventions Area B0719a,https://www.inventaipei.com.tw/en/exhibitor/A91FD7602409E7C6F278FD37D5AB36A22605680E9E44D119/info.html?lt=data&vt=company-name&cr=78,https://www.inventaipei.com.tw/en/exhibitor/company-name-data/index.html?tags=&pageSize=40&currentPage=2,78
4D974D9BE79F911492B74F6DB54C0A8F,250040,MEDIALINK TECHNOLOGY LTD.,Martian,,TWTC Exhibition Hall 1 Domestic Inventions Area B0225,https://www.inventaipei.com.tw/en/exhibitor/4D974D9BE79F9114E863378413934E122605680E9E44D119/info.html?lt=data&vt=company-name&cr=79,https://www.inventaipei.com.tw/en/exhibitor/company-name-data/index.html?tags=&pageSize=40&currentPage=2,79
DF42A5F5CAD2B81C7CD8F7C6C001A8FD,250155,METAL INDUSTRIES RESEARCH & DEVELOPMENT CENTRE,,,TWTC Exhibition Hall 1 Domestic Inventions Area B0317a,https://www.inventaipei.com.tw/en/exhibitor/DF42A5F5CAD2B81C6730ECDA52DC09032605680E9E44D119/info.html?lt=data&vt=company-name&cr=80,https://www.inventaipei.com.tw/en/exhibitor/company-name-data/index.html?tags=&pageSize=40&currentPage=2,80
FB26B9E92A719B38BD352243EF4AE853,250197,MING CHI UNIVERSITY OF TECHNOLOGY,明志科技大學/MING CHI UNIVERSITY OF TECHNOLOGY,,TWTC Exhibition Hall 1 Educational Institution Inventions Area B0809a,https://www.inventaipei.com.tw/en/exhibitor/FB26B9E92A719B384DF352C3A489A0312605680E9E44D119/info.html?lt=data&vt=company-name&cr=81,https://www.inventaipei.com.tw/en/exhibitor/company-name-data/index.html?tags=&pageSize=40&currentPage=3,81
D0C6B93E20FDA883FBC513D10B622CBC,250074,NATIONAL Taiwan (TW) OCEAN UNIVERSITY,NTOU OCEAN,,TWTC Exhibition Hall 1 Educational Institution Inventions Area B0926,https://www.inventaipei.com.tw/en/exhibitor/D0C6B93E20FDA8834FFD8CD3E7DA7F162605680E9E44D119/info.html?lt=data&vt=company-name&cr=82,https://www.inventaipei.com.tw/en/exhibitor/company-name-data/index.html?tags=&pageSize=40&currentPage=3,82
643FB8AE8BD5AC8157A6CAC97CEE6F60,250167,National Atomic Research Institute,,,TWTC Exhibition Hall 1 Domestic Inventions Area B0412,https://www.inventaipei.com.tw/en/exhibitor/643FB8AE8BD5AC810EB4A7B02246AD952605680E9E44D119/info.html?lt=data&vt=company-name&cr=83,https://www.inventaipei.com.tw/en/exhibitor/company-name-data/index.html?tags=&pageSize=40&currentPage=3,83
304CCFC3A029D2F3DFA770E208E44358,250083,National Central University,國立中央大學/National Central University,,TWTC Exhibition Hall 1 Educational Institution Inventions Area B0709a,https://www.inventaipei.com.tw/en/exhibitor/304CCFC3A029D2F372204909BF3151102605680E9E44D119/info.html?lt=data&vt=company-name&cr=84,https://www.inventaipei.com.tw/en/exhibitor/company-name-data/index.html?tags=&pageSize=40&currentPage=3,84
682ED65CCFF6037DBA57DDFA3C3E1B0B,250063,National Cheng Kung University,智慧微創生醫機器人晶片,,TWTC Exhibition Hall 1 Educational Institution Inventions Area B1026,https://www.inventaipei.com.tw/en/exhibitor/682ED65CCFF6037D97E991C9C54B4E392605680E9E44D119/info.html?lt=data&vt=company-name&cr=85,https://www.inventaipei.com.tw/en/exhibitor/company-name-data/index.html?tags=&pageSize=40&currentPage=3,85
3E7556C9603DD5EE3FF5E28DB63F860F,250180,National Chi Nan University and The Affiliated Senior High School of NCNU,暨南大學及暨大附中,,TWTC Exhibition Hall 1 Educational Institution Inventions Area B0932,https://www.inventaipei.com.tw/en/exhibitor/3E7556C9603DD5EE90E34824D283D2572605680E9E44D119/info.html?lt=data&vt=company-name&cr=86,https://www.inventaipei.com.tw/en/exhibitor/company-name-data/index.html?tags=&pageSize=40&currentPage=3,86
688B3E85576E04097E96AA4B497FA3DF,250075,National Chin-Yi University of Technology,,,TWTC Exhibition Hall 1 Educational Institution Inventions Area B0733a,https://www.inventaipei.com.tw/en/exhibitor/688B3E85576E04095D9275D0AAE1157E2605680E9E44D119/info.html?lt=data&vt=company-name&cr=87,https://www.inventaipei.com.tw/en/exhibitor/company-name-data/index.html?tags=&pageSize=40&currentPage=3,87
006A37272A30779BD70794881D531F98,250066,National Chung Hsing University,National Chung Hsing University,,TWTC Exhibition Hall 1 Educational Institution Inventions Area B0909a,https://www.inventaipei.com.tw/en/exhibitor/006A37272A30779B367FB93C6D45D9762605680E9E44D119/info.html?lt=data&vt=company-name&cr=88,https://www.inventaipei.com.tw/en/exhibitor/company-name-data/index.html?tags=&pageSize=40&currentPage=3,88
88638208F7C2C0ED74DF4D4CADB24630,250079,National Formosa University,,,TWTC Exhibition Hall 1 Educational Institution Inventions Area B0931a,https://www.inventaipei.com.tw/en/exhibitor/88638208F7C2C0EDB5A3710300C681F92605680E9E44D119/info.html?lt=data&vt=company-name&cr=89,https://www.inventaipei.com.tw/en/exhibitor/company-name-data/index.html?tags=&pageSize=40&currentPage=3,89
84EF42B9B86ACFE31E7D097AEB47943A,250081,National Kaohsiung University of Science and Technology,,,TWTC Exhibition Hall 1 Educational Institution Inventions Area B0610,https://www.inventaipei.com.tw/en/exhibitor/84EF42B9B86ACFE3E2DE3E22DFB86C582605680E9E44D119/info.html?lt=data&vt=company-name&cr=90,https://www.inventaipei.com.tw/en/exhibitor/company-name-data/index.html?tags=&pageSize=40&currentPage=3,90
2AA9A47CF0A7599C6A299FDF2A62F29E,250186,National Pingtung University of Science and Technology,,,TWTC Exhibition Hall 1 Educational Institution Inventions Area B0529,https://www.inventaipei.com.tw/en/exhibitor/2AA9A47CF0A7599CEDBF865771E80E142605680E9E44D119/info.html?lt=data&vt=company-name&cr=91,https://www.inventaipei.com.tw/en/exhibitor/company-name-data/index.html?tags=&pageSize=40&currentPage=3,91
7C88098DBBB33231DE35FE14E8CD8F81,250656,National Research Council of Thailand,,,TWTC Exhibition Hall 1 Overseas Inventions Area B1109a,https://www.inventaipei.com.tw/en/exhibitor/7C88098DBBB3323196C03876344E48EEBFB422A6A801970E/info.html?lt=data&vt=company-name&cr=92,https://www.inventaipei.com.tw/en/exhibitor/company-name-data/index.html?tags=&pageSize=40&currentPage=3,92
C69DFE4F741B10AE963640682E03C47C,250179,National Taipei University of Business,,,TWTC Exhibition Hall 1 Educational Institution Inventions Area B1028,https://www.inventaipei.com.tw/en/exhibitor/C69DFE4F741B10AE9ACCD9F1D65451DA2605680E9E44D119/info.html?lt=data&vt=company-name&cr=93,https://www.inventaipei.com.tw/en/exhibitor/company-name-data/index.html?tags=&pageSize=40&currentPage=3,93
594F8277BB463E1B4B39E713E2ED331C,250177,National Taipei University of Technology,國立臺北科技大學,,TWTC Exhibition Hall 1 Educational Institution Inventions Area B0725a,https://www.inventaipei.com.tw/en/exhibitor/594F8277BB463E1B30D026694866BCB12605680E9E44D119/info.html?lt=data&vt=company-name&cr=94,https://www.inventaipei.com.tw/en/exhibitor/company-name-data/index.html?tags=&pageSize=40&currentPage=3,94
A76CE732ABFEC709A4030AC64BB1CB0D,250166,National Taiwan University Hospital Hsin-Chu Branch,,,TWTC Exhibition Hall 1 Domestic Inventions Area B0331,https://www.inventaipei.com.tw/en/exhibitor/A76CE732ABFEC709D2EBFC08E512BE0B2605680E9E44D119/info.html?lt=data&vt=company-name&cr=95,https://www.inventaipei.com.tw/en/exhibitor/company-name-data/index.html?tags=&pageSize=40&currentPage=3,95
F185B5C487C0C39A6733F89859F68603,250169,National Taiwan University Hospital Yunlin Branch,,,,https://www.inventaipei.com.tw/en/exhibitor/F185B5C487C0C39A7921013DA72ACBD92605680E9E44D119/info.html?lt=data&vt=company-name&cr=96,https://www.inventaipei.com.tw/en/exhibitor/company-name-data/index.html?tags=&pageSize=40&currentPage=3,96
BDD2FA1CF5CCA48FBFF0D74D95F79506,250182,National Tsing Hua University,行動非接觸式生理感測模組/Mobile Non-contact Physiological Sensing Module,,TWTC Exhibition Hall 1 Educational Institution Inventions Area B0826,https://www.inventaipei.com.tw/en/exhibitor/BDD2FA1CF5CCA48F701304BF90B76F7A2605680E9E44D119/info.html?lt=data&vt=company-name&cr=97,https://www.inventaipei.com.tw/en/exhibitor/company-name-data/index.html?tags=&pageSize=40&currentPage=3,97
061AE942973C2E51EA5B85705B68B4A2,250185,National United University,,,TWTC Exhibition Hall 1 Educational Institution Inventions Area B0914,https://www.inventaipei.com.tw/en/exhibitor/061AE942973C2E5107EFB176525B09E22605680E9E44D119/info.html?lt=data&vt=company-name&cr=98,https://www.inventaipei.com.tw/en/exhibitor/company-name-data/index.html?tags=&pageSize=40&currentPage=3,98
DD9C9DB68C086F9CA968DA5328DC384C,250196,National Yang Ming Chiao Tung University,"陽明交大產創處 / OIAC, NYCU",,TWTC Exhibition Hall 1 Educational Institution Inventions Area B0830,https://www.inventaipei.com.tw/en/exhibitor/DD9C9DB68C086F9C2C8C4B8DFE0BE0F42605680E9E44D119/info.html?lt=data&vt=company-name&cr=99,https://www.inventaipei.com.tw/en/exhibitor/company-name-data/index.html?tags=&pageSize=40&currentPage=3,99
4A9A370E001A47C914473BE8E8F81309,250069,National Yunlin University of Science and Technology,國立雲林科技大學,,TWTC Exhibition Hall 1 Educational Institution Inventions Area B0729a,https://www.inventaipei.com.tw/en/exhibitor/4A9A370E001A47C97892FCCA3BB13AC42605680E9E44D119/info.html?lt=data&vt=company-name&cr=100,https://www.inventaipei.com.tw/en/exhibitor/company-name-data/index.html?tags=&pageSize=40&currentPage=3,100
FE6CA939A9652B0EB766A0F6C511DFC2,250043,Nebulum Technologies Co. Ltd.,Nebulum,,TWTC Exhibition Hall 1 Domestic Inventions Area B0113,https://www.inventaipei.com.tw/en/exhibitor/FE6CA939A9652B0E092096C70AA943352605680E9E44D119/info.html?lt=data&vt=company-name&cr=101,https://www.inventaipei.com.tw/en/exhibitor/company-name-data/index.html?tags=&pageSize=40&currentPage=3,101
215625CDA8B6EB7BF27B0070CA1C0B84,250210,North America Intellectual Property Corp.,北美智權報/NAIPnews,,TWTC Exhibition Hall 1 Peripheral Services Area B0102,https://www.inventaipei.com.tw/en/exhibitor/215625CDA8B6EB7B5991A5E1B22AE3A42605680E9E44D119/info.html?lt=data&vt=company-name&cr=102,https://www.inventaipei.com.tw/en/exhibitor/company-name-data/index.html?tags=&pageSize=40&currentPage=3,102
ECF8054C242BE02312A2B5E8BD3012F4,250046,"Onwell Curtain & Screen Co., Ltd.",良展科技紗窗,,TWTC Exhibition Hall 1 Domestic Inventions Area B0106,https://www.inventaipei.com.tw/en/exhibitor/ECF8054C242BE02310FA73B11A60BE642605680E9E44D119/info.html?lt=data&vt=company-name&cr=103,https://www.inventaipei.com.tw/en/exhibitor/company-name-data/index.html?tags=&pageSize=40&currentPage=3,103
8D99D8997D39B0E03D090DDC5EC9B2EB,250199,Proscend Communications Inc.,Proscend,,TWTC Exhibition Hall 1 Patented Merchandise Area B0401,https://www.inventaipei.com.tw/en/exhibitor/8D99D8997D39B0E0541C324D83067F622605680E9E44D119/info.html?lt=data&vt=company-name&cr=104,https://www.inventaipei.com.tw/en/exhibitor/company-name-data/index.html?tags=&pageSize=40&currentPage=3,104
35A5C0B6F4748B27CFC35C877AB64E37,250033,"REDWHISTLE Co., Ltd.",,,TWTC Exhibition Hall 1 Domestic Inventions Area B0314,https://www.inventaipei.com.tw/en/exhibitor/35A5C0B6F4748B27F3BA688931DA4DA32605680E9E44D119/info.html?lt=data&vt=company-name&cr=105,https://www.inventaipei.com.tw/en/exhibitor/company-name-data/index.html?tags=&pageSize=40&currentPage=3,105
E465A5D5DFF22842318366521D65E39A,250026,"Real Design Co., Ltd.",御美 / Ume,,TWTC Exhibition Hall 1 Domestic Inventions Area B0122,https://www.inventaipei.com.tw/en/exhibitor/E465A5D5DFF22842980C06BEB22427902605680E9E44D119/info.html?lt=data&vt=company-name&cr=106,https://www.inventaipei.com.tw/en/exhibitor/company-name-data/index.html?tags=&pageSize=40&currentPage=3,106
F3E560CA11F05FE03EFF295EC35BB28D,250044,Resilience Tech Ltd.,新方針安全科技 / Resilience Tech Ltd.,,TWTC Exhibition Hall 1 Domestic Inventions Area B0427,https://www.inventaipei.com.tw/en/exhibitor/F3E560CA11F05FE0D081B889F1EC4BB42605680E9E44D119/info.html?lt=data&vt=company-name&cr=107,https://www.inventaipei.com.tw/en/exhibitor/company-name-data/index.html?tags=&pageSize=40&currentPage=3,107
3B96DD62BF1F011BF56501450B88EB6D,250148,"Rocker Scientific Co., Ltd.",洛科/ROCKER,,TWTC Exhibition Hall 1 Domestic Inventions Area B0329,https://www.inventaipei.com.tw/en/exhibitor/3B96DD62BF1F011B31A54D9DB3362B962605680E9E44D119/info.html?lt=data&vt=company-name&cr=108,https://www.inventaipei.com.tw/en/exhibitor/company-name-data/index.html?tags=&pageSize=40&currentPage=3,108
150766FB5204A7DF939E319F0EDE044F,250154,Ruyi Pool Cue,如意撞球桿,,TWTC Exhibition Hall 1 Domestic Inventions Area B0230,https://www.inventaipei.com.tw/en/exhibitor/150766FB5204A7DF705CFFBE072757EDBFB422A6A801970E/info.html?lt=data&vt=company-name&cr=109,https://www.inventaipei.com.tw/en/exhibitor/company-name-data/index.html?tags=&pageSize=40&currentPage=3,109
31B9AD604CF001B5C3245FB170A63F62,250203,SHIH CHENG CHIEN,組培商場／TC mall,,TWTC Exhibition Hall 1 Patented Merchandise Area B0301a,https://www.inventaipei.com.tw/en/exhibitor/31B9AD604CF001B55AF3B8C6535EDA31BFB422A6A801970E/info.html?lt=data&vt=company-name&cr=110,https://www.inventaipei.com.tw/en/exhibitor/company-name-data/index.html?tags=&pageSize=40&currentPage=3,110
8A724B7DF63FB3CD461B13A8CD072763,250174,"SUNNY PRO CO., LTD.",AWERITE,,TWTC Exhibition Hall 1 Domestic Inventions Area B0307a,https://www.inventaipei.com.tw/en/exhibitor/8A724B7DF63FB3CDCF764A8A609E337A2605680E9E44D119/info.html?lt=data&vt=company-name&cr=111,https://www.inventaipei.com.tw/en/exhibitor/company-name-data/index.html?tags=&pageSize=40&currentPage=3,111
E4FE35990123713E0D47CB0CC8F43F16,250061,SkyMed Genomics Technology,,,TWTC Exhibition Hall 1 Domestic Inventions Area B0116,https://www.inventaipei.com.tw/en/exhibitor/E4FE35990123713E81D1D135C442AEC62605680E9E44D119/info.html?lt=data&vt=company-name&cr=112,https://www.inventaipei.com.tw/en/exhibitor/company-name-data/index.html?tags=&pageSize=40&currentPage=3,112
7269BB424DAF43AB15A09C17DC182C14,250209,Small Business Innovation Research,,,TWTC Exhibition Hall 1 Peripheral Services Area B0103,https://www.inventaipei.com.tw/en/exhibitor/7269BB424DAF43AB5611E98E84E26A7E2605680E9E44D119/info.html?lt=data&vt=company-name&cr=113,https://www.inventaipei.com.tw/en/exhibitor/company-name-data/index.html?tags=&pageSize=40&currentPage=3,113
F75C504B7AF9CF644EFB8DF1FBFC8334,250189,Southern Taiwan University of Science and Technology,南臺科技大學/Southern Taiwan University of Science and Technology,,TWTC Exhibition Hall 1 Educational Institution Inventions Area B0630,https://www.inventaipei.com.tw/en/exhibitor/F75C504B7AF9CF6457FBA2CBDF3681512605680E9E44D119/info.html?lt=data&vt=company-name&cr=114,https://www.inventaipei.com.tw/en/exhibitor/company-name-data/index.html?tags=&pageSize=40&currentPage=3,114
B801EC904C8970F1664FC7B9FD771A55,250058,"Spirit Scientific Co., Ltd.",,,TWTC Exhibition Hall 1 Domestic Inventions Area B0327,https://www.inventaipei.com.tw/en/exhibitor/B801EC904C8970F1A9411AF116FAABCF2605680E9E44D119/info.html?lt=data&vt=company-name&cr=115,https://www.inventaipei.com.tw/en/exhibitor/company-name-data/index.html?tags=&pageSize=40&currentPage=3,115
BA613FBF54FCEAD0143331A7531EBAF5,175378,Stage,,.,,https://www.inventaipei.com.tw/en/exhibitor/BA613FBF54FCEAD0B89ADE0FC55AC5B4D0636733C6861689/info.html?lt=data&vt=company-name&cr=116,https://www.inventaipei.com.tw/en/exhibitor/company-name-data/index.html?tags=&pageSize=40&currentPage=3,116
0978CA6BDE5293065EC6402A8E703223,250028,"Storage Bed Co., Ltd.",邦欣臥房研究室(邦欣好掀床)/Bangshin Bedroom Lab,,TWTC Exhibition Hall 1 Domestic Inventions Area B0207a,https://www.inventaipei.com.tw/en/exhibitor/0978CA6BDE529306570C12462E0695152605680E9E44D119/info.html?lt=data&vt=company-name&cr=117,https://www.inventaipei.com.tw/en/exhibitor/company-name-data/index.html?tags=&pageSize=40&currentPage=3,117
E950D60973EACC06EBD4BBBFA791533B,250624,Suntory Beverage & Food Taiwan Ltd. Taiwan Branch,白蘭氏雞精,,TWTC Exhibition Hall 1 Peripheral Services Area B0105,https://www.inventaipei.com.tw/en/exhibitor/E950D60973EACC063B99727B06FFDBFB2605680E9E44D119/info.html?lt=data&vt=company-name&cr=118,https://www.inventaipei.com.tw/en/exhibitor/company-name-data/index.html?tags=&pageSize=40&currentPage=3,118
6DB6D97CE61206FE9D43687DF11C48F7,175375,Sustainability,,.,TWTC Exhibition Hall 1 Sustainability A0601,https://www.inventaipei.com.tw/en/exhibitor/6DB6D97CE61206FE2010C7D066F33205D0636733C6861689/info.html?lt=data&vt=company-name&cr=119,https://www.inventaipei.com.tw/en/exhibitor/company-name-data/index.html?tags=&pageSize=40&currentPage=3,119
D392EC6041882052143331A7531EBAF5,175368,TAIWAN INNOTECH EXPO,,.,,https://www.inventaipei.com.tw/en/exhibitor/D392EC6041882052B89ADE0FC55AC5B4D0636733C6861689/info.html?lt=data&vt=company-name&cr=120,https://www.inventaipei.com.tw/en/exhibitor/company-name-data/index.html?tags=&pageSize=40&currentPage=3,120
D392EC6041882052BEBB3F5E761C19D0,175372,TAIWAN INNOTECH EXPO,,.,,https://www.inventaipei.com.tw/en/exhibitor/D392EC60418820520A7FF36801B89DDF6F51CB2375B3D43B/info.html?lt=data&vt=company-name&cr=121,https://www.inventaipei.com.tw/en/exhibitor/company-name-data/index.html?tags=&pageSize=40&currentPage=4,121
D392EC60418820526E7EEE75AC206EE4,175373,TAIWAN INNOTECH EXPO,,.,,https://www.inventaipei.com.tw/en/exhibitor/D392EC6041882052CAFCA631FA295AC86F51CB2375B3D43B/info.html?lt=data&vt=company-name&cr=122,https://www.inventaipei.com.tw/en/exhibitor/company-name-data/index.html?tags=&pageSize=40&currentPage=4,122
D392EC6041882052B634151A47850B17,175369,TAIWAN INNOTECH EXPO,,.,,https://www.inventaipei.com.tw/en/exhibitor/D392EC604188205294E790734AF44A3A6F51CB2375B3D43B/info.html?lt=data&vt=company-name&cr=123,https://www.inventaipei.com.tw/en/exhibitor/company-name-data/index.html?tags=&pageSize=40&currentPage=4,123
D392EC60418820526019C7C4A02EB60C,175370,TAIWAN INNOTECH EXPO,,.,,https://www.inventaipei.com.tw/en/exhibitor/D392EC6041882052908F24A4BDE998FA6F51CB2375B3D43B/info.html?lt=data&vt=company-name&cr=124,https://www.inventaipei.com.tw/en/exhibitor/company-name-data/index.html?tags=&pageSize=40&currentPage=4,124
19AA526058F89A9762374137BBBCA961,250618,TAIWAN INVENTION PRODUCTS PROMOTION ASSOCIATION (TIPPA),,,TWTC Exhibition Hall 1 Domestic Inventions Area B0307,https://www.inventaipei.com.tw/en/exhibitor/19AA526058F89A97EFF725474FAC3BAE2605680E9E44D119/info.html?lt=data&vt=company-name&cr=125,https://www.inventaipei.com.tw/en/exhibitor/company-name-data/index.html?tags=&pageSize=40&currentPage=4,125
98297AC8DA517EADC1DF54893CEDFD43,250622,TFCA (CONCOURS LEPINE TAIWAN DELEGATION),,,TWTC Exhibition Hall 1 Patented Merchandise Area B0501,https://www.inventaipei.com.tw/en/exhibitor/98297AC8DA517EAD0E30DC9B60E5FC4B2605680E9E44D119/info.html?lt=data&vt=company-name&cr=126,https://www.inventaipei.com.tw/en/exhibitor/company-name-data/index.html?tags=&pageSize=40&currentPage=4,126
BF77516447B7422A1FF26BAC01D35DCB,250619,THE EXCELLENT INVENTORS SOCIETY OF THE REPUBLIC OF CHINA,,,TWTC Exhibition Hall 1 Domestic Inventions Area B0205a,https://www.inventaipei.com.tw/en/exhibitor/BF77516447B7422A726F284C95AF98CC2605680E9E44D119/info.html?lt=data&vt=company-name&cr=127,https://www.inventaipei.com.tw/en/exhibitor/company-name-data/index.html?tags=&pageSize=40&currentPage=4,127
E2F93DD504E3DF061EA3C16CC868057A,250620,THE UNION ASSOCIATION OF TAIWAN INNOVATIONS AND INVENTIONS,,,TWTC Exhibition Hall 1 Domestic Inventions Area B0205,https://www.inventaipei.com.tw/en/exhibitor/E2F93DD504E3DF0646DBF99771AF29D32605680E9E44D119/info.html?lt=data&vt=company-name&cr=128,https://www.inventaipei.com.tw/en/exhibitor/company-name-data/index.html?tags=&pageSize=40&currentPage=4,128
15F382FC9A6D94BF4D2A62D000A40C5F,250159,"THETECH Co., Ltd.","有家科技有限公司 / THETECH Co.,Ltd",,TWTC Exhibition Hall 1 Domestic Inventions Area B0117,https://www.inventaipei.com.tw/en/exhibitor/15F382FC9A6D94BFE3F5DB227AEC0D692605680E9E44D119/info.html?lt=data&vt=company-name&cr=129,https://www.inventaipei.com.tw/en/exhibitor/company-name-data/index.html?tags=&pageSize=40&currentPage=4,129
24708C6D1FA4E400688B8F1C73C1C187,250070,Taipei City University of Science and Technology,臺北城市科技大學/TPCU,,TWTC Exhibition Hall 1 Educational Institution Inventions Area B0616,https://www.inventaipei.com.tw/en/exhibitor/24708C6D1FA4E400B102D5BDB62834862605680E9E44D119/info.html?lt=data&vt=company-name&cr=130,https://www.inventaipei.com.tw/en/exhibitor/company-name-data/index.html?tags=&pageSize=40&currentPage=4,130
CA29AB3B98DF61925430FC3FC276A719,250056,"Taiwan (TW) Livestock Research Institute, Ministry of Agriculture","農業部畜產試驗所／Taiwan Livestock Research Institute, Ministry of Agriculture",,TWTC Exhibition Hall 1 Domestic Inventions Area B0237,https://www.inventaipei.com.tw/en/exhibitor/CA29AB3B98DF6192EC17266F4AABC4092605680E9E44D119/info.html?lt=data&vt=company-name&cr=131,https://www.inventaipei.com.tw/en/exhibitor/company-name-data/index.html?tags=&pageSize=40&currentPage=4,131
0C11C18A9D2E37FF4A62A51AB5B27ED8,250022,Taiwan (TW) Power Company,台電/TPC,,TWTC Exhibition Hall 1 Domestic Inventions Area B0405a,https://www.inventaipei.com.tw/en/exhibitor/0C11C18A9D2E37FFC3D2BED3E0F64BF92605680E9E44D119/info.html?lt=data&vt=company-name&cr=132,https://www.inventaipei.com.tw/en/exhibitor/company-name-data/index.html?tags=&pageSize=40&currentPage=4,132
4D21E5846754213D7E7A9661C157C1C5,250055,Taiwan (TW) Sugar Corporation,台灣糖業股份有限公司,,TWTC Exhibition Hall 1 Domestic Inventions Area B0325,https://www.inventaipei.com.tw/en/exhibitor/4D21E5846754213DC3C09C727B9FDAAE2605680E9E44D119/info.html?lt=data&vt=company-name&cr=133,https://www.inventaipei.com.tw/en/exhibitor/company-name-data/index.html?tags=&pageSize=40&currentPage=4,133
7F888FB39D0F4B733720CC11CBD335B8,250059,"Taiwan (TW) Super Power Distribution Systems Co., Ltd.",,,TWTC Exhibition Hall 1 Domestic Inventions Area B0318,https://www.inventaipei.com.tw/en/exhibitor/7F888FB39D0F4B7304BE99630E8042A42605680E9E44D119/info.html?lt=data&vt=company-name&cr=134,https://www.inventaipei.com.tw/en/exhibitor/company-name-data/index.html?tags=&pageSize=40&currentPage=4,134
1DD61E0092ADF11919533FCA53E36132,250036,Taiwan (TW) TOBACCO & LIQUOR CORPORATION BIOTECHNOLOGY RESEARCH & DEVELOPMENT CENTER,台酒生技 TTL BIO-TECH,,TWTC Exhibition Hall 1 Domestic Inventions Area B0335,https://www.inventaipei.com.tw/en/exhibitor/1DD61E0092ADF11949FDE06EFFD815482605680E9E44D119/info.html?lt=data&vt=company-name&cr=135,https://www.inventaipei.com.tw/en/exhibitor/company-name-data/index.html?tags=&pageSize=40&currentPage=4,135
1BED623F44BED36CF59956B9A42E39A5,250045,Taiwan (TW) Textile Research Institute,,,TWTC Exhibition Hall 1 Domestic Inventions Area B0231,https://www.inventaipei.com.tw/en/exhibitor/1BED623F44BED36CD81BFF1117A43DA52605680E9E44D119/info.html?lt=data&vt=company-name&cr=136,https://www.inventaipei.com.tw/en/exhibitor/company-name-data/index.html?tags=&pageSize=40&currentPage=4,136
3B13C322B4ECD1F32E6655D35AC65594,250615,Taiwan Invention Association,Taiwan Invention Association,,TWTC Exhibition Hall 1 Domestic Inventions Area B0306,https://www.inventaipei.com.tw/en/exhibitor/3B13C322B4ECD1F31050567FCF36573A2605680E9E44D119/info.html?lt=data&vt=company-name&cr=137,https://www.inventaipei.com.tw/en/exhibitor/company-name-data/index.html?tags=&pageSize=40&currentPage=4,137
1C944C6E332D5C213286D6BAC563B0C3,250156,"Taiwan Mitochondrion Applied Technology Co.,Ltd",,,TWTC Exhibition Hall 1 Domestic Inventions Area B0119,https://www.inventaipei.com.tw/en/exhibitor/1C944C6E332D5C217534C2F0A43F90682605680E9E44D119/info.html?lt=data&vt=company-name&cr=138,https://www.inventaipei.com.tw/en/exhibitor/company-name-data/index.html?tags=&pageSize=40&currentPage=4,138
FB0910A40D41CC7E76CD3AFC0C30939F,175377,Taiwan Patent GO,,.,,https://www.inventaipei.com.tw/en/exhibitor/FB0910A40D41CC7EB8BB00B9248B24ACD0636733C6861689/info.html?lt=data&vt=company-name&cr=139,https://www.inventaipei.com.tw/en/exhibitor/company-name-data/index.html?tags=&pageSize=40&currentPage=4,139
9755F21618B81C898DC0BCD147FC17B2,250153,Taiwan Water Corporation,,,TWTC Exhibition Hall 1 Domestic Inventions Area B0118,https://www.inventaipei.com.tw/en/exhibitor/9755F21618B81C89DBD70E3A7D17EE702605680E9E44D119/info.html?lt=data&vt=company-name&cr=140,https://www.inventaipei.com.tw/en/exhibitor/company-name-data/index.html?tags=&pageSize=40&currentPage=4,140
662805FC455858A23A94FEDBCB0CBBB1,250072,Tamkang University,韋翰,,TWTC Exhibition Hall 1 Educational Institution Inventions Area B0624,https://www.inventaipei.com.tw/en/exhibitor/662805FC455858A24C7CCF53848B68D42605680E9E44D119/info.html?lt=data&vt=company-name&cr=141,https://www.inventaipei.com.tw/en/exhibitor/company-name-data/index.html?tags=&pageSize=40&currentPage=4,141
60874EDE7D7EE6EAFD6C5222040CA9D8,250160,Taoyuan General Hospital,,,TWTC Exhibition Hall 1 Domestic Inventions Area B0130,https://www.inventaipei.com.tw/en/exhibitor/60874EDE7D7EE6EA9B58B5861514B7092605680E9E44D119/info.html?lt=data&vt=company-name&cr=142,https://www.inventaipei.com.tw/en/exhibitor/company-name-data/index.html?tags=&pageSize=40&currentPage=4,142
9887F164AF7F21E52F859D09172C3D74,250019,"Telecom Laboratories, Chunghwa Telecom Co., Ltd.",中華電信/CHT、中華電信研究院/CHTTL,,,https://www.inventaipei.com.tw/en/exhibitor/9887F164AF7F21E5016AE56063B927C92605680E9E44D119/info.html?lt=data&vt=company-name&cr=143,https://www.inventaipei.com.tw/en/exhibitor/company-name-data/index.html?tags=&pageSize=40&currentPage=4,143
6ACABA732BF1086622AC29C42E6B180D,250062,"Transverse Industries Co., Ltd.",TRANS,,TWTC Exhibition Hall 1 Domestic Inventions Area B0115,https://www.inventaipei.com.tw/en/exhibitor/6ACABA732BF108666C38C8170FE650212605680E9E44D119/info.html?lt=data&vt=company-name&cr=144,https://www.inventaipei.com.tw/en/exhibitor/company-name-data/index.html?tags=&pageSize=40&currentPage=4,144
45D89C26F8CC9B90305EC6F3E8FC2221,250065,Tunghai University,東海大學/Tunghai University,,TWTC Exhibition Hall 1 Educational Institution Inventions Area B0913a,https://www.inventaipei.com.tw/en/exhibitor/45D89C26F8CC9B908035CC82C5E136EA2605680E9E44D119/info.html?lt=data&vt=company-name&cr=145,https://www.inventaipei.com.tw/en/exhibitor/company-name-data/index.html?tags=&pageSize=40&currentPage=4,145
487202B447F25E959B660299036F32C9,250181,VANUNG UNIVERSITY,萬能學校財團法人萬能科技大學 / VANUNG UNIVERSITY,,TWTC Exhibition Hall 1 Educational Institution Inventions Area B1033a,https://www.inventaipei.com.tw/en/exhibitor/487202B447F25E9589D6E5AE3B8091A72605680E9E44D119/info.html?lt=data&vt=company-name&cr=146,https://www.inventaipei.com.tw/en/exhibitor/company-name-data/index.html?tags=&pageSize=40&currentPage=4,146
B7919595ADE2E691932122184F8AEB02,250206,"WELCOME CO., LTD.",摩肯 / MODCON,,TWTC Exhibition Hall 1 Patented Merchandise Area B0501a,https://www.inventaipei.com.tw/en/exhibitor/B7919595ADE2E691C5330156FA83A4DC2605680E9E44D119/info.html?lt=data&vt=company-name&cr=147,https://www.inventaipei.com.tw/en/exhibitor/company-name-data/index.html?tags=&pageSize=40&currentPage=4,147
A11C241D787C7CBD53FAA6DE9D18B48F,250208,Wispro International Patent & Trademark Office,世博/WISPRO,,TWTC Exhibition Hall 1 Peripheral Services Area B0107,https://www.inventaipei.com.tw/en/exhibitor/A11C241D787C7CBD0D2D3004697359442605680E9E44D119/info.html?lt=data&vt=company-name&cr=148,https://www.inventaipei.com.tw/en/exhibitor/company-name-data/index.html?tags=&pageSize=40&currentPage=4,148
023F244C8EE505A2FEBC2D1AF1A25E90,250032,"YHUTENG BIOTECH CO., LTD.",LOGO圖底部英文名YTB,,TWTC Exhibition Hall 1 Domestic Inventions Area B0207,https://www.inventaipei.com.tw/en/exhibitor/023F244C8EE505A245E74080E8EEA9C92605680E9E44D119/info.html?lt=data&vt=company-name&cr=149,https://www.inventaipei.com.tw/en/exhibitor/company-name-data/index.html?tags=&pageSize=40&currentPage=4,149
150766FB5204A7DF9D18CBE180D3CE7A,250163,YU-YAN LIU,,,TWTC Exhibition Hall 1 Domestic Inventions Area B0128,https://www.inventaipei.com.tw/en/exhibitor/150766FB5204A7DF8FF426368334AAA0BFB422A6A801970E/info.html?lt=data&vt=company-name&cr=150,https://www.inventaipei.com.tw/en/exhibitor/company-name-data/index.html?tags=&pageSize=40&currentPage=4,150
6A6AB84FB23ECC13BA0297119CE847E5,250064,YUAN ZE UNIVERSITY,,,TWTC Exhibition Hall 1 Educational Institution Inventions Area B0817a,https://www.inventaipei.com.tw/en/exhibitor/6A6AB84FB23ECC1320EC0A56651350552605680E9E44D119/info.html?lt=data&vt=company-name&cr=151,https://www.inventaipei.com.tw/en/exhibitor/company-name-data/index.html?tags=&pageSize=40&currentPage=4,151
45686C4076474BD2EA8638F663213C5E,250023,"Yi-Shin Long-Term Care Service Co., Ltd.",雄賀銀髮健身 / Shiung-He Senior Fitness,,TWTC Exhibition Hall 1 Domestic Inventions Area B0525a,https://www.inventaipei.com.tw/en/exhibitor/45686C4076474BD203A97D9DE534E7A32605680E9E44D119/info.html?lt=data&vt=company-name&cr=152,https://www.inventaipei.com.tw/en/exhibitor/company-name-data/index.html?tags=&pageSize=40&currentPage=4,152
D51E0A78C02E0D913B86507608E472CD,250195,Yuanpei University of Medical Technology,,,TWTC Exhibition Hall 1 Educational Institution Inventions Area B1030,https://www.inventaipei.com.tw/en/exhibitor/D51E0A78C02E0D91C5BDD97604305CFB2605680E9E44D119/info.html?lt=data&vt=company-name&cr=153,https://www.inventaipei.com.tw/en/exhibitor/company-name-data/index.html?tags=&pageSize=40&currentPage=4,153
FB8A9574B32D506FF913FDD9E151DF48,250202,"ZenFlux co.,",仕能生技 / ZenFlux,,TWTC Exhibition Hall 1 Patented Merchandise Area B0401a,https://www.inventaipei.com.tw/en/exhibitor/FB8A9574B32D506FFF467FDDC5535F592605680E9E44D119/info.html?lt=data&vt=company-name&cr=154,https://www.inventaipei.com.tw/en/exhibitor/company-name-data/index.html?tags=&pageSize=40&currentPage=4,154
CBAFEFCD9F0545903EBFA58ABF909618,250057,cskuo16,郭智賢/ cskuo16,,TWTC Exhibition Hall 1 Domestic Inventions Area B0222,https://www.inventaipei.com.tw/en/exhibitor/CBAFEFCD9F0545904814CF30BA7A6CFDBFB422A6A801970E/info.html?lt=data&vt=company-name&cr=155,https://www.inventaipei.com.tw/en/exhibitor/company-name-data/index.html?tags=&pageSize=40&currentPage=4,155
