company name,location,Booth: 3-A06   |   DeLuxe PrintPack Hong Kong   |   ,Company Background,Nature of Business,Product / Service Range,Exhibit / Brand / Service Description,Product Strategy,,HKTDC Events,Certificates,Verified Certificates,Other Certificates,supplier_url,exhibitor_url,Booth: 3-A05   |   DeLuxe PrintPack Hong Kong   |   ,Brand Name,Company Website,Booth: 3-B02   |   DeLuxe PrintPack Hong Kong   |   ,Booth: 3-A11   |   DeLuxe PrintPack Hong Kong   |   ,Booth: 3-B01   |   DeLuxe PrintPack Hong Kong   |   ,Booth: 3-A02   |   DeLuxe PrintPack Hong Kong   |   ,Booth: 3-C18   |   DeLuxe PrintPack Hong Kong   |   Cantonese Business Go Global,Booth: 3-B29   |   DeLuxe PrintPack Hong Kong   |   Cantonese Business Go Global,Booth: 3-C04   |   DeLuxe PrintPack Hong Kong   |   Cantonese Business Go Global,Booth: 3-A10   |   DeLuxe PrintPack Hong Kong   |   Cantonese Business Go Global,Booth: 3-C05   |   DeLuxe PrintPack Hong Kong   |   
Man Sang Envelope Manufacturing Co Ltd,Hong Kong    |    Factory in Chinese Mainland,,"Man Sang provides one-stop shop printing solution to all business needs. We are experienced in the printing industry for more than 44 years, offering both OEM and ODM services. Our product categories including commercial printing, packaging for all industries, seasonal packaging, promotion materials, customized VIP gifts & PR kits, personalized gifts on various materials, etc.",Manufacturer,"Paper Decoration,Presentation Box,Packaging Design,Cosmetics Packaging,Wine Packaging,Luxury Packaging,Smart Packaging,Jewelry Packaging & Display,Glasses Packaging,Glass Packaging","Gift Boxes, Gifts Packaging, Food Packaging, Customized Gifts, Personalized Gifts, Promotion Materials, Commercial Printing, Graphic & Product Design services.","OEM, ODM",,Exhibited in HKTDC Event(s) in recent years DeLuxe PrintPack Hong Kong 2025 DeLuxe PrintPack Hong Kong 2024 HKTDC Hong Kong Watch & Clock Fair 2023 HK Int'l Printing & Packaging Fair 2023 HKTDC Hong Kong Watch & Clock Fair 2022 HKTDC Lifestyle Sourcing Show | Physical + Online HKTDC International Sourcing Show 2021 HKTDC Hong Kong Gifts & Premium Fair 2019 Show More,,Quality Management System Certificate Issued By China Quality Certification Centre Valid Date 21 May 2028 Environmental Management System Certificate Issued By China Quality Certification Centre Valid Date 30 May 2027 Show More,FSCᵀᴹ Chain-of-Custody Certificate 2022-2027 Issued By SGS Type FSC Valid Date 07 Feb 2022 - 06 Feb 2027 Quality Management System Certificate Issued By China Quality Certification Centre Type ISO_9001 Valid Date 21 Apr 2022 - 21 May 2025 Show More,https://sourcing.hktdc.com/en/Supplier-Store/Profile/Man-Sang-Envelope-Mfg-Co-Ltd/1X0019JQ,https://www.hktdc.com/event/deluxeprintpackhk/en/exhibitor/1S005ISRZ,,,,,,,,,,,,
EXHIBITION+,Hong Kong,,"The Hong Kong Trade Development Council (HKTDC) introduces ‘EXHIBITION+’, a brand-new exhibition model integrating online-and-offline trade show formats, extending face-to-face interactions from its world-class exhibitions in Hong Kong to an online smart business matching platform to help you connect business partners proactively.",,,,,,Exhibited in HKTDC Event(s) in recent years HKTDC Food Expo PRO 2026 HKTDC Hong Kong International Tea Fair 2026 HKTDC Hong Kong International Medical and Healthcare Fair 2026 Fashion InStyle 2026 Home InStyle 2026 HKTDC Hong Kong International Lighting Fair (Spring Edition) 2026 HKTDC Smart Lighting Expo 2026 HKTDC Hong Kong International Jewellery Show 2026 Show More,,,,https://sourcing.hktdc.com/en/Supplier-Store/Profile/EXHIBITION-/1S00O2V5Q,https://www.hktdc.com/event/deluxeprintpackhk/en/exhibitor/1S005LMKQ,,,,,,,,,,,,
Marshallom (Holdings) Limited,Hong Kong,,"'Marshallom (Holdings) LTD'., is a leading manufacturing company located in Hong Kong. Our group was established in 1993, specializing in tin packaging. Our factory occupies an area of 150,000 square meters in Huizhou, Guangdong Province, China. It integrated with a one-way stop service to provide customer designing, printing manufacturing and finally packaging. We have over 4000 sets of mouldings available. With our fully equipped resources, our maximum monthly production capacity reaches up to 1.5 million pieces.",Manufacturer,Metal Box & Can,"Tin box tin can metal box metal can, round tin rectangle tin","OEM, ODM",,Exhibited in HKTDC Event(s) in recent years DeLuxe PrintPack Hong Kong 2026 HKTDC Hong Kong Gifts & Premium Fair 2026 DeLuxe PrintPack Hong Kong 2025 DeLuxe PrintPack Hong Kong 2024 HK Int'l Printing & Packaging Fair 2023 HKTDC Hong Kong Gifts & Premium Fair 2023 HKTDC Hong Kong International Medical and Healthcare Fair 2021 HKTDC Hong Kong Gifts & Premium Fair 2019 Show More,,,Sedex Members Ethical Trade Audit Issued By Sedex Type SEDEX Valid Date 13 Feb 2023 - 13 Feb 2024 FAMA Issued By Disney Type OTHERS Valid Date 30 Dec 2022 - 30 Dec 2023,https://sourcing.hktdc.com/en/Supplier-Store/Profile/Marshallom-Holdings-Ltd/1X03U3AH,https://www.hktdc.com/event/deluxeprintpackhk/en/exhibitor/1S005ISVN,,Audemars Piguet,www.marshallom.hk,,,,,,,,,
TouchPoint Company Limited,Hong Kong    |    Factory in Chinese Mainland,,"We design and produce boxes, bags, pouches and displays products for watch and jewelry brands. Our factory is located in Southern China, with product development team to handle innovative projects. Our sourcing team is expertise in material sourcing and handling.",Manufacturer,"Bag and Pouch,Silk Boxes/Bags,Luxury Packaging,Jewelry Packaging & Display,Watch Packaging","Jewelry and watch Boxes, pouches, shopping bag, displays","OEM, ODM",,Exhibited in HKTDC Event(s) in recent years DeLuxe PrintPack Hong Kong 2025 HKTDC Hong Kong Watch & Clock Fair 2021 HKTDC Hong Kong Watch & Clock Fair 2018 HKTDC Hong Kong Watch & Clock Fair 2017 BASELWORLD 2017 - The World Watch and Jewellery Show HKTDC Hong Kong Watch & Clock Fair 2016 HKTDC Hong Kong Watch & Clock Fair 2015 HKTDC Hong Kong International Jewellery Show 2015 Show More,,,,https://sourcing.hktdc.com/en/Supplier-Store/Profile/TouchPoint-Co-Ltd/1X05MLXC,https://www.hktdc.com/event/deluxeprintpackhk/en/exhibitor/1S005ISWK,,,,,,,,,,,,
"Wing Chun Gift Boxes Product (HK) Co., Limited",Hong Kong    |    Factory in Hong Kong,,"WING CHUN is a specialized printing and packaging company , we want to set the standards in our industries. Through revolution rattan evolution, and solutions we create sustainable value for our customers. We provide printed packaging service to various renowned brands. Our head company located in Hong Kong, and our factory located in Guang Dong. We had successfully obtained ISO9001: 2015 , FSC?-C156449 , G7 , QS food packing, certification etc. With our rich experience in printing packaging more than 10 years, we help customer to promote their products & brand names, we can supply various products specially design Luxury packaging gift boxes, paper bag, plastic trays, clear plastic box, trademark sticker and so on. We have well-trained and experienced team in handling oversea shipment, providing one-stop service for our clients. We will do our best grow our clients profitability by providing high value at a lower per-piece cost, and hope to be the preferred partner for our customers. Welcome to send us further information for pricing or you have any OEM / ODM items need us to develop and manufactur.",Manufacturer,"Luxury Packaging, Watch Packaging, Packaging Design, Paper Decoration, Glasses Packaging, Jewelry Packaging & Display, Wine Packaging, Cosmetics Packaging","With our rich experience in printing packaging more than 10 years, we help customer to promote their products & brand names, we can supply various products specially design Luxury packaging gift boxes, paper bag, plastic trays, clear plastic box, tra","OEM, ODM",,Exhibited in HKTDC Event(s) in recent years DeLuxe PrintPack Hong Kong 2026 DeLuxe PrintPack Hong Kong 2025 HKTDC Food Expo PRO 2024 DeLuxe PrintPack Hong Kong 2024 HK Int'l Printing & Packaging Fair 2023 HKTDC Hong Kong Gifts & Premium Fair 2022 HKTDC International Sourcing Show 2021 HKTDC Hong Kong International Printing and Packaging Fair 2019 Show More,,,G7 Issued By IDEA lliance CHINA Type OTHERS Valid Date 01 Sep 2022 - 31 Aug 2025 ISO9001 Issued By BM TRADA Certification Ltd. Type ISO_9001 Valid Date 20 Dec 2023 - 16 Dec 2026 Show More,https://sourcing.hktdc.com/en/Supplier-Store/Profile/Wing-Chun-Gift-Boxes-Product-HK-Co-Ltd/1X080VE1,https://www.hktdc.com/event/deluxeprintpackhk/en/exhibitor/1S005J2B1,,,wing-chun.com.hk,,,,,,,,,
"Changshan Shunfa Bags Co., Ltd.",Chinese Mainland,,"Changshan Shunfa Bags Co., Ltd has established in 2007 and located in Quzhou city, Zhejiang province, China. It covers land area of 18,000 sam and holds 200 skilled workers with monthly output 2.000,000 pieces. Our product line covers drawstring bag, dust bag, shopping bags, garment bag and all kinds of gift packing bag. With great achievement in past years, Shunfa has become the nominated supplier of many famous luxury brands. Our company has SA8000, BSCl, GRS and ISO9001 system certification, and strictly carry out these standards from the product quality, social responsibility to environmental protection.",,"Watch Packaging, Luxury Packaging, Velvet Box / Bag, Jewelry Packaging & Display, Bag and Pouch, Packaging Design, Smart Packaging, Cosmetics Packaging, Silk Box / Bag, Art Printing",Eco-Friendly Collection; Drawstring Bags; Envelope bags; Shopping Bag; Tote Bag; Cosmetic Bag; Other Bag; Garment Bag; Riding Equipment; Eyes Mask,"ODM, OEM, OBM",,Exhibited in HKTDC Event(s) in recent years DeLuxe PrintPack Hong Kong 2026 DeLuxe PrintPack Hong Kong 2025 DeLuxe PrintPack Hong Kong 2024,,,SA8000:2014 Issued By - Type - Valid Date (N/A) - (N/A) CNSA CERITIFATE Issued By - Type - Valid Date (N/A) - (N/A),https://sourcing.hktdc.com/en/Supplier-Store/Profile/Changshan-Shunfa-Bags-Co-Ltd/1X0B4ZNG,https://www.hktdc.com/event/deluxeprintpackhk/en/exhibitor/1S005L297,,,www.shunfabag.com,,,,,,,,,
"Sate-Lite (Foshan) Plastics Co., Ltd.",Chinese Mainland,,,,"Packaging Design,Cosmetics Packaging,Jewelry Packaging & Display",Paper box & paper bag,OBM,,Exhibited in HKTDC Event(s) in recent years DeLuxe PrintPack Hong Kong 2025 DeLuxe PrintPack Hong Kong 2024 HK Int'l Printing & Packaging Fair 2023 HKTDC International Sourcing Show 2021 HKTDC Hong Kong Gifts & Premium Fair 2016,,,ISO9001:2008 Issued By - Type - Valid Date (N/A) - (N/A),https://sourcing.hktdc.com/en/Supplier-Store/Profile/Sate-Lite-Foshan-Plastics-Co-Ltd/1X09A6H1,https://www.hktdc.com/event/deluxeprintpackhk/en/exhibitor/1S005LXLC,,deflecto,,,,,,,,,,
Best Planner Development Ltd,Hong Kong    |    Factory in Chinese Mainland,,PREMIUM PRODUCT MANUFACTURING AND PRINTING SERVICES PROVIDER.,"Exporter, Manufacturer","Cosmetics Packaging, Jewelry Packaging & Display, Smart Packaging, Luxury Packaging, Art Printing, Wine Packaging","LUXURY PACKAGING BOXES, GIFT BOXES","OEM, ODM",,Exhibited in HKTDC Event(s) in recent years DeLuxe PrintPack Hong Kong 2026 DeLuxe PrintPack Hong Kong 2025 DeLuxe PrintPack Hong Kong 2024,,,,https://sourcing.hktdc.com/en/Supplier-Store/Profile/Best-Planner-Development-Ltd/1S00O6ZTM,https://www.hktdc.com/event/deluxeprintpackhk/en/exhibitor/1S005LYWE,,,www.bp-printing.com,,,,,,,,,
"Flowers Sky Industry Co., Limited",Hong Kong    |    Factory in Chinese Mainland,,"Flowers Sky Industry Co., Limited is a distinguished manufacturer specializing in high-quality cigar boxes, cigar accessories, watch boxes, and jewelry boxes.","Exporter, Wholesaler, Manufacturer","Wooden Box and Case,Presentation Box,Velvet Boxes/Bags,Cosmetics Packaging,Wine Packaging,Luxury Packaging,Smart Packaging,Jewelry Packaging & Display,Watch Packaging,Cigar Packaging","Manufacturer specializing in high-quality cigar boxes, cigar accessories, watch boxes, and jewelry boxes.","OEM, ODM, Others, OBM",,Exhibited in HKTDC Event(s) in recent years DeLuxe PrintPack Hong Kong 2025,,,,https://sourcing.hktdc.com/en/Supplier-Store/Profile/Flowers-Sky-Industry-Co-Limited/1S00OYXGR,https://www.hktdc.com/event/deluxeprintpackhk/en/exhibitor/1S005JP25,,,,,,,,,,,,
Fung Ming Ribbon Industrial Limited,Hong Kong    |    Factory in Chinese Mainland,,"Fung Ming Ribbon Industrial Limited was established in 1998, accumulated many years of experiences in producing high quality ribbons. Our technicians had been well trained in Japan for many years, excel at making Japanese quality ribbons. Both the dyeing and weaving technologies achieve the world highest standard, the qualities are reliable and stable. We have 120 Swiss high speed shuttleless looms, 60 custom-made shuttle looms, the capacity is 3 times of a normal shuttle. We are proud of our products as we use import dyestuff from Germany, coordinating with technician's rich experiences and skills and with our high temperature high pressure dyeing equipments, in addition, using a jumbo setting machine to complete the final processes. As we have those technologies, facilities and capable staffs, enable us to produce rich color and high color fastness ribbons, fully satisfy customers from Japan, UA, the European Union countries as well as those customers concern about both environmental and quality.",Manufacturer,"Cosmetics Packaging, Perfume Bottle, Cut-Edge Ribbon, Wine Packaging, Luxury Packaging, Glass Packaging, Cigar Packaging, Packaging Design, Jewelry Packaging & Display, Smart Packaging","Fung Ming Ribbon produces high quality ribbons for luxury products, Fast delivery and small MOQ for customized printed ribbons.",OEM,,Exhibited in HKTDC Event(s) in recent years DeLuxe PrintPack Hong Kong 2026 DeLuxe PrintPack Hong Kong 2025 DeLuxe PrintPack Hong Kong 2024 HK Int'l Printing & Packaging Fair 2023 HKTDC International Sourcing Show 2021 HKTDC Hong Kong International Printing and Packaging Fair 2020 HKTDC Hong Kong International Printing and Packaging Fair 2019 HKTDC Hong Kong International Printing and Packaging Fair 2017 Show More,,,Oeko-Tex 100 Issued By - Type - Valid Date (N/A) - (N/A),https://sourcing.hktdc.com/en/Supplier-Store/Profile/Fung-Ming-Ribbon-Industrial-Limited/1X092XEV,https://www.hktdc.com/event/deluxeprintpackhk/en/exhibitor/1S005ISZB,,,www.fungmingribbon.com,,,,,,,,,
Hyacinth Paper (HK) Co. Limited,Hong Kong    |    Factory in Chinese Mainland,,"Hyacinth Group was established in 2000 in Shenzhen, Guangdong Province, China, which is committed to providing premium art and educational paper products for brands and institutions seeking excellence. Our company operates high-standard art paper and paper product factories and logistics centers, in Dongguan and Jiaxing, China. The mill have a combined annual production and processing capacity of 120,000 tons, with a regular inventory of over 20,000 tons of art paper available for immediate delivery. We can offers customers a selection of over 5,000 different types of art and specialty papers.","Retailer, Exporter, Chain Store, Manufacturer, Wholesaler","Jewelry Packaging & Display, Art Printing, Special Paper and Materials, Packaging Design, Cosmetics Packaging, Presentation Box","FSC mix credit / FSC 100% recycled paper grade. Pure Inspiration / Vivid colorful fancy paper. Vanguard New kevel /image touch paper series for brand and luxury packaging. Brilliant Star/ pearl paper, 38 fashion and classic colors.",Others,,Exhibited in HKTDC Event(s) in recent years DeLuxe PrintPack Hong Kong 2026 DeLuxe PrintPack Hong Kong 2025 DeLuxe PrintPack Hong Kong 2024 HKTDC Hong Kong International Printing and Packaging Fair 2019 HKTDC Hong Kong International Printing and Packaging Fair 2018 HKTDC Hong Kong International Printing and Packaging Fair 2017 HKTDC Hong Kong International Printing and Packaging Fair 2016 HKTDC Hong Kong International Printing & Packaging Fair 2015 Show More,,,,https://sourcing.hktdc.com/en/Supplier-Store/Profile/Hyacinth-Paper-HK-Co-Ltd/1X06YE4Q,https://www.hktdc.com/event/deluxeprintpackhk/en/exhibitor/1S005ISQ2,,"Pure Inspiration,Image,Vivid,Vanguard,Brilliant Star,FSC recycled paper grade",www.chinahys.com,,,,,,,,,
JEF Industrial Limited,Hong Kong    |    Factory in Chinese Mainland,,"Originally established in 1992, under the name of JEF Limited, our company has rebranded as JEF Industrial Limited in 2019, and has been one of the leading and most reputable manufacturers of decorated tin boxes, now supplying clients in over 40 countries, with a particular focus on Europe and the UK. All our tin boxes are made with the highest quality of raw material, inks and lacquers, and comply with the strictest and latest food-packaging regulations. Our factory, based in Shenzhen, China is BSCI, FAMA and BRC accredited. We offer a wide ragne of standard items with over 1,000 sets of tooling available, covering a wide ragne of shapes, styles and sizes.",Manufacturer,"Luxury Packaging, Metal Box & Can, Wine Packaging, Cosmetics Packaging, Watch Packaging","Tin boxes for fine foods, i.e. tea, coffee, chocolate, biscuits or confectionery. Tin boxes are also utilised for many other products, like stationery, wine & spirits, perfume & cosmetics, textile or promotional items.",OEM,,Exhibited in HKTDC Event(s) in recent years DeLuxe PrintPack Hong Kong 2026 DeLuxe PrintPack Hong Kong 2025 HKTDC Hong Kong Gifts & Premium Fair 2024 DeLuxe PrintPack Hong Kong 2024 HKTDC Hong Kong International Tea Fair 2023 HKTDC Hong Kong Gifts & Premium Fair 2023 Thematic Hong Kong Product Gallery in RCEP Economies HKTDC Hong Kong Gifts & Premium Fair 2022 Show More,,,BRCGS GLOBAL STANDARD for PACKAGING AND PACKAGING MATERIALS Issued By INTERTEK Type - Valid Date (N/A) - (N/A),https://sourcing.hktdc.com/en/Supplier-Store/Profile/JEF-Industrial-Limited/1X0B3KUI,https://www.hktdc.com/event/deluxeprintpackhk/en/exhibitor/1S005ISTT,,,www.jef.com.hk,,,,,,,,,
MPP Packaging (Asia) Limited,Hong Kong,,"MPP ASIA IS PROUD TO BE AT THE FOREFRONT OF BOTH INNOVATIVE, RESPONSIBLE, AND ENVIROMENTALLY AWARE-PRODUCT PACKAGING AND DESIGN. WE SPECIALIZE IN MANAFACTURING PRODUCT PACKAGING FOR A VARIETY OF INDUSTRIES INCLUDING FASHION, COSMETIC & FRAGRANCE, JEWELRY & WATCH, WINE & LIQUOR FOR PRESTIGIOUS BRANDS AROUND THE GLOBE. WITH YEAR OF EXPERIENCE IN EXPORTING WORLDWIDE, WE'RE DELIGHTED TO HAVE ESTABLISHED LONG-TERM BUSINESS RELATIONSHIPS WITH HIGH-END BRANDS FOR YEARS. THEIR CONTIUNED SUPPORT AND VARYING NEEDS HELP US TO PRODUCE PACKAGING INNOVATIONS THAT CONTINUE TO CHALLENGE AND CHANGE THE LANDSCAPE OF PACKAGING DESIGN ALLOWING US TO STREAMLINE OUR SERVICES AND pricing. WE ARE HONORED TO PRODUCE BEAUTIFUL ITEMS WITH COMPETITIVE PRICING, QUALITY CONTROL AND UNIQUE AND ECO-FRIENDLY SOLUTIONS IN PACKAGING.","Manufacturer, Exporter","Jewelry Packaging & Display, Perfume Bottle, Label and Tag, Packaging Design, Special Paper and Materials, Watch Packaging, Cosmetics Packaging, Luxury Packaging, Wine Packaging, Wooden Box and Case","Packaging box, shopping bag, puzzle, folding box, notebook, calendar, greeting card, game card, printing box set. Eco-friendly packaging solution","OBM, ODM, OEM",,Exhibited in HKTDC Event(s) in recent years DeLuxe PrintPack Hong Kong 2026 DeLuxe PrintPack Hong Kong 2025 DeLuxe PrintPack Hong Kong 2024 HK Int'l Printing & Packaging Fair 2023 HKTDC Hong Kong International Printing and Packaging Fair 2019,,,,https://sourcing.hktdc.com/en/Supplier-Store/Profile/MPP-PACKAGING-ASIA-LIMITED/1X0AOJHY,https://www.hktdc.com/event/deluxeprintpackhk/en/exhibitor/1S005ISSW,,,www.mpp-asia.com,,,,,,,,,
Mooly (HK) Limited,Hong Kong,,"a new set-up paper merchant selling high end fancy paper from own paper mill in Shangdong, China.",Distributor,"Paper Decoration, Luxury Packaging, Smart Packaging, Label and Tag, Art Printing, Special Paper and Materials, Handmade Paper, Cosmetics Packaging, Packaging Design","Mainly exhibit fancy paper for graphic printing and packaging, in addition, some luxury materials, such as Cloth and PU for both book and packaging.","ODM, OBM",,Exhibited in HKTDC Event(s) in recent years DeLuxe PrintPack Hong Kong 2026 DeLuxe PrintPack Hong Kong 2025 DeLuxe PrintPack Hong Kong 2024,,,,https://sourcing.hktdc.com/en/Supplier-Store/Profile/Mooly-HK-Limited/1S00OIZTM,https://www.hktdc.com/event/deluxeprintpackhk/en/exhibitor/1S005ISYE,,,mooly.com.hk,,,,,,,,,
Roy Mark (Asia) Limited,Hong Kong    |    Factory in Chinese Mainland,,"We have over 30 years' experience in paper products and paper packaging manufacturing with a 1,500sqm computerized pre-production area in Hong Kong and 60,000sqm fully equipped factory in Mainland China. We provide a total solution of creative design and production especially in food packaging gift box, paper bag, chocolate box, calendar & red packets.",Manufacturer,"Wooden Box and Case,Presentation Box,Bag and Pouch,Velvet Boxes/Bags,Packaging Design,Luxury Packaging","We provide a total solution of creative design and production especially in food packaging gift box, paper bag, chocolate box, calendar & red packets.",Others,,Exhibited in HKTDC Event(s) in recent years HKTDC Hong Kong Gifts & Premium Fair 2026 DeLuxe PrintPack Hong Kong 2025 HKTDC Food Expo PRO 2024 HK Int'l Printing & Packaging Fair 2023 Hong Kong International Printing & Packaging Fair 2008,,,FSC Mix / FSC Recycled Issued By Bureau Verltas Certifivation Holding Type FSC Valid Date 03 Oct 2020 - 03 Oct 2025 Quality Management System Certificate Issued By DCI Certification LTD Type ISO_9001 Valid Date 18 Dec 2020 - 28 Dec 2023 Show More,https://sourcing.hktdc.com/en/Supplier-Store/Profile/Roy-Mark-Asia-Ltd/1X00OY7Z,https://www.hktdc.com/event/deluxeprintpackhk/en/exhibitor/1S005ISXH,,,,,,,,,,,,
Siluck (Hong Kong) Limited,Hong Kong,,"SILUCK (HONG KONG) LIMITED which was founded in 1994 and the manufactory Goodview packaging products (ShenZhen) Company Limited was located in Shenzhen, is mainly specialized in the production of high-end watch boxes, jewelry boxes, gift boxes, pen boxes and other packaging boxes. The main boxes types including plastic boxes, cardboard boxes, wooden boxes and so on. Our company have already passed a series of certifications. We have won the trust and cooperation of many famous brands during the past years. We have the professional manufacturing management team and a series of advanced automatic equipment, which effectively improves production efficiency and reduces production costs, can provide a better quality of products and services for our customers. We are looking forward to providing more professional information to you. Welcome to contact us!",Manufacturer,"Presentation Box,Velvet Boxes/Bags,Packaging Design,Luxury Packaging,Jewelry Packaging & Display,Watch Packaging",Watch box jewelry box carton box,"OBM, ODM, OEM",,Exhibited in HKTDC Event(s) in recent years HKTDC Hong Kong International Jewellery Show 2026 HKTDC Hong Kong Watch & Clock Fair 2025 DeLuxe PrintPack Hong Kong 2025 HKTDC Hong Kong International Jewellery Show 2025 HKTDC Hong Kong Watch & Clock Fair 2024 HKTDC Hong Kong International Jewellery Show 2024 HKTDC Hong Kong Watch & Clock Fair 2023 HK Int'l Printing & Packaging Fair 2023 Show More,,,(Forest Stewardship Council Issued By -(Forest Stewardship Council Type - Valid Date (N/A) - (N/A) Social Accountability 8000 Issued By Bureau Veritas，BV Type SA8000 Valid Date 09 Mar 2024 - 09 Mar 2025,https://sourcing.hktdc.com/en/Supplier-Store/Profile/Siluck-HK-Ltd/1X003HZM,https://www.hktdc.com/event/deluxeprintpackhk/en/exhibitor/1S005IY6K,,,,,,,,,,,,
Starry Gift Box Products Limited,Hong Kong    |    Factory in Chinese Mainland,,"At Starry Gift Box, we specialize in creating exquisite gift boxes and packaging solutions tailored to elevate your product's presentation. Our mission is to enhance your sales by offering beautifully designed packaging that not only captivates attention but also reflects the quality of your brand. Whether you're in retail, e-commerce, or any industry that values presentation, we provide customized packaging that meets your unique needs. Let's transform your products into unforgettable experiences for your customers!",Manufacturer,"Velvet Box / Bag, Cosmetics Packaging, Luxury Packaging, Jewelry Packaging & Display, Presentation Box",Providing customized gift box in paper and PU material.,OEM,,Exhibited in HKTDC Event(s) in recent years DeLuxe PrintPack Hong Kong 2026 DeLuxe PrintPack Hong Kong 2025,,,,https://sourcing.hktdc.com/en/Supplier-Store/Profile/Starry-Gift-Box-Products-Limited/1S00OVJF8,https://www.hktdc.com/event/deluxeprintpackhk/en/exhibitor/1S005J2Z1,,,,,,,,,,,,
Well Packaging Company Limited,Hong Kong    |    Factory in Chinese Mainland,,,Manufacturer,"Cosmetics Packaging, Wine Packaging, Wooden Box and Case, Bag and Pouch, Jewelry Packaging & Display, Glasses Packaging, Presentation Box, Watch Packaging, Luxury Packaging","Packaging boxes, pouch, shopping bag, displayer, printing",OEM,,Exhibited in HKTDC Event(s) in recent years DeLuxe PrintPack Hong Kong 2026 DeLuxe PrintPack Hong Kong 2025 HKTDC Hong Kong International Jewellery Show 2025 HK Int'l Printing & Packaging Fair 2024 HKTDC Hong Kong International Jewellery Show 2024 HK Int'l Printing & Packaging Fair 2023 HKTDC Hong Kong International Jewellery Show 2023 HKTDC International Sourcing Show 2021 Show More,,,,https://sourcing.hktdc.com/en/Supplier-Store/Profile/Well-Packaging-Company-Limited/1X07T0U6,https://www.hktdc.com/event/deluxeprintpackhk/en/exhibitor/1S005ISUQ,,,,,,,,,,,,
Wing Wai Packaging & Printing Company Limited,Hong Kong,,"our company is the printing and packaging company for 50 years.We produce different kinds of packaging product like paper bag,gift box,non-woven bag. And we also produce garment accessories.","Others, Manufacturer","Bottle and Can, Smart Packaging, Luxury Packaging, Watch Packaging, Glass Packaging, Label and Tag, Cosmetics Packaging, Bag and Pouch, Wooden Box and Case, Special Paper and Materials","Paper box, paper bag, non-woven bag.....","OEM, Others",,Exhibited in HKTDC Event(s) in recent years DeLuxe PrintPack Hong Kong 2026 DeLuxe PrintPack Hong Kong 2025 HK Int'l Printing & Packaging Fair 2024,,,ISO14001 Issued By Bureau Veritas Type ISO_14001 Valid Date 12 Jul 2022 - 10 Aug 2025 ISO 9001 :2015 Issued By Bureau Veritas Type ISO_9001 Valid Date 17 May 2022 - 18 Jul 2025 Show More,https://sourcing.hktdc.com/en/Supplier-Store/Profile/Wing-Wai-Packaging-Printing-Company-Limited/1X0B91GH,https://www.hktdc.com/event/deluxeprintpackhk/en/exhibitor/1S005IY8E,,,www.wingwaiprinting.com,,,,,,,,,
"Dongguan City Jingli Can Co., Ltd",Chinese Mainland,,,"Exporter, Manufacturer","Presentation Box, Wine Packaging, Metal Box & Can, Luxury Packaging, Packaging Cap and Closure",Fancy Tin Box Package and premium gifts,OEM,,Exhibited in HKTDC Event(s) in recent years DeLuxe PrintPack Hong Kong 2026 HKTDC Hong Kong Gifts & Premium Fair 2026 HKTDC Hong Kong Gifts & Premium Fair 2025 DeLuxe PrintPack Hong Kong 2025 HKTDC Hong Kong Gifts & Premium Fair 2024 DeLuxe PrintPack Hong Kong 2024 HK Int'l Printing & Packaging Fair 2023 HKTDC Hong Kong International Printing and Packaging Fair 2019 Show More,,,,https://sourcing.hktdc.com/en/Supplier-Store/Profile/Dongguan-City-Jingli-Can-Co-Ltd/1X06YC8S,https://www.hktdc.com/event/deluxeprintpackhk/en/exhibitor/1S005LMLN,,Fancy Tin Box Package and premium gifts,www.tinbox.cn,,,,,,,,,
"Guangzhou Shing E Chang Paper Package Product Co., Ltd.",Chinese Mainland,,,,"Presentation Box,Cosmetics Packaging,Luxury Packaging,Art Printing",Paper package boxes & paper bags,"OBM, OEM, ODM",,Exhibited in HKTDC Event(s) in recent years DeLuxe PrintPack Hong Kong 2025 DeLuxe PrintPack Hong Kong 2024 HK Int'l Printing & Packaging Fair 2023,,,,https://sourcing.hktdc.com/en/Supplier-Store/Profile/Guangzhou-Shing-E-Chang-Paper-Package-Product-Co-Ltd-/1S00O9WXD,https://www.hktdc.com/event/deluxeprintpackhk/en/exhibitor/1S005LRAF,,Dr. box,,,,,,,,,,
Guangzhou Yonglin Printing & Packaging Co Ltd,Chinese Mainland    |    Factory in Chinese Mainland,,"Founded in 2003, GuangzhouYonglin printing & packaging Co., Ltd. is located in Yonglin Industrial Park, Jianggao Town, Baiyun District, Guangzhou. It is a modern large-scale packaging and printing enterprise integrating creative design, structural design, plate making. The company possesses advanced production equipment such as ROLAND 700 Evolution Speed printing machine, automatic box-making machines for standard and irregular shapes, automatic die-cutting machines, laminating machines, leather case machines, UV machines, and hot stamping machines. From fully automated mass production to craftsmanship by skilled artisans, we cater to the diverse needs of our clients.",Manufacturer,"Label and Tag, Presentation Box, Bag and Pouch, Packaging Design, Luxury Packaging, Tubes Packaging, Cosmetics Packaging, Wine Packaging, Phials and Monodoses Bottle, Watch Packaging","Paper box & paper bag,cosmetic box, perfume box, wine box,chocolate box,gift box,shoes box...",OEM,,Exhibited in HKTDC Event(s) in recent years DeLuxe PrintPack Hong Kong 2026 DeLuxe PrintPack Hong Kong 2025 DeLuxe PrintPack Hong Kong 2024 HK Int'l Printing & Packaging Fair 2023 HKTDC Hong Kong International Printing and Packaging Fair 2019 HKTDC Hong Kong International Printing and Packaging Fair 2018 HKTDC Hong Kong International Printing and Packaging Fair 2017 HKTDC Hong Kong International Printing & Packaging Fair 2010 Show More,,,ISO 9001:2000 Issued By - Type ISO_9001 Valid Date (N/A) - (N/A),https://sourcing.hktdc.com/en/Supplier-Store/Profile/Guangzhou-Yonglin-Printing-Packaging-Co-Ltd/1X00GC9R,https://www.hktdc.com/event/deluxeprintpackhk/en/exhibitor/1S005L26G,,"sabon,morrocanoil,skii",www.gzylcy.com,,,,,,,,,
"DongGuan Crown Win Package Co., Ltd.",Chinese Mainland,,,,"Metal Box & Can,Presentation Box,Bag and Pouch,Bottle and Can,Label and Tag,Packaging Design,Cosmetics Packaging,Luxury Packaging,Jewelry Packaging & Display,Tubes Packaging","Package boxes, paper bags, tube boxes","ODM, OEM, OBM",,Exhibited in HKTDC Event(s) in recent years DeLuxe PrintPack Hong Kong 2025 DeLuxe PrintPack Hong Kong 2024 HK Int'l Printing & Packaging Fair 2023 HKTDC Hong Kong International Printing and Packaging Fair 2019 HKTDC Hong Kong International Printing and Packaging Fair 2018 HKTDC Hong Kong International Printing and Packaging Fair 2017,,,,https://sourcing.hktdc.com/en/Supplier-Store/Profile/Dongguan-Crown-Win-Package-Co-Ltd-/1X09ZUXL,https://www.hktdc.com/event/deluxeprintpackhk/en/exhibitor/1S005L2A4,,CrownWin,,,,,,,,,,
"Dongguan Detai Paper Products Co., Ltd.",Chinese Mainland,,,,"Metal Box & Can,Presentation Box,Bag and Pouch,Bottle and Can,Label and Tag,Packaging Design,Cosmetics Packaging,Luxury Packaging,Jewelry Packaging & Display,Tubes Packaging",Paper tube & Paper box & Paper bag,"OEM, ODM, OBM",,Exhibited in HKTDC Event(s) in recent years DeLuxe PrintPack Hong Kong 2025 DeLuxe PrintPack Hong Kong 2024,,,ISO9001 Issued By - Type ISO_9001 Valid Date (N/A) - (N/A) Disney supplier certification Issued By - Type - Valid Date (N/A) - (N/A) Show More,https://sourcing.hktdc.com/en/Supplier-Store/Profile/Dongguan-Detai-Paper-Products-Co-Ltd/1X05WKOO,https://www.hktdc.com/event/deluxeprintpackhk/en/exhibitor/1S005L2ES,,Paper Packaging,,,,,,,,,,
Dongguan Fullbright Industry Company Limited,Chinese Mainland,,,Manufacturer,"Cigar Packaging, Silk Box / Bag, Jewelry Packaging & Display, Luxury Packaging, Cosmetics Packaging, Watch Packaging, Paper Decoration, Presentation Box, Bag and Pouch, Packaging Design","Paper bag, shopping bag, paper gift bag; paper box, paper gift box, paper lid and bottom box, cosmetics box, paper jewelry box, paper hang tag",OEM,,Exhibited in HKTDC Event(s) in recent years DeLuxe PrintPack Hong Kong 2026 DeLuxe PrintPack Hong Kong 2025 DeLuxe PrintPack Hong Kong 2024 HK Int'l Printing & Packaging Fair 2023 HKTDC Hong Kong International Printing and Packaging Fair 2019 HKTDC Hong Kong International Printing and Packaging Fair 2018 HKTDC Hong Kong International Printing and Packaging Fair 2017 HKTDC Hong Kong Gifts & Premium Fair 2016 Show More,,,,https://sourcing.hktdc.com/en/Supplier-Store/Profile/Dongguan-Fullbright-Printing-Industry-Company/1X08HJA5,https://www.hktdc.com/event/deluxeprintpackhk/en/exhibitor/1S005LMNH,,Fullbright,www.fullbrightpack.com,,,,,,,,,
Dongguan Jolly Industries Limited,Chinese Mainland,,,Manufacturer,"Presentation Box,Silk Boxes/Bags,Velvet Boxes/Bags,Wine Packaging,Luxury Packaging,Jewelry Packaging & Display,Watch Packaging,Cigar Packaging","Cosmetics box, jewelry box, watch box, OEM ODM","ODM, OEM",,Exhibited in HKTDC Event(s) in recent years HKTDC Hong Kong Gifts & Premium Fair 2026 HKTDC Hong Kong Gifts & Premium Fair 2025 DeLuxe PrintPack Hong Kong 2025 HKTDC Hong Kong Gifts & Premium Fair 2024 HKTDC Hong Kong International Jewellery Show 2024,,,,https://sourcing.hktdc.com/en/Supplier-Store/Profile/Dongguan-Jolly-Industries-Limited/1S00OQRUR,https://www.hktdc.com/event/deluxeprintpackhk/en/exhibitor/1S005L22S,,,,,,,,,,,,
"Dongguan Lucky Color Industry Co., Ltd.",Chinese Mainland    |    Factory in Chinese Mainland,,,Manufacturer,"Presentation Box,Bag and Pouch,Velvet Boxes/Bags,Perfume Bottle,Packaging Design,Cosmetics Packaging,Wine Packaging,Luxury Packaging,Jewelry Packaging & Display,Tubes Packaging","Cosmetic box packaging, jewelry boxes, liquor packaging. One For All Solution For Gustom Printed Packaging","ODM, OEM, Others, OBM",,Exhibited in HKTDC Event(s) in recent years DeLuxe PrintPack Hong Kong 2025 HK Int'l Printing & Packaging Fair 2023 HKTDC Hong Kong International Printing and Packaging Fair 2018 HKTDC Hong Kong International Printing and Packaging Fair 2017 HKTDC Hong Kong International Printing and Packaging Fair 2016,,,"GB/T19001-2016/ISO9001:2015 Issued By Shenzhen Modi International Testing Certification Co., Ltd. Type ISO_9001 Valid Date 10 Mar 2025 - 09 Mar 2028 GB/T24001-2016/ISO14001:2015 Issued By Shenzhen Modi International Testing Certification Co., Ltd. Type ISO_14001 Valid Date 10 Mar 2025 - 09 Mar 2028 Show More",https://sourcing.hktdc.com/en/Supplier-Store/Profile/Dongguan-Lucky-Color-Industry-Co-Ltd-/1X09FV78,https://www.hktdc.com/event/deluxeprintpackhk/en/exhibitor/1S005L1Y5,,lucky color,,,,,,,,,,
"Dongguan New Start Hardware Technology Co., Ltd.",Chinese Mainland,,"DongGuan New start Hardware Technology is set up in 2012.expert in customizingg PERFUME LABEL ,WINE LABEL &etc..Our factory have 3800sqm.We have more than 100 machines like Japanese offset printer,punching.Automatic drawing,Mirror plosihing.CNC and Fine Engraving.Also have rroms of high-tech molding and complete inspectioN.From tooling and products are finished in the plant.NewStart is an enterprise with high-tech metal surface treatment.Our team have more than 15years experience of customizing labels(Aluminium,Copper,Nickel,stainlessstell,Alloy zinc)which widely used on the luxury&delicated packing boxes.And our efficient&lean services,fair price and higher cost perfomance win our customer's Support &Trust","Others, Exporter, Manufacturer","Label and Tag,Wine Packaging,Luxury Packaging","Metals(aluminium,copper,stainless steel,zinc alloys)Namplates,marks,for Perfume,Wine bottle,Wood boxes and other packing.Process:Dioxide,multi-color oxidization,corrosion,brushing,highlight,CD pattern,antique copper process,oil injection,.",Others,,Exhibited in HKTDC Event(s) in recent years DeLuxe PrintPack Hong Kong 2025 DeLuxe PrintPack Hong Kong 2024 HK Int'l Printing & Packaging Fair 2023,,,"GB/T19001-2016/ISO9001:2015 Issued By Kaixin Certification (Beijing) Co., Ltd. Type ISO_9001 Valid Date 21 Apr 2022 - 20 Apr 2025",https://sourcing.hktdc.com/en/Supplier-Store/Profile/Dongguan-New-Start-Hardware-Technology-Co-Ltd-/1S00O7TFY,https://www.hktdc.com/event/deluxeprintpackhk/en/exhibitor/1S005L24M,,,,,,,,,,,,
"Dongguan Nodiman Packaging Co., Ltd.",Chinese Mainland,,"Dongguan Nodiman Packaging Co., Ltd. is a benchmark enterprise in the packaging industry, focusing on high-grade packaging for more than 20 years. Is a collection of product design, development, production, sales, service as one of the ""one-stop"" enterprise.","Department Store, Manufacturer, Export Agent, Wholesaler, Exporter","Wooden Box and Case,Presentation Box,Packaging Design,Cosmetics Packaging,Wine Packaging,Luxury Packaging,Jewelry Packaging & Display,Watch Packaging,Cigar Packaging,Art Printing","We serve watch, jewelry, perfume, cosmetics, tobacco, alcohol, health care products, gifts, electronic products and other industries, we provide wooden boxes, handmade packaging boxes and printing folding boxes, each product has a milestone manufactu","OBM, ODM, OEM",,Exhibited in HKTDC Event(s) in recent years DeLuxe PrintPack Hong Kong 2025 HKTDC Hong Kong Watch & Clock Fair 2010 HKTDC Hong Kong Watch & Clock Fair 2009,,,,https://sourcing.hktdc.com/en/Supplier-Store/Profile/Dongguan-Nodiman-Present-Packaging-Plant/1X04PGPZ,https://www.hktdc.com/event/deluxeprintpackhk/en/exhibitor/1S005L1TK,,,,,,,,,,,,
"Dongguan Pengcheng JES Packaging Product Co., Ltd.",Chinese Mainland,,"JES Packaging is an international producer of more competitive paper boxes, paper cylinders, paper bags, and molded pulp.Founded in 2001, over 500 workers, 28,000m workshops with various auto-machines, FSC, and ISO9001, ISO14000 certificated. we combine great products with a creative and knowledgeable total-service team to provide ideas and solutions for any paper packaging need.",Manufacturer,"Paper Decoration,Presentation Box,Bag and Pouch,Packaging Design,Cosmetics Packaging,Wine Packaging,Luxury Packaging,Jewelry Packaging & Display,Watch Packaging","Paper boxes, paper cylinders, paper bags, and molded pulp",OBM,,Exhibited in HKTDC Event(s) in recent years DeLuxe PrintPack Hong Kong 2025 HK Int'l Printing & Packaging Fair 2023,,,,https://sourcing.hktdc.com/en/Supplier-Store/Profile/Dongguan-Pengcheng-JES-Packaging-Product-Co-Ltd-/1S00P0QGY,https://www.hktdc.com/event/deluxeprintpackhk/en/exhibitor/1S005LMOE,,,,,,,,,,,,
"Dongguan XinYu Tin Can Manufactory Co, Ltd",Chinese Mainland,,,,"Perfume Bottle,Luxury Packaging",CR tin box & Tea tin box & Cookie tin box & Gift tin box,"ODM, OBM, OEM",,Exhibited in HKTDC Event(s) in recent years DeLuxe PrintPack Hong Kong 2025 DeLuxe PrintPack Hong Kong 2024 HK Int'l Printing & Packaging Fair 2023 HKTDC Hong Kong International Printing and Packaging Fair 2019 HKTDC Hong Kong International Printing and Packaging Fair 2018 HKTDC Hong Kong International Printing and Packaging Fair 2017 HKTDC Hong Kong International Printing and Packaging Fair 2016,,,,https://sourcing.hktdc.com/en/Supplier-Store/Profile/Dongguan-City-XinYu-Tin-Can-Manufactory-Co-Ltd/1X09FZW7,https://www.hktdc.com/event/deluxeprintpackhk/en/exhibitor/1S005L2CY,,Tin Box,,,,,,,,,,
"Dongguan Zhizun Industrial Co., Ltd.",Chinese Mainland,,"Dongguan Zhizun Industrial CO.,Ltd was found in Nov 1995, which is principally engaged in development and manufacture of printed packages and gift boxes. Covering an area of 6000 square meters, we now have over 300 employees and are currently exporting 80% of our production worldwide. We not only have modern semi-automatic and automatic equipment, like vision detection and location machine, die cutting machine, Heidelberger printing presses. But we also have received ISO9001:2008 International Quality System certification and SA8000:2008, SEDEX, FSC certification system. If you are interested in any of our products or would like to discuss a custom order, please feel free to contact us. We are looking forward to forming successful business relationships with new clients around the world in the near future.",Manufacturer,"Paper Decoration,Presentation Box,Bag and Pouch,Packaging Design,Cosmetics Packaging,Wine Packaging,Luxury Packaging,Jewelry Packaging & Display","Gift Box, Tubes, Paper Box, Paper Bag",OEM,,Exhibited in HKTDC Event(s) in recent years DeLuxe PrintPack Hong Kong 2025 DeLuxe PrintPack Hong Kong 2024 HK Int'l Printing & Packaging Fair 2023 HKTDC Hong Kong International Printing and Packaging Fair 2018 HKTDC Hong Kong International Printing and Packaging Fair 2017 HKTDC Hong Kong International Printing and Packaging Fair 2016 HKTDC Hong Kong International Printing & Packaging Fair 2015 HKTDC Hong Kong International Printing and Packaging Fair 2014,,,,https://sourcing.hktdc.com/en/Supplier-Store/Profile/Dongguan-Zhizun-Industrial-Company-Limited/1X08JAES,https://www.hktdc.com/event/deluxeprintpackhk/en/exhibitor/1S005LMMK,,Zhizun,,,,,,,,,,
"Guangzhou Tianyi Metal Products Co., Ltd.",Chinese Mainland,,"Guangzhou Tianyi Metal Products Co.,Ltd. founded in 2015, produces square, round, and other shaped tin boxes for food and gift packaging. With 50k+ sqm of modernized workshop, 300+ skilled workers, and 15+ automatic production lines, we can produce over 5 million pcs of tin boxes each month. We offer excellent quality, competitive prices, and prompt delivery, ensuring client confidence. All products have FDA, LFGB, EN71-1,2,3, REACH, etc. certificates.","Wholesaler, Distributor, Exporter, Manufacturer","Metal Box & Can,Presentation Box,Bottle and Can,Packaging Design,Model Making,Packaging Cap and Closure,Authentication and Traceability,Luxury Packaging,Smart Packaging,Art Printing","Cookie tin box, Tea tin box, Candy tin box, gift tin box","OEM, OBM, ODM",,Exhibited in HKTDC Event(s) in recent years DeLuxe PrintPack Hong Kong 2025 DeLuxe PrintPack Hong Kong 2024 HK Int'l Printing & Packaging Fair 2023 HKTDC Hong Kong International Printing and Packaging Fair 2019,,,,https://sourcing.hktdc.com/en/Supplier-Store/Profile/Guangzhou-Tianyi-Metal-Products-Co-Ltd-/1X0AQHI3,https://www.hktdc.com/event/deluxeprintpackhk/en/exhibitor/1S005L1UH,,,,,,,,,,,,
Guangzhou Yameva Leather Manufacturer,Chinese Mainland,,"At Yameva, our engineering team understand your goals, challenges, individual needs, limitations. To design what is necessary for your packaging to perform at the best solution while taking full advantage of your budget. We have tailored quality assurance procedures to meet particular quality requirements. Our quality control teams are responsible for managing every project in quality expectations.",Manufacturer,"Wooden Box and Case,Presentation Box,Bag and Pouch,Wine Packaging,Luxury Packaging,Jewelry Packaging & Display",Luxury PU Packaging; Jewelry Packaging & Display; Cosmetics Packaging; Box & Case - Gift Packaging,"OEM, ODM",,Exhibited in HKTDC Event(s) in recent years DeLuxe PrintPack Hong Kong 2025 DeLuxe PrintPack Hong Kong 2024,,,,https://sourcing.hktdc.com/en/Supplier-Store/Profile/Guangzhou-Yameva-Leather-Manufacture/1S00OO1OZ,https://www.hktdc.com/event/deluxeprintpackhk/en/exhibitor/1S005L2FP,,Yameva,,,,,,,,,,
"Shanghai Xinxiang Package Co., Ltd.",Chinese Mainland,,,"Professional Association, Government, Charity / Welfare Organisation, Manufacturer, Shopping Mall, Consulate and Trade Commission, Distributor, Department Store, Chain Store, Trade/Industrial Organisation, Export Agent, Buying Office, Buying Cooperative, Exporter, Retailer","Presentation Box,Bag and Pouch,Packaging Design,Wine Packaging,Luxury Packaging,Smart Packaging,Jewelry Packaging & Display,Watch Packaging","Luxury Paper Bag, Paper Gift Box, Rigid Box, Perfume Box, Fragrance Gift Box, Corrugated Paper Box, Cosmetic Gift Box, Luxury Jewelry Box. We tailor every aspect of our packaging solutions to align with the values and aesthetics of luxury brands.","OEM, ODM",,Exhibited in HKTDC Event(s) in recent years DeLuxe PrintPack Hong Kong 2025,,,ISO9001 Issued By YOUKASI Type ISO_9001 Valid Date 07 Mar 2025 - (N/A) FSC Issued By FSC Type FSC Valid Date 15 Dec 2019 - (N/A) Show More,https://sourcing.hktdc.com/en/Supplier-Store/Profile/SHANGHAI-XINXIANG-PACKAGE-CO-LTD-/1S00OVW6M,https://www.hktdc.com/event/deluxeprintpackhk/en/exhibitor/1S005LMQ8,,,,,,,,,,,,
"Shantou GLD Arts & Crafts Co., Ltd.",Chinese Mainland,,,,"Bag and Pouch,Packaging Design,Cosmetics Packaging,Wine Packaging,Luxury Packaging,Jewelry Packaging & Display,Watch Packaging","Printing paper boxes, pu leather boxes,jewelry boxes, cosmetic boxes,wine boxes,chocolate boxes, paper bag","OBM, ODM, OEM",,Exhibited in HKTDC Event(s) in recent years DeLuxe PrintPack Hong Kong 2025 HKTDC Hong Kong Gifts & Premium Fair 2017 HKTDC Hong Kong Gifts & Premium Fair 2016 HKTDC Hong Kong International Printing and Packaging Fair 2016 HKTDC Hong Kong International Printing and Packaging Fair 2014 HKTDC Hong Kong Fashion Week for Fall/Winter 2011 HKTDC Hong Kong Fashion Week for Spring/Summer 2011 HKTDC Hong Kong Fashion Week for Fall/Winter 2010 Show More,,,,https://sourcing.hktdc.com/en/Supplier-Store/Profile/Shantou-GLD-Arts-Crafts-Co-Ltd/1X00QCS8,https://www.hktdc.com/event/deluxeprintpackhk/en/exhibitor/1S005LRGX,,,,,,,,,,,,
"Shenzhen Xin Zesen Printing Co., Ltd.",Chinese Mainland,,,"Statutory Body, Importer, Wholesaler, Chain Store, Manufacturer, Shopping Mall, Retailer, Buying Office, Buying Cooperative","Presentation Box,Cosmetics Packaging,Luxury Packaging,Jewelry Packaging & Display","Gift boxes, jewelry boxes, color boxes",OEM,,Exhibited in HKTDC Event(s) in recent years DeLuxe PrintPack Hong Kong 2025 DeLuxe PrintPack Hong Kong 2024 HK Int'l Printing & Packaging Fair 2023 HKTDC International Sourcing Show 2021 HKTDC Hong Kong International Printing and Packaging Fair 2020 HKTDC Hong Kong Gifts & Premium Fair 2019 HKTDC Hong Kong Houseware Fair 2019 HKTDC Hong Kong Electronics Fair (Spring Edition) 2019,,,FSC Issued By - Type - Valid Date (N/A) - (N/A) ISO9001 Issued By - Type - Valid Date (N/A) - (N/A),https://sourcing.hktdc.com/en/Supplier-Store/Profile/Shenzhen-Xin-Zesen-Printing-Co-L-td-/1X0AQ36L,https://www.hktdc.com/event/deluxeprintpackhk/en/exhibitor/1S005L28A,,,,,,,,,,,,
"XIAMEN BAG IMP. & EXP. CO., LTD.",Chinese Mainland,,,,"Bag and Pouch,Cosmetics Packaging,Wine Packaging,Luxury Packaging,Jewelry Packaging & Display","CYR takes pride in providing a diverse range of eco-friendly, versatile packaging products. Our offerings, including eco paper bags, corrugated bags, boutique gift bags, and non - woven bags, meet the unique needs of various industries",Others,,Exhibited in HKTDC Event(s) in recent years DeLuxe PrintPack Hong Kong 2025 HKTDC Lifestyle Sourcing Show | Physical + Online HKTDC Hong Kong International Printing and Packaging Fair 2019 HKTDC Hong Kong International Printing and Packaging Fair 2018 HKTDC Hong Kong International Printing and Packaging Fair 2016 HKTDC Hong Kong International Printing & Packaging Fair 2015 HKTDC Hong Kong International Printing and Packaging Fair 2014 Hong Kong International Printing & Packaging Fair 2013,,,,https://sourcing.hktdc.com/en/Supplier-Store/Profile/Xiamen-Bag-Import-Export-Co-Ltd/1X07WJQP,https://www.hktdc.com/event/deluxeprintpackhk/en/exhibitor/1S005LRF0,,CYR,,,,,,,,,,
"Xiamen Packrich Imp. and Exp. Co., Ltd.",Chinese Mainland,,,,"Cosmetics Packaging,Wine Packaging,Luxury Packaging,Jewelry Packaging & Display","Shopping bag, Garment bag, Wedding Dress cover, Cotton bag , cosmetic bag, Paper bag, Paper box","Others, OEM",,Exhibited in HKTDC Event(s) in recent years DeLuxe PrintPack Hong Kong 2025 HK Int'l Printing & Packaging Fair 2024 HK Int'l Printing & Packaging Fair 2023 HKTDC International Sourcing Show 2021 HKTDC Hong Kong International Printing and Packaging Fair 2020 HKTDC Hong Kong International Printing and Packaging Fair 2019 HKTDC Hong Kong International Printing and Packaging Fair 2018 HKTDC Hong Kong International Printing and Packaging Fair 2017 Show More,,,,https://sourcing.hktdc.com/en/Supplier-Store/Profile/Xiamen-Packrich-Imp-And-Exp-Co-Ltd/1X07WM24,https://www.hktdc.com/event/deluxeprintpackhk/en/exhibitor/1S005LRE3,,PACKRICH,,,,,,,,,,
Midas Printing International Limited,Hong Kong    |    Factory in Chinese Mainland,,"Leveraging our strengths in book printing, Midas ventured into the luxury packaging business in 2009. Over the past 10 years, we have produced many iconic projects for top international fashion, cosmetics, and jewelry brands, along with unique collaborations with hospitality, food, and beverage companies worldwide. With the growth of complexity and sophistication in packaging, we have invested heavily in areas such as precision engineering, automatic machinery, structural computer software, and enterprise systems, and we continuously work with industry experts to help us thrive in this ever-changing landscape.","Manufacturer, Exporter","Presentation Box,Bag and Pouch,Velvet Boxes/Bags,Packaging Design,Cosmetics Packaging,Wine Packaging,Luxury Packaging,Jewelry Packaging & Display,Tubes Packaging,Watch Packaging","Our skiful workers and advanced facilities provide an optimal platform and capability for packaging printing, such as gift boxes, packaging boxes, wrapping paper for consumer products like wines & spirits, cosmetics.",ODM,,Exhibited in HKTDC Event(s) in recent years DeLuxe PrintPack Hong Kong 2025 DeLuxe PrintPack Hong Kong 2024 HKTDC Hong Kong International Printing and Packaging Fair 2019 HKTDC Hong Kong International Printing and Packaging Fair 2018 HKTDC Hong Kong International Printing and Packaging Fair 2017,,,,https://sourcing.hktdc.com/en/Supplier-Store/Profile/Midas-Printing-International-Limited/1X09Z8UI,https://www.hktdc.com/event/deluxeprintpackhk/en/exhibitor/1S005IT07,,,,,,,,,,,,
DONGGUAN TAILIAN PACKING LIMITED,Chinese Mainland,,,,"Handmade Paper,Special Paper and Materials,Presentation Box,Bag and Pouch,Packaging Cap and Closure,Luxury Packaging","With nearly 40 years of experience in the retail and luxury packaging trade, GoodBox’s self-owned global service network works with clients worldwide to provide a wide range of high-quality packaging options with unparalleled expertise and value.","OBM, OEM, ODM",,Exhibited in HKTDC Event(s) in recent years DeLuxe PrintPack Hong Kong 2025 DeLuxe PrintPack Hong Kong 2024 HK Int'l Printing & Packaging Fair 2023,,,,https://sourcing.hktdc.com/en/Supplier-Store/Profile/Dongguan-Tailian-Packing-Limited/1S00O9XLC,https://www.hktdc.com/event/deluxeprintpackhk/en/exhibitor/1S005L2HJ,,GoodBox,,,,,,,,,,
"Dongguan Shishangmei Printing Co., Ltd.",Chinese Mainland,,,,"Bag and Pouch,Jewelry Packaging & Display",We are the professional manufacturer with over 15 years experience focus on paper bag.,"OEM, OBM, ODM",,Exhibited in HKTDC Event(s) in recent years DeLuxe PrintPack Hong Kong 2025 DeLuxe PrintPack Hong Kong 2024 HK Int'l Printing & Packaging Fair 2023 HKTDC Hong Kong International Printing and Packaging Fair 2019 HKTDC Hong Kong International Printing and Packaging Fair 2018 HKTDC Hong Kong International Printing and Packaging Fair 2017 HKTDC Hong Kong International Printing and Packaging Fair 2016 HKTDC Hong Kong International Printing & Packaging Fair 2015,,,,https://sourcing.hktdc.com/en/Supplier-Store/Profile/Dongguan-Shishangmei-printing-Co-Ltd/1X091H4H,https://www.hktdc.com/event/deluxeprintpackhk/en/exhibitor/1S005LRLI,,Paper bag,,,,,,,,,,
"Guangdong Bosing Paper Packaging & Printing Co., Ltd.",Chinese Mainland    |    Factory in Chinese Mainland,,"Guangdong Bosing Paper Packaging&Printing Co., Ltd. Cake boxes Corrugated &Carton Boxes Food Packaging Box Gift Boxes Paper Bags Wine & Milk Box Mailer box Other Products","Wholesaler, Manufacturer, Exporter, Retailer","Presentation Box,Silk Boxes/Bags,Packaging Design,Cosmetics Packaging,Wine Packaging,Luxury Packaging,Smart Packaging,Jewelry Packaging & Display,Watch Packaging,Art Printing",Cake boxes; Corrugated & Carton Boxes; Food Packaging Box Gift Boxes; Paper Bags; Wine & Milk Box; Mailer box & Other Products,"OEM, ODM, OBM",,Exhibited in HKTDC Event(s) in recent years DeLuxe PrintPack Hong Kong 2025 HK Int'l Printing & Packaging Fair 2023 HKTDC Hong Kong International Printing and Packaging Fair 2019 HKTDC Hong Kong International Printing and Packaging Fair 2018 HKTDC Hong Kong International Printing and Packaging Fair 2016 HKTDC Hong Kong International Printing & Packaging Fair 2015,,,,https://sourcing.hktdc.com/en/Supplier-Store/Profile/Guangzhou-Bosing-Paper-Printing-Packaging-Co-Ltd-/1X08ZWDZ,https://www.hktdc.com/event/deluxeprintpackhk/en/exhibitor/1S005L1WB,,,,,,,,,,,,
Wenzhou Lovedoor Group Co Ltd,Chinese Mainland,,,,"Bag and Pouch, Glasses Packaging, Luxury Packaging, Velvet Box / Bag, Packaging Design, Jewelry Packaging & Display, Wooden Box and Case, Presentation Box, Wine Packaging, Watch Packaging",Bags / Pouches; Box - Presentation; Box & case-wood; Jewelry Packaging & Display; Labels / Tags; Packaging Design; Luxury Packaging; Luxury Packaging; ribbon (cut-Edge); Wine packaging,"OEM, OBM, ODM",,Exhibited in HKTDC Event(s) in recent years DeLuxe PrintPack Hong Kong 2026 HKTDC Hong Kong International Optical Fair 2025 DeLuxe PrintPack Hong Kong 2025 HKTDC Hong Kong International Optical Fair 2024 HKTDC Hong Kong International Optical Fair 2023,,,,https://sourcing.hktdc.com/en/Supplier-Store/Profile/Wenzhou-Lovedoor-Group-Co-Limited/1S00OGDBQ,https://www.hktdc.com/event/deluxeprintpackhk/en/exhibitor/1S005LRC9,,LOVEDOOR,www.lantupackaging.com,,,,,,,,,
"Yiwu Bravo paper products Co., Ltd.",Chinese Mainland,,,,"Handmade Paper,Special Paper and Materials,Presentation Box,Bag and Pouch,Packaging Design,Luxury Packaging","Craft paper boxes, gift boxes, jewelry boxes, cosmetics boxes, gift paper bags, printed ribbons","OBM, OEM, ODM",,Exhibited in HKTDC Event(s) in recent years HKTDC Hong Kong International Jewellery Show 2026 DeLuxe PrintPack Hong Kong 2025,,,,https://sourcing.hktdc.com/en/Supplier-Store/Profile/Yiwu-Bravo-paper-products-Co-Ltd-/1S00P0VJK,https://www.hktdc.com/event/deluxeprintpackhk/en/exhibitor/1S005LRNC,,Pack Packaging,,,,,,,,,,
Zenith Packaging Industry Limited,Chinese Mainland,,"Box-presentation ,Box&Case-Wood Cigar packaging","Government, Mail Order Co., Private Individual, Import Agent, Service Company, Distributor, Retailer, Department Store, Others, Buying Cooperative, Shopping Mall, Importer, Consulate and Trade Commission, Trade/Industrial Organisation, Manufacturer, Charity / Welfare Organisation, Religious Group, Chain Store, Professional Association, Wholesaler, Statutory Body, Buying Office","Wooden Box and Case,Silk Boxes/Bags,Velvet Boxes/Bags,Cosmetics Packaging,Wine Packaging,Luxury Packaging,Smart Packaging,Jewelry Packaging & Display,Watch Packaging,Cigar Packaging","Box-presentation ,Box&Case-Wood Cigar packaging","OBM, ODM, OEM",,Exhibited in HKTDC Event(s) in recent years DeLuxe PrintPack Hong Kong 2025 HKTDC Hong Kong International Printing and Packaging Fair 2019 HKTDC Hong Kong International Printing and Packaging Fair 2018 HKTDC Hong Kong International Printing and Packaging Fair 2017,,,,https://sourcing.hktdc.com/en/Supplier-Store/Profile/Zenith-Packaging-Industry-Limited/1X0A04N1,https://www.hktdc.com/event/deluxeprintpackhk/en/exhibitor/1S005LMTZ,,,,,,,,,,,,
"DONGGUAN HEAO INDUSTRIAL INVESTMENT CO.,LTD",Chinese Mainland,,"Welcome to Heao group, a primary packaging company since 2010, specialized in providing high-quality packaging solutions for global beauty, skincare and personal care industries. Our products cover various types of packaging such as airless pump bottles, sprayer bottles, oral liquid bottles, cosmetic tubes, and soft tubes with functional heads, compact case etc. Automated assembly lines and high performance machinery allow Heao to output over 80 million pieces per month. In addition, custom cosmetic packaging is one of our core strengths, making customized mold or decorating packaging with your preferred color and finish can be achieved,we are good at turning your idea into a complete product. The Heao group is committed to not only making top-notch products, but also promoting sustainable development. Our production facilities are certified to ISO 9001 quality management system and ISO 14001 environmental management system, ensuring that every step of the product from design to production meets the highest international standards.",Manufacturer,"Phials and Monodoses Bottle,Cosmetics Packaging,Tubes Packaging",Bottle/Vial/Jar/Great Health/Hose/CAMPACT CASE/LIP TUBE,"OEM, ODM",,Exhibited in HKTDC Event(s) in recent years DeLuxe PrintPack Hong Kong 2025,,,,https://sourcing.hktdc.com/en/Supplier-Store/Profile/Dongguan-Heao-Industrial-Co-Ltd/1S00P03TI,https://www.hktdc.com/event/deluxeprintpackhk/en/exhibitor/1S005LMVT,,,,,,,,,,,,
"Dongguan Changfa Craft Packing Products Co., Ltd.",Chinese Mainland,,,Manufacturer,"Presentation Box,Bag and Pouch,Velvet Boxes/Bags,Packaging Design,Cosmetics Packaging,Wine Packaging,Luxury Packaging,Jewelry Packaging & Display,Watch Packaging","Paper box, leather box, gift box, perfume box, jewelry box, pen box, scented candle box design and production.","OBM, OEM, ODM, Others",,Exhibited in HKTDC Event(s) in recent years DeLuxe PrintPack Hong Kong 2025,,,,https://sourcing.hktdc.com/en/Supplier-Store/Profile/Dongguan-Changfa-Craft-Packing-Products-Co-Ltd-/1S00P06Y0,https://www.hktdc.com/event/deluxeprintpackhk/en/exhibitor/1S005L1X8,,,,,,,,,,,,
"Dongguan DongHong Paper Products Co., Ltd.",Chinese Mainland,,,,"Metal Box & Can,Presentation Box,Bag and Pouch,Bottle and Can,Label and Tag,Packaging Design,Cosmetics Packaging,Luxury Packaging,Jewelry Packaging & Display,Tubes Packaging",Rigid paper box,"OBM, ODM, OEM",,Exhibited in HKTDC Event(s) in recent years DeLuxe PrintPack Hong Kong 2025,,,,https://sourcing.hktdc.com/en/Supplier-Store/Profile/Dongguan-DongHong-Paper-Products-Co-Ltd-/1S00P072N,https://www.hktdc.com/event/deluxeprintpackhk/en/exhibitor/1S005L2B1,,PackPrince,,,,,,,,,,
"Dongguan Ganxing Gifts Co., Ltd",Chinese Mainland,,,"Distributor, Retailer, Exporter, Buying Cooperative, Wholesaler, Manufacturer","Metal Box & Can,Wooden Box and Case,Presentation Box,Velvet Boxes/Bags,Packaging Design,Cosmetics Packaging,Luxury Packaging,Smart Packaging,Jewelry Packaging & Display,Watch Packaging","Packaging Boxes, Jewlery Boxes, OEM&ODM","ODM, OEM",,Exhibited in HKTDC Event(s) in recent years DeLuxe PrintPack Hong Kong 2025,,,,https://sourcing.hktdc.com/en/Supplier-Store/Profile/DongGuan-GanXing-Trading-Co-Ltd-/1S00P0W04,https://www.hktdc.com/event/deluxeprintpackhk/en/exhibitor/1S005LRSX,,GANXING,,,,,,,,,,
"Dongguan Jiurun Printing & Packaging Technology Co., Ltd.",Chinese Mainland,,,"Exporter, Manufacturer","Cosmetics Packaging, Jewelry Packaging & Display, Velvet Box / Bag, Bag and Pouch, Watch Packaging, Luxury Packaging","Lid and base box, magnet box, folding box","ODM, OEM, OBM",,Exhibited in HKTDC Event(s) in recent years DeLuxe PrintPack Hong Kong 2026 DeLuxe PrintPack Hong Kong 2025 DeLuxe PrintPack Hong Kong 2024,,,,https://sourcing.hktdc.com/en/Supplier-Store/Profile/Dongguan-Jiurun-Printing-Packaging-Technology-Co-Ltd-/1S00OO3PU,https://www.hktdc.com/event/deluxeprintpackhk/en/exhibitor/1S005LRO9,,,jiurunpacking.en.alibaba.com,,,,,,,,,
"Dongguan Xianjunlong Paper Products Co., Limited",Chinese Mainland,,,"Exporter, Manufacturer","Presentation Box,Bag and Pouch,Silk Boxes/Bags,Wine Packaging,Luxury Packaging,Jewelry Packaging & Display,Art Printing","Gift box,Packing box","OBM, ODM, OEM",,Exhibited in HKTDC Event(s) in recent years DeLuxe PrintPack Hong Kong 2025 HKTDC Hong Kong Gifts & Premium Fair 2024,,,,https://sourcing.hktdc.com/en/Supplier-Store/Profile/Dongguan-Xianjunlong-Paper-Product-Co-Limited/1S00OND8Z,https://www.hktdc.com/event/deluxeprintpackhk/en/exhibitor/1S005LRR0,,,,,,,,,,,,
"Dongguan XinYuanjia Environmental Technology Co., Ltd",Chinese Mainland,,,Manufacturer,"Metal Box & Can,Presentation Box,Bag and Pouch,Bottle and Can,Label and Tag,Packaging Design,Cosmetics Packaging,Luxury Packaging,Jewelry Packaging & Display,Tubes Packaging",Luxury Packaging; Rigid box; label; Box,OEM,,Exhibited in HKTDC Event(s) in recent years DeLuxe PrintPack Hong Kong 2025 DeLuxe PrintPack Hong Kong 2024 HK Int'l Printing & Packaging Fair 2023,,,,https://sourcing.hktdc.com/en/Supplier-Store/Profile/Dongguan-XinYuanjia-Environmental-Technology-Co-Ltd-/1S00O9WTP,https://www.hktdc.com/event/deluxeprintpackhk/en/exhibitor/1S005LR8L,,SCETN LIBRARY,,,,,,,,,,
"Fujian Jiamei Group Xiamen Import & Export Co,,Ltd.",Chinese Mainland,,,,"Bag and Pouch,Packaging Design,Cosmetics Packaging,Wine Packaging,Luxury Packaging,Jewelry Packaging & Display,Watch Packaging","Paper Gift Bags & Boxes, 100% Recycle Package","ODM, OBM, OEM",,Exhibited in HKTDC Event(s) in recent years DeLuxe PrintPack Hong Kong 2025 HK Int'l Printing & Packaging Fair 2024,,,,https://sourcing.hktdc.com/en/Supplier-Store/Profile/Fujian-Jiamei-Group-Xiamen-Import-Export-Co-Ltd-/1S00OQ891,https://www.hktdc.com/event/deluxeprintpackhk/en/exhibitor/1S005M5TG,,,,,,,,,,,,
"Guangdong Huasheng Element Leather Co., Ltd.",Chinese Mainland,,,,"Leather and PU Leather Yarn,Cosmetics Packaging,Wine Packaging,Luxury Packaging,Jewelry Packaging & Display","Shengyuan PU Leather has genuine leather feel and touch feel, durable coating layer. No solvent, no heavy metal, Eco Product and has certificated report by SGS. Customer can customized any color reference Pantone Number.","OEM, OBM, ODM",,Exhibited in HKTDC Event(s) in recent years DeLuxe PrintPack Hong Kong 2025 HKTDC Hong Kong International Optical Fair 2024 DeLuxe PrintPack Hong Kong 2024 HKTDC Hong Kong International Optical Fair 2023 HK Int'l Printing & Packaging Fair 2023 HKTDC Hong Kong International Printing and Packaging Fair 2018,,,,https://sourcing.hktdc.com/en/Supplier-Store/Profile/Guangdong-Huasheng-Element-Leather-Co-Ltd/1X0AE3CF,https://www.hktdc.com/event/deluxeprintpackhk/en/exhibitor/1S005LR9I,,ELEMENT,,,,,,,,,,
"Guangdong Sensheng Carbon Neutralization Technology Co., Ltd.",Chinese Mainland,,"Based on lithographic positioning technology, Sensheng 3.0 is a three-part source manufacturer of photolithographic raw material production, finished product packaging design and finished packaging production. It is specialized in enhancing the visual effect and color sense of the appearance of traditional printing and packaging. The role of packaging is to reflect the value of the product, and the mission of Mori Lithography is to distinguish luxury packaging from ordinary.","Shopping Mall, Buying Office, Professional Association, Importer, Manufacturer, Distributor, Retailer, Export Agent, Department Store, Statutory Body, Wholesaler, Service Company, Exporter","Special Paper and Materials,Authentication and Traceability,Luxury Packaging,Art Printing",3D Stereoscopic Display; Liquor Packaging; Luxury Outer Packaging,"ODM, OBM, OEM",,Exhibited in HKTDC Event(s) in recent years DeLuxe PrintPack Hong Kong 2025,,,,https://sourcing.hktdc.com/en/Supplier-Store/Profile/Guangdong-Sensheng-Carbon-Neutralization-Technology-Co-Ltd-/1S00P070T,https://www.hktdc.com/event/deluxeprintpackhk/en/exhibitor/1S005L23P,,,,,,,,,,,,
Guangzhou Emon Trading Company,Chinese Mainland,,,"Mail Order Co., Importer, Manufacturer","Paper Decoration,Presentation Box,Bag and Pouch,Packaging Design,Wine Packaging,Luxury Packaging,Smart Packaging,Glasses Packaging,Watch Packaging,Cigar Packaging",Paper box & paper bag,"ODM, OEM",,Exhibited in HKTDC Event(s) in recent years DeLuxe PrintPack Hong Kong 2025 DeLuxe PrintPack Hong Kong 2024 HK Int'l Printing & Packaging Fair 2023,,,,https://sourcing.hktdc.com/en/Supplier-Store/Profile/Guangzhou-Emon-Trading-Company/1S00O9WWG,https://www.hktdc.com/event/deluxeprintpackhk/en/exhibitor/1S005LMPB,,EMON,,,,,,,,,,
"Guilin Fadeli Packing Co.,Ltd",Chinese Mainland,,,"Exporter, Manufacturer",Jewelry Packaging & Display,packing box,"OEM, ODM, OBM",,Exhibited in HKTDC Event(s) in recent years DeLuxe PrintPack Hong Kong 2025 HKTDC Hong Kong International Optical Fair 2024,,,,https://sourcing.hktdc.com/en/Supplier-Store/Profile/Guilin-Fadeli-Packing-Co-Ltd/1S00P0QHV,https://www.hktdc.com/event/deluxeprintpackhk/en/exhibitor/1S005LMR5,,,,,,,,,,,,
"Huizhou Cailang Printing Products Co., Ltd.",Chinese Mainland,,"Factory Establish Year: 1994 Factory Location: Huizhou, Guangdong Factory Audit: ISO9001,FSC, SA8000,Sedex,L'oreal Social Audit Factory product rang: All kinds of paper packaging boxes and paper bags",Manufacturer,"Presentation Box, Luxury Packaging, Bag and Pouch, Wine Packaging, Smart Packaging, Packaging Design, Cosmetics Packaging, Velvet Box / Bag, Paper Decoration, Jewelry Packaging & Display",Paper box & paper bag,ODM,,Exhibited in HKTDC Event(s) in recent years DeLuxe PrintPack Hong Kong 2026 DeLuxe PrintPack Hong Kong 2025 HKTDC Hong Kong Electronics Fair 2024 (Autumn Edition) DeLuxe PrintPack Hong Kong 2024 HK Int'l Printing & Packaging Fair 2023 HKTDC Hong Kong International Printing and Packaging Fair 2019 HKTDC Hong Kong International Printing and Packaging Fair 2018 HKTDC Hong Kong International Printing and Packaging Fair 2017 Show More,,,,https://sourcing.hktdc.com/en/Supplier-Store/Profile/Shenzhen-Cailang-Printing-Company/1X09G9UF,https://www.hktdc.com/event/deluxeprintpackhk/en/exhibitor/1S005L25J,,,www.cailang.com.cn,,,,,,,,,
"Ijen (Dongguan) Paper Products Co., Ltd.",Chinese Mainland,,,,"Metal Box & Can,Presentation Box,Bag and Pouch,Bottle and Can,Label and Tag,Packaging Design,Cosmetics Packaging,Luxury Packaging,Jewelry Packaging & Display,Tubes Packaging",Paper box & Paper bag,"OEM, ODM, OBM",,Exhibited in HKTDC Event(s) in recent years DeLuxe PrintPack Hong Kong 2025 DeLuxe PrintPack Hong Kong 2024 HKTDC Hong Kong International Printing and Packaging Fair 2019,,,,https://sourcing.hktdc.com/en/Supplier-Store/Profile/Ijen-Dongguan-Paper-Products-Co-Ltd/1X0AQEO6,https://www.hktdc.com/event/deluxeprintpackhk/en/exhibitor/1S005L2DV,,Estee Lauder,,,,,,,,,,
"Qingdao Perfect Luxury Packaging Co., Ltd.",Chinese Mainland,,,,"Packaging Design, Velvet Box / Bag, Wine Packaging, Bag and Pouch, Presentation Box, Glasses Packaging, Cosmetics Packaging, Luxury Packaging, Special Paper and Materials, Jewelry Packaging & Display",paper box，paper bag,OEM,,Exhibited in HKTDC Event(s) in recent years DeLuxe PrintPack Hong Kong 2026 DeLuxe PrintPack Hong Kong 2025 DeLuxe PrintPack Hong Kong 2024 HKTDC Hong Kong International Printing and Packaging Fair 2019,,,,https://sourcing.hktdc.com/en/Supplier-Store/Profile/Qingdao-Perfect-Luxury-Packaging-Co-Ltd/1X0AQIB7,https://www.hktdc.com/event/deluxeprintpackhk/en/exhibitor/1S005LXKF,,QP,,,,,,,,,,
"Qingdao Yuanrong Packaging Co., Ltd.",Chinese Mainland,,"Yuanrong is a packaging manufacturer, positioned as an international first-line luxury brand and domestic famous brand design, production of gift bags, gift boxes, card carton quality packaging solutions provider, based on the concept of innovation, green future, customized and production of competitive integrated packaging solutions for customers.",Manufacturer,"Jewelry Packaging & Display, Paper Decoration, Bag and Pouch, Label and Tag, Luxury Packaging, Packaging Design, Glasses Packaging, Special Paper and Materials, Cosmetics Packaging, Presentation Box",定位为国际一线奢侈品牌及国内著名品牌设计、生产礼品袋、礼品盒、卡纸盒的品质包装方案商，基于勇于创新、绿动未来的理念，为客户定制和生产具有竞争力的整合包装解决方案。,"OBM, ODM, OEM",,Exhibited in HKTDC Event(s) in recent years DeLuxe PrintPack Hong Kong 2026 DeLuxe PrintPack Hong Kong 2025,,,,https://sourcing.hktdc.com/en/Supplier-Store/Profile/Qingdao-Yuanrong-Packaging-Co-Ltd-/1S00OYNS1,https://www.hktdc.com/event/deluxeprintpackhk/en/exhibitor/1S005L27D,,,www.yuanrongpackaging.com,,,,,,,,,
"Quanzhou Haitong Electronic Equipment Co., Ltd.",Chinese Mainland    |    Factory in Chinese Mainland,,"Fushi Kang belongs to Quanzhou Haitong Electronic Equipment Co., Ltd. The company was established in 1999 and is a powerful factory integrating R&D, production and sales. It has passed the KPMG audit and specializes in manufacturing high-end luxury packaging such as aluminum alloy tea packaging boxes, luxury packaging boxes, and tea trays. In 2003, it passed the ISO9001:2000 quality management system and ISO14001:2004 environmental management system certifications. The company's products have successively passed multiple certifications including CCC, CE, UL, CB, and FCC. The products have cooperated with many well-known domestic and international brands and listed companies, and are sold all over the world.",Manufacturer,"Metal Box & Can,Presentation Box,Bag and Pouch,Bottle and Can,Phials and Monodoses Bottle,Cosmetics Packaging,Luxury Packaging","Luxury Packaging Box,Leather Packaging,Aluminum Alloy Packaging","Others, ODM, OBM, OEM",,Exhibited in HKTDC Event(s) in recent years DeLuxe PrintPack Hong Kong 2025,,,,https://sourcing.hktdc.com/en/Supplier-Store/Profile/Quanzhou-Haitong-Electronic-Equipment-Co-Ltd-/1S00P06ZX,https://www.hktdc.com/event/deluxeprintpackhk/en/exhibitor/1S005L1Z2,,FuShiKang,,,,,,,,,,
SEISMO Packaging,Chinese Mainland,,,"Export Agent, Import Agent, Importer, Manufacturer","Leather and PU Leather Yarn,Cut-Edge Ribbon,Handmade Paper,Metal Box & Can,Label and Tag,Model Making,Luxury Packaging,Jewelry Packaging & Display,Glasses Packaging,Glass Packaging","Jewelry boxes, Travel jewelry boxes, Watch boxes, Cosmetic packaging","OBM, OEM, ODM",,Exhibited in HKTDC Event(s) in recent years DeLuxe PrintPack Hong Kong 2025,,,,https://sourcing.hktdc.com/en/Supplier-Store/Profile/SEISMO-Packaging/1S00P12GM,https://www.hktdc.com/event/deluxeprintpackhk/en/exhibitor/1S005LRP6,,,,,,,,,,,,
"Shenzhen CFY Paper Tube Co., Ltd.",Chinese Mainland,,"Shenzhen Chengfangyuan(CFY) Paper Industry Co., Ltd. is located in A&D Block, No. 66, Shisan Village, Niuhu Community, Guanlan Subdistrict, Longhua District Shenzhen. It has developed into one of the leading manufacturers in China with 2500 square meters , specializing in food, gift, cosmetics, electronic, clothes and sports paper container/tubes for more than 8 years. We provide one-stop service from design, print and handicraft process. The monthly production capacity is more than 150000pcs. Professional handicraft technology and strict quality management system makes our products deeply loved by customers all over the world. The main export markets include the United States, Australia, France, Spain, Japan, Italy, the United Kingdom, Turkey, Canada, Australia, New Zealand, etc.Welcome to contact with us and thanks for your kindly support.",Manufacturer,"Presentation Box,Bottle and Can,Cosmetics Packaging,Luxury Packaging,Tubes Packaging,Glass Packaging",Paper tube,"ODM, OBM, OEM",,Exhibited in HKTDC Event(s) in recent years DeLuxe PrintPack Hong Kong 2025 DeLuxe PrintPack Hong Kong 2024,,,,https://sourcing.hktdc.com/en/Supplier-Store/Profile/Shenzhen-CFY-Paper-Tube-Co-Ltd-/1S00OOF2F,https://www.hktdc.com/event/deluxeprintpackhk/en/exhibitor/1S005L2GM,,,,,,,,,,,,
"Shenzhen Cote Cheng Electronic Co., Ltd.",Chinese Mainland,,,Manufacturer,"Presentation Box,Packaging Design,Wine Packaging,Luxury Packaging,Watch Packaging","Shenzhen Cote Cheng Electronic Co.,Ltd is a high-tech enterprise in Shenzhen, focusing on the production, research and development as well as sales of a series of related products such as video greeting cards and video gift boxes.","ODM, OEM",,Exhibited in HKTDC Event(s) in recent years DeLuxe PrintPack Hong Kong 2025 HKTDC Hong Kong Gifts & Premium Fair 2024 HKTDC Hong Kong Gifts & Premium Fair 2019,,,,https://sourcing.hktdc.com/en/Supplier-Store/Profile/Shenzhen-Cote-Cheng-Electronic-Co-Ltd-/1X0APBJK,https://www.hktdc.com/event/deluxeprintpackhk/en/exhibitor/1S005LMUW,,Cote,,,,,,,,,,
"Shenzhen Yuhua Packing Products Co., Ltd.",Chinese Mainland,,,,"Bag and Pouch,Wine Packaging,Jewelry Packaging & Display","Gift box, cosmetic & beauty packing box, watch box, candle box, wine box, POP stand, paper bag, labels, printing & packaging service.","OBM, OEM, ODM",,Exhibited in HKTDC Event(s) in recent years HKTDC Hong Kong Gifts & Premium Fair 2025 DeLuxe PrintPack Hong Kong 2025 HK Int'l Printing & Packaging Fair 2024,,,,https://sourcing.hktdc.com/en/Supplier-Store/Profile/Shenzhen-Yuhua-Packing-Products-Co-Ltd-/1S00ONR9I,https://www.hktdc.com/event/deluxeprintpackhk/en/exhibitor/1S005LRMF,,,,,,,,,,,,
Viet Style Service Trading Company Limited,Vietnam    |    Factory in Vietnam,,,Distributor,"Paper Decoration,Packaging Design","Viet Style Service Trading Company Limited, Co LTD was established in January 2006 in Viet Nam, from a family-sized packaging factory. After more than 16 years of development, Viet Style is a leading manufacturer of paper packaging such as paper bags","OEM, OBM",,Exhibited in HKTDC Event(s) in recent years DeLuxe PrintPack Hong Kong 2025 HK Int'l Printing & Packaging Fair 2023 HKTDC Hong Kong International Printing and Packaging Fair 2019 HKTDC Hong Kong International Printing and Packaging Fair 2018,,,,https://sourcing.hktdc.com/en/Supplier-Store/Profile/Viet-Style-Service-Trading-Company-Limited/1X0AC1DK,https://www.hktdc.com/event/deluxeprintpackhk/en/exhibitor/1S005IY7H,,,,,,,,,,,,
"Wenzhou Haode Trading Co., Ltd.",Chinese Mainland,,,,"Presentation Box,Bag and Pouch,Label and Tag,Cosmetics Packaging,Wine Packaging,Luxury Packaging,Jewelry Packaging & Display,Watch Packaging,Glass Packaging,Art Printing","Thermo PU, non-thermo PU, PVC for packaging covers","ODM, OEM",,Exhibited in HKTDC Event(s) in recent years DeLuxe PrintPack Hong Kong 2025,,,,https://sourcing.hktdc.com/en/Supplier-Store/Profile/Wenzhou-Haode-Trading-Co-Ltd-/1S00P0VVK,https://www.hktdc.com/event/deluxeprintpackhk/en/exhibitor/1S005LRHU,,,,,,,,,,,,
"Wenzhou Longyuan International Co., Ltd.",Chinese Mainland,,,,Special Paper and Materials,Notebook leather,"ODM, OEM",,Exhibited in HKTDC Event(s) in recent years DeLuxe PrintPack Hong Kong 2025,,,,https://sourcing.hktdc.com/en/Supplier-Store/Profile/Wenzhou-Longyuan-International-Co-Ltd-/1S00P0VWH,https://www.hktdc.com/event/deluxeprintpackhk/en/exhibitor/1S005LRIR,,,,,,,,,,,,
"Wenzhou WINWIN Leather Products. Co., Ltd.",Chinese Mainland,,,,"Leather and PU Leather Yarn,Presentation Box,Label and Tag,Cosmetics Packaging,Wine Packaging,Luxury Packaging,Jewelry Packaging & Display,Watch Packaging,Cigar Packaging,Glass Packaging","Thermo PU，Normal PU, Printing PU, Digital Specialized PU, PVC for bookbinding, stationery, packaging","OEM, OBM, ODM",,Exhibited in HKTDC Event(s) in recent years DeLuxe PrintPack Hong Kong 2025,,,,https://sourcing.hktdc.com/en/Supplier-Store/Profile/Wenzhou-WINWIN-Leather-Products-Co-Ltd-/1S00P12HJ,https://www.hktdc.com/event/deluxeprintpackhk/en/exhibitor/1S005LXM9,,"SHUYING,Sunbrililan,Thermoleon",,,,,,,,,,
"Wenzhou Wanfeng Labels Co., Ltd.",Chinese Mainland,,,,"Metal Box & Can,Label and Tag,Wine Packaging",Metal labels and plate,OEM,,Exhibited in HKTDC Event(s) in recent years DeLuxe PrintPack Hong Kong 2025,,,,https://sourcing.hktdc.com/en/Supplier-Store/Profile/Wenzhou-Wanfeng-Labels-Co-Ltd-/1S00P0VXE,https://www.hktdc.com/event/deluxeprintpackhk/en/exhibitor/1S005LRKL,,WF,,,,,,,,,,
Xrhea Group Limited,Chinese Mainland,,,"Manufacturer, Exporter","Paper Decoration,Presentation Box,Bag and Pouch,Silk Boxes/Bags,Cosmetics Packaging,Luxury Packaging,Smart Packaging,Jewelry Packaging & Display,Art Printing",Gift Box,"OBM, ODM, OEM",,Exhibited in HKTDC Event(s) in recent years DeLuxe PrintPack Hong Kong 2025,,,,https://sourcing.hktdc.com/en/Supplier-Store/Profile/Xrhea-Group-Limited/1S00P0VYB,https://www.hktdc.com/event/deluxeprintpackhk/en/exhibitor/1S005LRQ3,,,,,,,,,,,,
Yishu Paper,Chinese Mainland,,,,Special Paper and Materials,"Fancy paper, Specialty Paper","ODM, OEM",,Exhibited in HKTDC Event(s) in recent years DeLuxe PrintPack Hong Kong 2025 HK Int'l Printing & Packaging Fair 2024 HKTDC Hong Kong International Printing and Packaging Fair 2019 HKTDC Hong Kong International Printing and Packaging Fair 2018 HKTDC Hong Kong International Printing and Packaging Fair 2017,,,,https://sourcing.hktdc.com/en/Supplier-Store/Profile/Wenzhou-Yishu-Paper-Co-Ltd-/1X0A02HD,https://www.hktdc.com/event/deluxeprintpackhk/en/exhibitor/1S005LRJO,,Yishu Paper,,,,,,,,,,
"Zhangzhou Lier Printing Co., Ltd.",Chinese Mainland,,,,,Paper box & paper bag & gift box,OEM,,Exhibited in HKTDC Event(s) in recent years DeLuxe PrintPack Hong Kong 2025 HK Int'l Printing & Packaging Fair 2024 HK Int'l Printing & Packaging Fair 2023 HKTDC Hong Kong International Printing and Packaging Fair 2019 HKTDC Hong Kong International Printing and Packaging Fair 2018,,,,https://sourcing.hktdc.com/en/Supplier-Store/Profile/Zhangzhou-Lier-Printing-Co-Ltd/1X0ADRUX,https://www.hktdc.com/event/deluxeprintpackhk/en/exhibitor/1S005LRD6,,,,,,,,,,,,
"Suzhou YUTO Printing Co., Ltd.",Chinese Mainland    |    Factory in Chinese Mainland,,"Founded on 25 March 1996 and listed on the Shenzhen Stock Exchange on 16 December 2016 (stock code: 002831), YUTO is an international industry-leading superior packaging solution provider. Headquartered in Shenzhen, YUTO has over 20,000 employees and 50+ production sites with a global service network.Leveraging on our superior printing and packaging technologies and agile global delivery capabilities, we provide innovative one-stop packaging solutions and sustainable intelligent manufacturing services to Fortune 500 companies, famous brands and other clients. Our packaging business covers six core sectors: consumer electronics, wine and spirits, personal care, food, healthcare, and tobacco. In addition, we also provide customized services to clients in various industries, including eco-friendly plastic replacement, pre-press media, retail store materials, creative products, injection molding, photolithography, and more. Based on the packaging business, YUTO also provides solutions in the field of technology products, covering pet products, consumer electronics components (acoustic devices, consumer electronics soft materials, Flexible Printed Circuit, glare films), and new materials (carbon fiber, glass fiber, eco-friendly glues).",Manufacturer,"Presentation Box,Bag and Pouch,Bottle and Can,Label and Tag,Packaging Design,Packaging Cap and Closure,Cosmetics Packaging,Wine Packaging,Authentication and Traceability,Luxury Packaging","Consumer electronics, wine and spirits, personal care, food, healthcare, and tobacco. In addition, we also provide customized services to clients in various industries, including eco-friendly plastic replacement,pre-press media,retail store materials","Others, OBM, ODM, OEM",,Exhibited in HKTDC Event(s) in recent years DeLuxe PrintPack Hong Kong 2025,,,,N/A,https://www.hktdc.com/event/deluxeprintpackhk/en/exhibitor/1S005L21V,,YUTO,,,,,,,,,,
"Ruixiang Packaging Products Co., Ltd.",Chinese Mainland,,"Ruxiang packaging is a leader in the industry providing innovative one-stop paper packaging services from R&D, design, sourcing, manufacturing & logistics for global brands",Manufacturer,"Presentation Box,Velvet Boxes/Bags,Packaging Design,Cosmetics Packaging,Wine Packaging,Luxury Packaging,Watch Packaging,Art Printing","Gift box, packaging box","OEM, ODM",,Exhibited in HKTDC Event(s) in recent years DeLuxe PrintPack Hong Kong 2025,,,,N/A,https://www.hktdc.com/event/deluxeprintpackhk/en/exhibitor/1S005LMS2,,,,,,,,,,,,
"Shanghai KIYI International Trade Co., Ltd.",Chinese Mainland,,,Manufacturer,"Bag and Pouch,Luxury Packaging","KIYI has developed various converting capabilities to provide creative offerings made with Tyvek, e.g., slitting, printing, aluminum coating, laminating and PU coating.","Others, ODM, OEM, OBM",,Exhibited in HKTDC Event(s) in recent years DeLuxe PrintPack Hong Kong 2025,,,,N/A,https://www.hktdc.com/event/deluxeprintpackhk/en/exhibitor/1S005L20Y,,,,,,,,,,,,
