company name,location,,Nature of Business,Product / Service Range,supplier_url,exhibitor_url,Company Background,Exhibit / Brand / Service Description,Company Website,HKTDC Events,Certificates,Other Certificates,Brand Name
Sinomax Health & Household Products Limited,Hong Kong,,"Retailer, Chain Store",Bed Linen,https://sourcing.hktdc.com/en/Supplier-Store/Profile/Sinomax-Health-Household-Products-Limited/1X03U909?fairCode=homedelights&locale=en,https://www.hktdc.com/event/homedelights/en/exhibitor/1S0063WXD?fairCode=homedelights&locale=en,,,,,,,
Iplus Home Limited,Hong Kong,,"Distributor, Chain Store","Electric Blender, Electric Kettle, Lighting Product, Electric Oven, Electric Rice Cooker, Environmental Protection Equipment & Product, Electrical Personal Care Appliances, Electric Food Steamer, Electric Heater, Electric Iron, Electrical Juice Extractor, Electric Fan",https://sourcing.hktdc.com/en/Supplier-Store/Profile/Iplus-Home-Limited/1X079ZCR?fairCode=homedelights&locale=en,https://www.hktdc.com/event/homedelights/en/exhibitor/1S0063W6M?fairCode=homedelights&locale=en,Enjoy Your Home Life,Smart cooking for health life,www.iplushome.com.hk,Exhibited in HKTDC Event(s) in recent years HKTDC Home Delights Expo 2026 HKTDC Home Delights Expo 2025 HKTDC Home Delights Expo 2024 HKTDC Home Delights Expo 2023 HKTDC Home Delights Expo 2021 HKTDC Home Delights Expo 2019 HKTDC Home Delights Expo 2018 HKTDC Home Delights Expo 2017 Show More,,,
Thermos Hong Kong Limited,Hong Kong,,Retailer,"Energy Saving Product, Vacuum Pot, Tableware",https://sourcing.hktdc.com/en/Supplier-Store/Profile/Thermos-Hong-Kong-Limited/1X06D4ZP?fairCode=homedelights&locale=en,https://www.hktdc.com/event/homedelights/en/exhibitor/1S0064A1N?fairCode=homedelights&locale=en,"The name ""THERMOS"" originates from the Greek word for ""heat."" Since its founding in 1904, Thermos has led the world into a new era of insulation, constantly pushing its own boundaries and pursuing newer technologies and qualities to provide simple and lasting warmth to countless households. THERMOS currently has locations on every continent, with strong and innovative R&D teams in the United States and Japan. With a design philosophy focused on meeting the needs of global consumers, THERMOS tailors its products to the diverse lifestyles, leisure styles, dietary habits, and culinary cultures of consumers in Europe, America, Japan, and Asia, continuously evolving and striving for excellence. THERMOS officially entered the Hong Kong market in 1994 and currently has over 40 department store counters and 6 specialty stores.","Ultralight titanium vacuum insulated cups, stainless steel vacuum insulated bottles, stainless steel vacuum cookers, vacuum food jars, children's straw bottles, vacuum insulated hand-pouring jugs, vacuum insulated cups",www.thermos.com.hk,Exhibited in HKTDC Event(s) in recent years HKTDC Home Delights Expo 2026 HKTDC Hong Kong Houseware Fair 2019 HKTDC Hong Kong Houseware Fair 2018 HKTDC Hong Kong Houseware Fair 2017 HKTDC Hong Kong Houseware Fair 2016 HKTDC Hong Kong Houseware Fair 2015 HKTDC Hong Kong Houseware Fair 2014 HKTDC Hong Kong Houseware Fair 2013 Show More,,,
"Ming Tat Hong Group Hardware Supplier Co., Ltd.",Hong Kong,,"Wholesaler, Import Agent","Smart Door Lock, Kitchen Cabinet, Door Lock",https://sourcing.hktdc.com/en/Supplier-Store/Profile/Ming-Tat-Hong-Group-Hardware-Supplier-Co-Ltd/1X09E2JB?fairCode=homedelights&locale=en,https://www.hktdc.com/event/homedelights/en/exhibitor/1S0063WEY?fairCode=homedelights&locale=en,"Ming Tat Hong Group Hardware Supplier Co., Ltd has established in 1990, it is develops and sells hardware products continuously. At present our company are become the large-scale import furniture accessories agent and distributor in Asia. We have a wealth of experience and undertake the construction engineering of cabinet. As an expert, we provide solutions with a wide range of furniture accessories, while satisfy the customer's needs for comfort, design, and safety. The brands include: GRASS, VAUTH-SAGEL, REPON, Kwikset, CYBERLOCK, Atim and ARMSTRONG. In addition, our company has factories producing stainless steel cabinet, stainless steel panel, aluminum roller shutter, sliding door, aluminum frame and aluminum handle.","Aluminum frame structure of the cabinet with stone, BBQ kitchen, Outdoor cabinet 316, 304 Stainless steel Sintered Stone Outdoor Cabinet Aluminum Sintered Stone Outdoor Cabinet Kwikset Electric Door Lock",mth.com.hk/index.html,Exhibited in HKTDC Event(s) in recent years HKTDC Home Delights Expo 2026 Home InStyle 2026 HKTDC Home Delights Expo 2023 HKTDC Home Delights Expo 2022 HKTDC Simply Shopping Fest 2022 HKTDC Home Delights Expo 2021 HKTDC International Sourcing Show 2021 HKTDC Hong Kong Houseware Fair 2016 Show More,,The Hong Kong Q-Mark Service Scheme Issued By - Type - Valid Date (N/A) - (N/A) Bureau Veritas Certification ISO9001:2008 Issued By - Type - Valid Date (N/A) - (N/A) Show More,
Pete's Studio & Co.,Hong Kong,,,,https://sourcing.hktdc.com/en/Supplier-Store/Profile/Pete-s-Studio-Co-/1S00OK3CX?fairCode=homedelights&locale=en,https://www.hktdc.com/event/homedelights/en/exhibitor/1S0064XTO?fairCode=homedelights&locale=en,"The Lanes HK aims to introduce different regions and festive cultures through high-quality products. The Lanes HK also sources unique, exquisite and finest boutiques from all over the world, adding taste and colour to lifestyle.","Our designed and hand crafted products focus on Hong Kong and British sentiment, commemorating the essence of British and Hong Kong heritage.",www.thelaneshk.com,Exhibited in HKTDC Event(s) in recent years HKTDC Home Delights Expo 2026 HKTDC Hong Kong Book Fair 2026 HKTDC Hong Kong Gifts & Premium Fair 2026 HKTDC Home Delights Expo 2025 HKTDC Hong Kong Book Fair 2025 HKTDC Hong Kong Sports and Leisure Expo 2025 HKTDC Home Delights Expo 2024 HKTDC Hong Kong Book Fair 2024 Show More,,,"The Lanes HK,Bicycle"
BOC Group Life Assurance Company Limited,Hong Kong,,Service Company,"Safe Products, Elderly care and service, Safe Products, Elderly care and service",https://sourcing.hktdc.com/en/Supplier-Store/Profile/BOC-Group-Life-Assurance-Company-Limited/1X03HE4Q?fairCode=homedelights&locale=en,https://www.hktdc.com/event/homedelights/en/exhibitor/1S0064PZE?fairCode=homedelights&locale=en,,"Insurance product, Savings",,Exhibited in HKTDC Event(s) in recent years HKTDC Beauty & Wellness Expo 2026 HKTDC Home Delights Expo 2026 HKTDC Hong Kong Sports and Leisure Expo 2026 Home InStyle 2026 HKTDC Beauty & Wellness Expo 2025 HKTDC Home Delights Expo 2025 HKTDC Beauty & Wellness Expo 2024 HKTDC Hong Kong International Medical and Healthcare Fair 2023 Show More,,,
Plateau Consultant Services Company,Hong Kong,,Service Company,,https://sourcing.hktdc.com/en/Supplier-Store/Profile/Plateau-Consultant-Services-Company/1S00O3AI8?fairCode=homedelights&locale=en,https://www.hktdc.com/event/homedelights/en/exhibitor/1S00650L9?fairCode=homedelights&locale=en,BOC LIFE,BOC LIFE,,Exhibited in HKTDC Event(s) in recent years HKTDC Beauty & Wellness Expo 2026 HKTDC Home Delights Expo 2026 HKTDC Hong Kong Sports and Leisure Expo 2026 Eco Expo Asia 2025 HKTDC Hong Kong Watch & Clock Fair 2025 HKTDC Beauty & Wellness Expo 2025 HKTDC Home Delights Expo 2025 HKTDC Hong Kong Sports and Leisure Expo 2025 Show More,,,
Heng Lee Jade,Hong Kong,,,,https://sourcing.hktdc.com/en/Supplier-Store/Profile/Heng-Lee-Jade/1S00NXAFH?fairCode=homedelights&locale=en,https://www.hktdc.com/event/homedelights/en/exhibitor/1S00650RR?fairCode=homedelights&locale=en,,"輕手飾,自家設計及製作生產",,Exhibited in HKTDC Event(s) in recent years HKTDC Home Delights Expo 2026 HKTDC Hong Kong International Jewellery Show 2026 HKTDC Beauty & Wellness Expo 2025 HKTDC Hong Kong International Jewellery Show 2025 HKTDC Beauty & Wellness Expo 2024 HKTDC Hong Kong International Jewellery Show 2024 HKTDC Hong Kong International Jewellery Show 2023 HKTDC Hong Kong International Jewellery Show 2022 Show More,,,
OUD Design Store,Hong Kong,,,,https://sourcing.hktdc.com/en/Supplier-Store/Profile/OUD-Design-Store/1S00OELJU?fairCode=homedelights&locale=en,https://www.hktdc.com/event/homedelights/en/exhibitor/1S0064XSR?fairCode=homedelights&locale=en,"OUD Own ur design:每位顧客在其中必得到各自的設計空間, 在OUD內,自創造設計與承接設計玩美自然地揉合其中,創造即是承設,而承設亦是創造,兩者相 互影響,環環相扣,生生不息,使其千變萬化",Handmade quality fashion accessory,,Exhibited in HKTDC Event(s) in recent years HKTDC Home Delights Expo 2026 Fashion InStyle 2026 CENTRESTAGE 2025 HKTDC Home Delights Expo 2025 HKTDC Hong Kong Sports and Leisure Expo 2025 Fashion InStyle 2025 CENTRESTAGE 2024 HKTDC Home Delights Expo 2024 Show More,,,OUD Design Store
Airland Holding Company Limited,Hong Kong,,Retailer,"Pillow, Bed Linen",N/A,https://www.hktdc.com/event/homedelights/en/exhibitor/1S0063W2Y?fairCode=homedelights&locale=en,"For the past 60 years, we have focused on one thing: operating with integrity and dedicating ourselves to creating a quality sleep experience for the public.",AIRLAND雅蘭，作為香港床褥行業的先驅，陪伴香港成長60年，一直緊貼香港人的生活習慣及健康需求。多年來以香港人常見的脊椎問題、體型比例及睡眠習慣等等。AIRLAND雅蘭與香港專業物理治療師團隊攜手合作床褥研發項目，針對研究香港人的肌肉骨骼及脊柱健康，並糅合品牌獨家專業床褥技術及物理治療師多角度的臨床測試及數據。研發出多種適合不同香港人的優質床褥。我們深知雅蘭床褥帶給香港人的不只是一件產品，更是對我們健康的一份承諾。,www.airland.com.hk/,Exhibited in HKTDC Event(s) in recent years HKTDC Home Delights Expo 2026,,,
Decor Suite Interiors Limited,Hong Kong,,"Retailer, Manufacturer",Interior Design,N/A,https://www.hktdc.com/event/homedelights/en/exhibitor/1S0063NUV?fairCode=homedelights&locale=en,"Decor House was set up in 1984. businesses divide into three main areas: apartments, shops and offices.","We offers diversifying and one-stop interior design and furniture-making services, includes planning on interior design and renovation of new and old apartments and offices and shops, as well as furniture design and manufacturing, as well as directs",www.facebook.com/decorhouse,Exhibited in HKTDC Event(s) in recent years HKTDC Home Delights Expo 2026 HKTDC Home Delights Expo 2025,,,
EMMAS Spectrum (Hong Kong) Limited,Hong Kong,,Retailer,"Bed Sheet, Quilt, Home Furnishing Textile, Pillow, Bed Linen",N/A,https://www.hktdc.com/event/homedelights/en/exhibitor/1S0063QAG?fairCode=homedelights&locale=en,"Driven by strong belief and passion in the pursuit of quality sleep, EMMAS joins hands with Australian crafters specialised in mattress production and innovation, to deliver the sophisticated experience and skills to Asia","Our Australian made anti allergy mattresses are NACA certified and enhanced with Ultrashield technology, inhibiting mold and dust mites to deliver a cleaner, elevated sleep environment ideal for those with allergies or asthma.",emmas.com.hk/,Exhibited in HKTDC Event(s) in recent years HKTDC Home Delights Expo 2026 HKTDC Home Delights Expo 2025,,,
Hong Kong Telecommunications Limited,Hong Kong,,Others,Smart Living,N/A,https://www.hktdc.com/event/homedelights/en/exhibitor/1S0063NVS?fairCode=homedelights&locale=en,,"Netvigator, Now TV, 1O1O, CSL",,Exhibited in HKTDC Event(s) in recent years HKTDC Home Delights Expo 2026,,,
Sleep Health Association Limited,Hong Kong,,Professional Association,,N/A,https://www.hktdc.com/event/homedelights/en/exhibitor/1S0065CI6?fairCode=homedelights&locale=en,,Sleep Pavilion,www.sleepha.org/,Exhibited in HKTDC Event(s) in recent years HKTDC Home Delights Expo 2026,,,
Art Lane Ltd,Hong Kong,,Retailer,Furniture,N/A,https://www.hktdc.com/event/homedelights/en/exhibitor/1S0064Q0A?fairCode=homedelights&locale=en,"GIORMANI was founded by Mr. Kelvin Ng and Ms Jane Tong in 1999. As sofa is the centerpiece of a home that can gather all family members for a long time, they started the business by providing quality, comfortable and stylish sofa furniture. Working with young designers from Italy, Germany and Hong Kong for years enables the Company to keep up with the latest trends from the continent and ensures a freshness of approach. Also, its designer team masterfully blends tradition and innovation, classic and contemporary designs, to create unique and modern sofas and armchairs. Giormani's designs consistently combine functionality with creativity.","GIORMANI focuses on developing high-quality sofas, living room furniture, and other accessories, hope for every family provides high quality, comfortable sofa and let them ride the trend when the good times.",www.giormani.com,Exhibited in HKTDC Event(s) in recent years HKTDC Home Delights Expo 2026 HKTDC Home Delights Expo 2025,,,
Change Design Factory Limited,Hong Kong,,Distributor,Interior Design,N/A,https://www.hktdc.com/event/homedelights/en/exhibitor/1S0064XKF?fairCode=homedelights&locale=en,"Change Design Factory The furniture factory is a company with more than ten years of experience, providing one-stop decoration and design. The price is comparable to that of the masters, the furniture is sold directly from the factory, and all the furniture is made of 11-layer solid wood core boards imported from the UK. Furniture design, custom-made wardrobes, kitchen cabinet islands, redone kitchens, cloakrooms, hydraulic platform beds, turning beds Wallbed, deformation Furniture, Loft, Cleaf Board and more. Professional designers, in-house construction team, and discounts on decoration design! Free ruler design",Change Design Factory 傢俬廠為十多年經驗的公司，一站式裝修及設計。價錢媲美師傅，工廠直銷傢俬，全用英國進口11層實木細芯板，傢俬設計，訂造衣櫃、廚櫃中島、重做廚房、衣帽間、油壓地台床、翻床Wallbed、變形傢俬、閣樓、Cleaf 板等。專業設計師，自家施工團隊，裝修設計可享折扣優惠！,changedesignfactory.com.hk,Exhibited in HKTDC Event(s) in recent years HKTDC Home Delights Expo 2026 HKTDC Home Delights Expo 2025,,,
Happy Kitchen Cafe & Bar,Hong Kong,,"Charity / Welfare Organisation, Service Company","Elderly care and service, Electrical Juice Extractor, Food Processor, Electric Blender, Elderly care and service, Electrical Juice Extractor, Food Processor, Electric Blender, Electric Blender, Elderly care and service, Electrical Juice Extractor, Food Processor",N/A,https://www.hktdc.com/event/homedelights/en/exhibitor/1S0064XZ6?fairCode=homedelights&locale=en,"As a subsidiary brand of German Pool, Happy Kitchen is built around the philosophy of “Happy Kitchen, Happy Cooking” and is Hong Kong’s first brand dedicated to the silver-age and elderly wellness market. Beyond offering diversified culinary experiences such as team building cooking activities and corporate training programmes, Happy Kitchen also provides care food and fine soft meal outreach programmes, including in-home cooking workshops, private dining services, care food standard sharing sessions, and community cooking activities. The brand has also launched its own Fine Soft Meal / Care Food Recipe Book, extending culinary experiences into corporate training, elderly care, and community education. By integrating online platforms with mobile outreach services, Happy Kitchen breaks the limitations of traditional cooking spaces and promotes cooking as a lifestyle experience that extends into workplaces, homes, and communities. Through this approach, the brand continues to spread the values of happiness, health, care, and inclusivity through food culture.","At Happy Kitchen, care food standards and elderly nutrition knowledge were shared on-site, introducing ID DSI levels, swallowing health, and elderly dietary needs.",https://www.happykitchen.co/,Exhibited in HKTDC Event(s) in recent years HKTDC Home Delights Expo 2026,,,
Cheong Hing Store Ltd,Hong Kong,,"Distributor, Wholesaler, Retailer","Plate/ Dish, Tableware, Personal Care Product, Kitchen Knife, Cutting Board, Electric Water Dispenser, Electric Blender, Electric Rice Cooker, Filtered Water Dispenser, Cup / Mug, Kitchen Utensil Set, Cutlery Set, Bakeware, Food Container, Induction Cooker, Kitchenware, Bowl, Dining Table Accessories, Air Purifier, Plate/ Dish, Tableware, Personal Care Product, Kitchen Knife, Cutting Board, Electric Water Dispenser, Electric Blender, Electric Rice Cooker, Filtered Water Dispenser, Cup / Mug, Kitchen Utensil Set, Cutlery Set, Bakeware, Food Container, Induction Cooker, Kitchenware, Bowl, Dining Table Accessories, Air Purifier",N/A,https://www.hktdc.com/event/homedelights/en/exhibitor/1S0065AYW?fairCode=homedelights&locale=en,,"A wide variety of well-known and trusted kitchenware brands that includes ZWILLING, STAUB and BALLARINI. Our products keep up with the latest technology with evolving consumer trends which make each brand timeless.",,Exhibited in HKTDC Event(s) in recent years HKTDC Home Delights Expo 2026 HKTDC Home Delights Expo 2025 HKTDC Food Expo 2011 HKTDC Food Expo 2010 HKTDC Food Expo 2009,,,
German Pool Kitchen Equipment Limited,Hong Kong,,"Retailer, Wholesaler","Energy Saving Product, Air Fryer, Air Purifier, Induction Cooker, Vacuum Cleaner, Electric Heater, Electric Fan, Electric Food Steamer, Halogen Cooking Pot, Dehumidifier, Air Cooler / Warmer, Coffee Maker, Electrical Personal Care Appliances, Electric Rice Cooker, Smart Living, Food Processor, Electric Iron, Electric Oven, Kitchen Knife, Cooker Hood, Electric Blender, Kitchenware, Electric Kettle, Energy Saving Product, Air Fryer, Air Purifier, Induction Cooker, Vacuum Cleaner, Electric Heater, Electric Fan, Electric Food Steamer, Halogen Cooking Pot, Dehumidifier, Air Cooler / Warmer, Coffee Maker, Electrical Personal Care Appliances, Electric Rice Cooker, Smart Living, Food Processor, Electric Iron, Electric Oven, Kitchen Knife, Cooker Hood, Electric Blender, Kitchenware, Electric Kettle, Energy Saving Product, Air Fryer, Air Purifier, Induction Cooker, Vacuum Cleaner, Electric Heater, Electric Fan, Electric Food Steamer, Halogen Cooking Pot, Dehumidifier, Air Cooler / Warmer, Coffee Maker, Electrical Personal Care Appliances, Electric Rice Cooker, Smart Living, Food Processor, Electric Iron, Electric Oven, Kitchen Knife, Cooker Hood, Electric Blender, Kitchenware, Electric Kettle, Energy Saving Product, Air Fryer, Air Purifier, Induction Cooker, Vacuum Cleaner, Electric Heater, Electric Fan, Electric Food Steamer, Halogen Cooking Pot, Dehumidifier, Air Cooler / Warmer, Coffee Maker, Electrical Personal Care Appliances, Electric Rice Cooker, Smart Living, Food Processor, Electric Iron, Electric Oven, Kitchen Knife, Cooker Hood, Electric Blender, Kitchenware, Electric Kettle, Energy Saving Product, Air Fryer, Air Purifier, Induction Cooker, Vacuum Cleaner, Electric Heater, Electric Fan, Electric Food Steamer, Halogen Cooking Pot, Dehumidifier, Air Cooler / Warmer, Coffee Maker, Electrical Personal Care Appliances, Electric Rice Cooker, Smart Living, Food Processor, Electric Iron, Electric Oven, Kitchen Knife, Cooker Hood, Electric Blender, Kitchenware, Electric Kettle, Energy Saving Product, Air Fryer, Air Purifier, Induction Cooker, Vacuum Cleaner, Electric Heater, Electric Fan, Electric Food Steamer, Halogen Cooking Pot, Dehumidifier, Air Cooler / Warmer, Coffee Maker, Electrical Personal Care Appliances, Electric Rice Cooker, Smart Living, Food Processor, Electric Iron, Electric Oven, Kitchen Knife, Cooker Hood, Electric Blender, Kitchenware, Electric Kettle",N/A,https://www.hktdc.com/event/homedelights/en/exhibitor/1S0065AXZ?fairCode=homedelights&locale=en,,"After over 30 years of success, German Pool emerges as an international corporation strong in product design, manufacturing, sales and marketing, as well as international import and export. German Pool is now one of the most influential players in HK",www.germanpool.com,"Exhibited in HKTDC Event(s) in recent years HKTDC Home Delights Expo 2026 HKTDC Home Delights Expo 2025 HKTDC Home Delights Expo 2024 Style Hong Kong Show in Guangzhou 2012 Style Hong Kong Pavilion at Northeast Asia Expo, Changchun Style Hong Kong in Harbin 2011",,,
Kuka (HK) Int'l Trade Limited,Hong Kong,,Retailer,Furniture,N/A,https://www.hktdc.com/event/homedelights/en/exhibitor/1S0063QBD?fairCode=homedelights&locale=en,"KUKA is specialized in the research, development, production and marketing of the household products of living room and bedroom, providing healthy, comfortable, environmental, household products of living room and bedroom for the families of the whole world. At present, KUKA household products are exported to over 120 countries and regions in the world, and owned over 6,000 brand monopolized shops, providing products and service with high quality for millions and millions families in the world.",Our company specializes in high-quality leather sofas. We develop sofas with diverse practical functions and gradually integrate technological features into our products. We will further upgrade our service quality this year.,www.kukahome.com.hk/tc/about/introduction.html,Exhibited in HKTDC Event(s) in recent years HKTDC Home Delights Expo 2026 HKTDC Home Delights Expo 2025,,,
Maxcare Industrial Limited,Hong Kong,,Retailer,"Massage Chair, Fitness Product",N/A,https://www.hktdc.com/event/homedelights/en/exhibitor/1S0063W4S?fairCode=homedelights&locale=en,"Maxcare has been awarded the Hong Kong Top Brands for several consecutive years. Our products cover three major categories: massage, fitness equipment, and personal care, dedicated to providing quality products and service experiences.","Maxcare's hero product: Photobiomodulation. Products are jointly developed by MTCURE and The Chinese University of Hong Kong, and Maxcare provides engineering and manufacturing supports, effectively improves pain conditions while promoting metabolism",www.maxcareonlineshop.com,Exhibited in HKTDC Event(s) in recent years HKTDC Home Delights Expo 2026 HKTDC Home Delights Expo 2025,,,
OTO Bodycare (H.K.) Limited,Hong Kong,,Retailer,"Office Ergonomic Chair, Massage Chair, Healthcare Product, Smart Living, Fitness Product",N/A,https://www.hktdc.com/event/homedelights/en/exhibitor/1S0064DWZ?fairCode=homedelights&locale=en,"In OTO, the 'O' signifies totality, and the 'T' signifies balance. We believe in living life to its fullest through the wonders of balance and totality. OTO products are dedicated to help people live better, and longer. OTO has four categories of products: Relaxation and Fitness products could keep bodies rejuvenated and vital; Diagnostics products could help monitor health, while Therapeutic products could alleviate pains and ailments. OTO has a strong strategic partnership with established manufacturers. Its aim is to put an OTO product in every home.",按摩產品,www.otobodycare.com,Exhibited in HKTDC Event(s) in recent years HKTDC Home Delights Expo 2026 HKTDC Home Delights Expo 2025 HKTDC Home Delights Expo 2024 HKTDC Home Delights Expo 2023 HKTDC Home Delights Expo 2022 HKTDC Home Delights Expo 2021 HKTDC Hong Kong Sports and Leisure Expo 2021 HKTDC Hong Kong Sports and Leisure Expo 2020 Show More,,,
Ogawa Health Care International (HK) Limited,Hong Kong,,Retailer,Massage Chair,N/A,https://www.hktdc.com/event/homedelights/en/exhibitor/1S0063Q8M?fairCode=homedelights&locale=en,"Ogawa is a Malaysian health and wellness retail store established in 1996. It has successfully grown into a leading player specializing in design, development and marketing of health and wellness equipment. With its innovative wellness products of the highest quality, Ogawa is the first choice for many homes and families today.",OGAWA Massage Chairs and Massage Products,www.ogawaworld.hk,Exhibited in HKTDC Event(s) in recent years HKTDC Home Delights Expo 2026 HKTDC Home Delights Expo 2025 HKTDC Home Delights Expo 2024 HKTDC Home Delights Expo 2023 HKTDC Home Delights Expo 2022 HKTDC Home Delights Expo 2021 HKTDC Home Delights Expo 2019 HKTDC Home Delights Expo 2018 Show More,,,
Osim (HK) Co. Limited,Hong Kong,,Retailer,Massage Chair,N/A,https://www.hktdc.com/event/homedelights/en/exhibitor/1S0063UXF?fairCode=homedelights&locale=en,,OSIM,www.osim.com.hk,Exhibited in HKTDC Event(s) in recent years HKTDC Home Delights Expo 2026 HKTDC Home Delights Expo 2025,,,
Owell International Ltd,Hong Kong,,"Retailer, Distributor","Electric Water Dispenser, Safe Products, Water Purifier, Water Filter Machine, Filtered Water Dispenser",N/A,https://www.hktdc.com/event/homedelights/en/exhibitor/1S0063W7J?fairCode=homedelights&locale=en,,"Water Purifiers, electric bidets, smart integrated toilets, water ionizers from Korea",www.owell.hk,Exhibited in HKTDC Event(s) in recent years HKTDC Home Delights Expo 2026 HKTDC Home Delights Expo 2025 HKTDC Home Delights Expo 2023 HKTDC Home Delights Expo 2022 HKTDC Home Delights Expo 2021 HKTDC Home Delights Expo 2019 HKTDC Home Delights Expo 2018 HKTDC Home Delights Expo 2017 Show More,,,
Sealy Asia (Hong Kong) Limited,Hong Kong,,Retailer,"Pillow, Bed Linen, Quilt",N/A,https://www.hktdc.com/event/homedelights/en/exhibitor/1S0063W3V?fairCode=homedelights&locale=en,"Every Sealy mattress is tested by experts, combining exceptional craftsmanship, outstanding technology and unique patents. From research and development to production, Sealy maintains the highest quality to provide you with the most comfort and the best sleeping experience.","Sealy Mattress provides quality support thanks to our patented coil design, enabling micro-adjustments to fulfil the sleeping needs of different body types. Enhanced edge support increases the mattress's useable area and durability,offering wellbeing",www.sealy.com.hk,Exhibited in HKTDC Event(s) in recent years HKTDC Home Delights Expo 2026 HKTDC Home Delights Expo 2025,,,
Simmons Bedding & Furniture (HK) Ltd,Hong Kong,,Retailer,"Pillow, Furniture, Bed Linen",N/A,https://www.hktdc.com/event/homedelights/en/exhibitor/1S0063RHU?fairCode=homedelights&locale=en,,"Simmons®,a US brand founded in 1870 and pioneer of Pocketed Coil mattress since launching Beautyrest® in 1925,supports your dream with premium mattress crafted in Japan,Canada,and China factory-delivering restful sleep through heritage and innovation",,Exhibited in HKTDC Event(s) in recent years HKTDC Home Delights Expo 2026,,,
The Hong Kong and China Gas Company Limited,Hong Kong,,"Statutory Body, Retailer, Distributor","Dehumidifier, Bathroom Supply, Interior Design, Cutlery Set, Energy, Safe Products, Electric Oven, Food Container, Kitchenware, Air Cooler / Warmer, Water Filter Machine, Kitchen Utensil Set, Cup / Mug, Cooker Hood, Filtered Water Dispenser, General Home Items, Electric Kettle, Kitchen Cabinet, Stove, Electric Water Dispenser, Healthcare Product, Tableware, Furniture, Dining Table Accessories, Personal Care Product, Smart Door Lock, Dehumidifier, Bathroom Supply, Interior Design, Cutlery Set, Energy, Safe Products, Electric Oven, Food Container, Kitchenware, Air Cooler / Warmer, Water Filter Machine, Kitchen Utensil Set, Cup / Mug, Cooker Hood, Filtered Water Dispenser, General Home Items, Electric Kettle, Kitchen Cabinet, Stove, Electric Water Dispenser, Healthcare Product, Tableware, Furniture, Dining Table Accessories, Personal Care Product, Smart Door Lock, Dehumidifier, Bathroom Supply, Interior Design, Cutlery Set, Energy, Safe Products, Electric Oven, Food Container, Kitchenware, Air Cooler / Warmer, Water Filter Machine, Kitchen Utensil Set, Cup / Mug, Cooker Hood, Filtered Water Dispenser, General Home Items, Electric Kettle, Kitchen Cabinet, Stove, Electric Water Dispenser, Healthcare Product, Tableware, Furniture, Dining Table Accessories, Personal Care Product, Smart Door Lock, Dehumidifier, Bathroom Supply, Interior Design, Cutlery Set, Energy, Safe Products, Electric Oven, Food Container, Kitchenware, Air Cooler / Warmer, Water Filter Machine, Kitchen Utensil Set, Cup / Mug, Cooker Hood, Filtered Water Dispenser, General Home Items, Electric Kettle, Kitchen Cabinet, Stove, Electric Water Dispenser, Healthcare Product, Tableware, Furniture, Dining Table Accessories, Personal Care Product, Smart Door Lock, Filtered Water Dispenser, General Home Items, Electric Kettle, Kitchen Cabinet, Stove, Electric Water Dispenser, Healthcare Product, Tableware, Furniture, Dining Table Accessories, Personal Care Product, Smart Door Lock, Dehumidifier, Bathroom Supply, Interior Design, Cutlery Set, Energy, Safe Products, Electric Oven, Food Container, Kitchenware, Air Cooler / Warmer, Water Filter Machine, Kitchen Utensil Set, Cup / Mug, Cooker Hood",N/A,https://www.hktdc.com/event/homedelights/en/exhibitor/1S00650N3?fairCode=homedelights&locale=en,"Founded in 1862, The Hong Kong and China Gas Company Limited (Towngas) was Hong Kong's first public utility. Today, we are one of the largest energy suppliers in Hong Kong, operating with world-class corporate management and leading-edge business practices. For the past years, Towngas has been growing with Hong Kong, evolving from the simple gas company supplying fuel for street lamps to our current leading position in the energy industry in the greater China region.","Towngas offers a series of quality & stylish appliance and merchandise, to show you the latest kitchen and living room techno home aids. They'll help you to build your dream home!",www.towngasappliance.com/,"Exhibited in HKTDC Event(s) in recent years HKTDC Home Delights Expo 2026 HKTDC Home Delights Expo 2025 HKTDC Home Delights Expo 2024 Entrepreneur Day 2023, Hong Kong Eco Expo Asia 2023 HKTDC Home Delights Expo 2023 InnoEX 2023 Eco Expo Asia 2022 Show More",,,
Yiu Hing International Development Limited,Hong Kong,,"Department Store, Manufacturer, Retailer","Electric Rice Cooker, Kitchenware, Stove, Electric Food Steamer, Cooker Hood, Kitchen Cabinet",N/A,https://www.hktdc.com/event/homedelights/en/exhibitor/1S00641Y5?fairCode=homedelights&locale=en,"Yiu Hing International Development Ltd.(The original name:Liko Development Co).Founded in 2011,mainly engaged in the manufacture of household and small household appliances,wholesale and sales.Hongkong department store business distribution,Picerite,The Link Reit market and each big trade fair.2014 are extended to Macau to the Royal supermarket. Along with the trade between Hongkong and the increasingly close,in 2013,our company will be part of the business development in China,to introduce the best quality products more consumer groups,More follow Hongkong TDC in the same year,the domesyic each big trade fair,to build our brand and a wide range of high quality products.",展品品牌: Senga 1)SE-1120 迷你乾洗掛燙機。 2)LM-009 多功能掃地機。 3)SA-2280 韓陶燒。 4)SF-903 旋風吸塵機。 5)SD-8009 石瓷燒電飯煲。 6)K-26320 韓國鑽石鍋。,,Exhibited in HKTDC Event(s) in recent years HKTDC Home Delights Expo 2026 HKTDC Home Delights Expo 2025,,,
Samily Group Company Limited,Hong Kong,,Manufacturer,"Bowl, Food Container, Cup / Mug, Tableware",N/A,https://www.hktdc.com/event/homedelights/en/exhibitor/1S0063W8G?fairCode=homedelights&locale=en,"Samily is a Hong Kong brand, takes simpleness, thoughtfulness and practicalness as our design philosophy, to design, develop and produce a range of household and kitchen supplies.","We perfect use of Borosilicate glass, Silicone, PES, PPSU which are all food grade safety material to design a series of simple and practical household and kitchen supplies. - Double Deck Glass Food Container - Glass Lined Vacuum Insulated Bottle",www.samilyhome.com,"Exhibited in HKTDC Event(s) in recent years HKTDC Home Delights Expo 2026 HKTDC Home Delights Expo 2025 HKTDC Home Delights Expo 2024 HKTDC Hong Kong Electronics Fair 2023 (Autumn Edition) HKTDC Home Delights Expo 2023 Chic HK, Shenzhen Home InStyle 2023 HKTDC Home Delights Expo 2022 Show More",,,
Department of Health - the Government of the HKSAR,Hong Kong,,Government,"Energy Saving Product, Energy Saving Product, Energy Saving Product",N/A,https://www.hktdc.com/event/homedelights/en/exhibitor/1S0064Q17?fairCode=homedelights&locale=en,,Organ Donation Promotion Booth,,Exhibited in HKTDC Event(s) in recent years HKTDC Food Expo 2026 HKTDC Home Delights Expo 2026 HKTDC Hong Kong Book Fair 2026 HKTDC Education & Careers Expo 2026 HKTDC Food Expo 2025 HKTDC Home Delights Expo 2025,,,
I Love Kitchen Limited,Hong Kong,,"Wholesaler, Retailer, Import Agent, Distributor","Kitchenware, Bakeware, Tableware, Cutlery Set, Kitchen Knife, Cutting Board, General Home Items, Food Container",N/A,https://www.hktdc.com/event/homedelights/en/exhibitor/1S0063WAA?fairCode=homedelights&locale=en,,"Epicurean cutting board, Woll Wok, Low Pressure Pot, Electric kitchenware; Lovos kitchen tools, Keter cabinet",www.ilovekitchen.com,Exhibited in HKTDC Event(s) in recent years HKTDC Home Delights Expo 2026 HKTDC Home Delights Expo 2025 HKTDC Home Delights Expo 2024 HKTDC Home Delights Expo 2023 HKTDC Home Delights Expo 2022 HKTDC Simply Shopping Fest 2022 HKTDC Home Delights Expo 2021 HKTDC Lifestyle ShoppingFest 2021 Show More,,,"EPICUREAN,KETER, LOVOS,WOLL"
CS Group Holdings Limited,Hong Kong,,"Exporter, Manufacturer, Retailer","Kitchen Knife, Kitchenware, Tableware, Electric Rice Cooker, Kitchen Utensil Set, Air Fryer, Electric Oven",N/A,https://www.hktdc.com/event/homedelights/en/exhibitor/1S0064A68?fairCode=homedelights&locale=en,,"Pressure cooker, Fry pans, Cookware set, Steam oven, rice cooker, air fryer, oven, cookware, knives",,Exhibited in HKTDC Event(s) in recent years HKTDC Home Delights Expo 2026 HKTDC Home Delights Expo 2025 HKTDC Home Delights Expo 2024 Home InStyle 2024 HKTDC Home Delights Expo 2023 Home InStyle 2023 HKTDC Home Delights Expo 2022 HKTDC Hong Kong Houseware Fair 2022 Show More,,,
Peoples Smart Living Limited,Hong Kong,,Retailer,"Furniture, Pillow, Bed Linen",N/A,https://www.hktdc.com/event/homedelights/en/exhibitor/1S0063WFV?fairCode=homedelights&locale=en,"Founded in 2019 by Mr. Michael Leung, founder of Peoples Telephone Company Limited, and his son, Mr. Vincent Leung, Peoples Smart Living Limited is revolutionising industries in Hong Kong and transforming it into a smart city throught cutting-edge smart technology and innovation. Mr. Michael Leung, an established entrepreneur with over 50 years of experience, whose trrack record spans diverse fields, including garment manufacturing, wireless telephoney, hotels, and retail, showcasing his expertise and leadership. Mr. Vincent Leung, a solicitor qualified in both Hong Kong and the UK, adds a fresh perspective, ensuring the ventures are innovative and compliant. In 2008, they formed a joint venture with the American footwear brand SKECHERS, establishing Skechers Hong Kong and Southeast Asia and opening over 500 sales points across 12 Asian countries and regions including Hong Kong, Macau, Singapore, and Malaysia. People's Smart Mattress in Wan Chai reflects the company's vision featuring advanced smart mattress for people need healthy sleep. By the end of 2025, the company had expanded presence of People's Smart Mattress stores across Hong Kong and Macau.",智能床褥，床上用品，智能按摩器，智能產品，智能護理產品,www.peoplessmartmattress.com,Exhibited in HKTDC Event(s) in recent years HKTDC Home Delights Expo 2026,,,
Tiger Corporation Hong Kong Limited,Hong Kong,,"Manufacturer, Wholesaler, Retailer, Service Company, Importer, Distributor","Electric Food Steamer, Energy Saving Product, Cup / Mug, Electric Kettle, Electric Rice Cooker, Food Container, Environmental Protection Equipment & Product",N/A,https://www.hktdc.com/event/homedelights/en/exhibitor/1S0063W9D?fairCode=homedelights&locale=en,"TIGER adheres to the concept of ""delivering happiness to all parts of the world"", and creates a series of healthy, convenient, high-quality insulation and home appliances with excellent and exclusive vacuum insulation technology and Japanese ""artisan spirit"", hoping to truly take care of Every user needs. TIGER brand includes: rice cooker, thermos cup, soup cup, instant electric kettle, thermos bottle, hand pouring kettle, thermal lunch box, electronic cooker and so on.","Made-in-Japan Rice Cookers, Made-in-Japan Electric Water Pots, Electric Kettles, Made-in-Japan Stainless Steel Bottles, Soup Cup, Lunch Box and Handy Jugs, etc.",www.tiger-hk.com,Exhibited in HKTDC Event(s) in recent years HKTDC Home Delights Expo 2026 HKTDC Home Delights Expo 2025,,,
Vision Interior Design Limited,Hong Kong,,Service Company,Interior Design,N/A,https://www.hktdc.com/event/homedelights/en/exhibitor/1S0063WB7?fairCode=homedelights&locale=en,,"Specializes in residential projects, primarily serving public housing and private residential units.",visionintdesigns.com,Exhibited in HKTDC Event(s) in recent years HKTDC Home Delights Expo 2026 HKTDC Home Delights Expo 2025,,,
3W Co-Creation Holding Limited,Hong Kong,,"Department Store, Retailer","Kitchen Knife, Kitchen Utensil Set, Healthcare Product, Kitchenware, Cutting Board",N/A,https://www.hktdc.com/event/homedelights/en/exhibitor/1S0064A2K?fairCode=homedelights&locale=en,"We are a company mainly retail the household and kitchenware, products including stainless steel wok, cast iron wok, high carbon steel cleaver, cutting board, ergonomics chair etc...Main market at the department store, roadshow & exhibition promotion, we also have oversea trading as well.","Stainless steel wok, Black diamond cast iron wok, kitchen knife series, w cutting board, ergonomics chair",,Exhibited in HKTDC Event(s) in recent years HKTDC Home Delights Expo 2026 HKTDC Home Delights Expo 2025,,,
A Synergia Medical Health Centre,Hong Kong,,,,N/A,https://www.hktdc.com/event/homedelights/en/exhibitor/1S0065W5P?fairCode=homedelights&locale=en,我們以「善心、仁愛、仁慈」為服務初心，結合嚴謹的專業精神，將客戶的需求放在首位。我們理解您對健康的重視與可能的不安，因此，我們的團隊不僅提供技術檢測，更願花時間聆聽，用同理心陪伴您走過每一步健康旅程。我們提供的服務包括個人化體檢計劃、各類超聲波與影像檢查、疫苗接種及專業健康諮詢，全方位照顧您與家人的健康需要。,,https://www.asynergiamedical.com/,Exhibited in HKTDC Event(s) in recent years HKTDC Home Delights Expo 2026,,,
Ample Grace Holdings Limited,Hong Kong,,Wholesaler,"General Home Items, Lighting Product, Home Office Furniture",N/A,https://www.hktdc.com/event/homedelights/en/exhibitor/1S0064WIM?fairCode=homedelights&locale=en,Company set up mainly to trade Households products and Home Office products to mass customer.,"Desktop Led Light, TV Mount, Monitor Arm",,Exhibited in HKTDC Event(s) in recent years HKTDC Home Delights Expo 2026,,,
Soul Parade Limited,Hong Kong,,,,N/A,https://www.hktdc.com/event/homedelights/en/exhibitor/1S0065W8G?fairCode=homedelights&locale=en,,,https://www.enjoyhydrogen.com/why-choosing-hhuhu,Exhibited in HKTDC Event(s) in recent years HKTDC Home Delights Expo 2026,,,
Buoninfante Asia Pacific Limited,Hong Kong,,,,N/A,https://www.hktdc.com/event/homedelights/en/exhibitor/1S0065W6M?fairCode=homedelights&locale=en,"""X-BIO 是一項獲得專利的睡眠系統，旨在調節體溫、濕度和姿勢—— 使您的身體能夠自然地完成每個睡眠週期，不受干擾。 高溫、高濕、空調和不良睡姿都會悄無聲息地擾亂睡眠—— 尤其是在像香港這樣人口密度高、濕度高的環境中。 X-BIO 能穩定您的睡眠微環境，讓您夜夜都能獲得深度、持續的恢復。""",,https://xbio.hk/,Exhibited in HKTDC Event(s) in recent years HKTDC Home Delights Expo 2026,,,
Continental Pollen Screen & Blinds,Hong Kong,,Distributor,"Air Purifier, Pet Supplies, Home Furnishing Textile, Air Purifier, Pet Supplies, Home Furnishing Textile, Air Purifier, Pet Supplies, Home Furnishing Textile",N/A,https://www.hktdc.com/event/homedelights/en/exhibitor/1S0065B0P?fairCode=homedelights&locale=en,"We are Continental pollen and blind. We are a Hong Kong based company with supporting factory in Dongguan China. We are window dressing specialists. We import excellent material as well as latest invented product round the world. With supporting factory in China. We offer not only excellent product but also value for money. From design, produce and install at your house. We serve not only household but also commercial customers. One of our customer was JLL, we are their listed supplier /contractor. We will work hand in hand with you to create a more beautiful world.","Brand and service Polltex, a pollen and bug net from Van Heek textile Netherlands Solar shield, anti sun heat sheer. Frame retardant, B 1 standard blind Padova ECODURE. Recycle roller blind Low E. Sun refractive roller blind.",contpollen.com,Exhibited in HKTDC Event(s) in recent years HKTDC Home Delights Expo 2026,,,
DTSZB LIMITED,Hong Kong,,Wholesaler,"General Home Items, Wood Crafts, Knitting Crafts, Interior Design, General Home Items, Wood Crafts, Knitting Crafts, Interior Design, General Home Items, Wood Crafts, Knitting Crafts, Interior Design",N/A,https://www.hktdc.com/event/homedelights/en/exhibitor/1S0066KJV?fairCode=homedelights&locale=en,,"We specialize in handcrafted tea goods, daily necessities, and home decor art pieces. Our master craftsmen make everything entirely by hand, combining techniques like sun-dye weaving, braiding, painting, and carving. Our works carry deep traditional",,Exhibited in HKTDC Event(s) in recent years HKTDC Home Delights Expo 2026,,,
"Hong Kong Q-Mark Council, Federation of Hong Kong Industries",Hong Kong,,Trade/Industrial Organisation,,N/A,https://www.hktdc.com/event/homedelights/en/exhibitor/1S0064Q24?fairCode=homedelights&locale=en,"The Hong Kong Q-Mark Council was established by the Federation of Hong Kong Industries in 1978 to promote quality and best practices. It enhances product, service, and environmental standards through various Q-Mark certification schemes. The Council comprises leaders from industry and academia, supported by a dedicated secretariat. Its certification schemes, including Product, Service, Green Mark, Q-ESG, and Silver Scheme, ensure consistent quality through regular independent audits. These initiatives help companies strengthen credibility, enhance brand image, and maintain high quality standards.","Provide certification under the Hong Kong Q-Mark Silver Scheme, covering both products and services for the elderly. The scheme includes care food, gerontechnology products, elderly care services, and catering services offering soft meals. Through pr",,Exhibited in HKTDC Event(s) in recent years HKTDC Food Expo PRO 2026 HKTDC Home Delights Expo 2026 HKTDC Food Expo 2025 HKTDC Food Expo 2024 HKTDC Food Expo 2023 HKTDC Food Expo 2022 HKTDC Food Expo 2021 HKTDC Food Expo 2019 Show More,,,
Inzo Limited,Hong Kong,,,,N/A,https://www.hktdc.com/event/homedelights/en/exhibitor/1S0064XRU?fairCode=homedelights&locale=en,,人造鑽飾品,,Exhibited in HKTDC Event(s) in recent years HKTDC Home Delights Expo 2026,,,
Kisdi Art Catering,Hong Kong,,,,N/A,https://www.hktdc.com/event/homedelights/en/exhibitor/1S0064XY9?fairCode=homedelights&locale=en,,領導SEN人士用廢紙再造紙，再成為禮品手信 共融 香港製造upcycling,www.kisdiartcateing.com,Exhibited in HKTDC Event(s) in recent years HKTDC Home Delights Expo 2026,,,Play Play paper
Master Plus Interior Design Limited,Hong Kong,,"Distributor, Manufacturer, Others","Interior Design, Interior Design",N/A,https://www.hktdc.com/event/homedelights/en/exhibitor/1S0064PYH?fairCode=homedelights&locale=en,"Master Plus Interior Design is a local interior design brand in Hong Kong with rich design experience and profound industry knowledge. It pays attention to details, quality, functionality and practicality, and is committed to providing a full range of high-quality interior design, decoration engineering and maintenance services, covering residential and commercial projects. At the same time, Master Plus Interior Design provides a variety of ready-made furniture, electrical system and products for customers to choose from, as well as customized furniture services, providing tailor-made high-quality service solutions based on customers' preferences and needs.","We provides a variety of ready-made furniture and electrical system & products for customers to choose from, including the agency of Lamboo furniture, German Pool home appliances, LOCKIS smart door locks, Megaman Lighting, Philips water purifiers etc",masterplushk.com,Exhibited in HKTDC Event(s) in recent years HKTDC Home Delights Expo 2026 HKTDC Home Delights Expo 2025,,,
Purepro Water Hong Kong Limited,Hong Kong,,"Wholesaler, Export Agent, Distributor, Import Agent, Retailer","Electric Kettle, Food Waste Disposer, Household Disinfectant Products, Water Filter Machine, Safe Products, Water Purifier, Coffee Maker, Kitchen Cabinet, Hand Sanitizer, Filtered Water Dispenser, Personal Care Product, Electric Water Dispenser, Pet Supplies",N/A,https://www.hktdc.com/event/homedelights/en/exhibitor/1S0064A9Z?fairCode=homedelights&locale=en,"Purepro Water Hong Kong Limited establish a new brand ""KIYO"" to promote healthy life by a good quality of water from the most safety purification system, reverse osmosis, with reasonable prices, user friendly design, the best investment you'll ever make in the health and well-being of your family.","Under-sink reverse osmosis system, countertop reverse osmosis, Water dispenser with reverse osmosis system, instant heat faucet, Soda Water dispenser, floor standing water dispenser, coffee dispenser, instant Sanitizier, whole house filration system.",www.pure-pro.com.hk,Exhibited in HKTDC Event(s) in recent years HKTDC Home Delights Expo 2026,,,
RELIVE Haven Limited,Hong Kong,,,,N/A,https://www.hktdc.com/event/homedelights/en/exhibitor/1S0065WB7?fairCode=homedelights&locale=en,"*Relive Haven 瑞生悅境* 專注於睡眠康養、銀髮健康、身心修復及智慧 wellness 體驗。我們結合天然香薰、AI wellness scan、五感沉浸、可量度數據及模組化康養設備，打造 *Relive Haven Recharge Pod 沉浸式身心修復艙*，為酒店、會所、企業、康養中心、護老院及日間護理中心提供可營運、可複製、可收費的康養服務方案。 我們的核心理念是：*睡得好，不只是睡著，而是讓身體真正回到可以修復的狀態。* *Relive Haven* focuses on sleep wellness, silver market wellbeing, mind-body recovery and smart wellness experiences. By integrating natural aromatherapy, AI wellness scan, five-sense immersion, measurable wellness data and modular recovery technologies, we create the *Relive Haven Recharge Pod* — an immersive recovery pod designed for hotels, clubhouses, corporate offices, wellness centres, elderly care homes and day care centres. Our mission is to provide measurable, personalised and operable wellness solutions that help people shift from stress mode into a deeper state of relaxation and recovery.""",,,Exhibited in HKTDC Event(s) in recent years HKTDC Home Delights Expo 2026,,,
Resmed Hong Kong Limited,Hong Kong,,,,N/A,https://www.hktdc.com/event/homedelights/en/exhibitor/1S0065W4S?fairCode=homedelights&locale=en,ResMed 源自澳洲，是全球睡眠技術的領導者。我們的目標是透過推廣良好的睡眠習慣和提高大眾對睡眠窒息症等睡眠障礙的認識，為大眾提供喚醒最佳狀態和享受更健康生活的手段。,,www.resmed.hk,Exhibited in HKTDC Event(s) in recent years HKTDC Home Delights Expo 2026,,,
"SC Logistics Co., Limited",Hong Kong,,Others,Mini Storage,N/A,https://www.hktdc.com/event/homedelights/en/exhibitor/1S00650M6?fairCode=homedelights&locale=en,,"We are Sc Storage, which founded in 2001. We provide storage services to customer to solve the problem of lack of space.We have more than 50 branch all over Hong Kong.Our target customer are widely, whether commercial or general family.",www.scstorage.com,Exhibited in HKTDC Event(s) in recent years HKTDC Home Delights Expo 2026 HKTDC Home Delights Expo 2025,,,
Sun Life Hong Kong Limited,Hong Kong,,,,N/A,https://www.hktdc.com/event/homedelights/en/exhibitor/1S0065WAA?fairCode=homedelights&locale=en,"""Sun Life永明的使命是為客戶提供終身的理財保障及健康生活。 我們明白，每位客戶都有獨一無二的需要和價值取向，人生路上，總有不同理想。我們的專才，就是竭盡所能讓客戶在計劃未來時， 作出最合適的理財決定。 源自1865 年的加拿大一直至今，永明金融對客戶，就是一份熱愛生命的堅持。我們不斷創新，贏得信任，專心致志帶來最貼心的理財保障方案，讓客戶跟摯愛一起，活出所想。 永明金融在全球多個市場發展業務，當中包括加拿大、美國、英國、愛爾蘭、香港、菲律賓、日本、印尼、印度、中國、澳洲、新加坡、越南、馬來西亞及百慕達。 截至2025年12月31日止，永明金融管理的總資產為16,000億加元。 香港永明金融有限公司（於百慕達註冊成立之有限責任公司）為加拿大永明人壽保險公司的全資附屬公司並在香港營運。""",,www.sunlife.com.hk,Exhibited in HKTDC Event(s) in recent years HKTDC Home Delights Expo 2026,,,
Sunshine Lighting Limited,Hong Kong,,Import Agent,Lighting Product,N/A,https://www.hktdc.com/event/homedelights/en/exhibitor/1S00649ZU?fairCode=homedelights&locale=en,,SUNSHINE LED,,Exhibited in HKTDC Event(s) in recent years HKTDC Home Delights Expo 2026 HKTDC Home Delights Expo 2023 HKTDC Home Delights Expo 2022,,,
ZenoWell Limited,Hong Kong,,,,N/A,https://www.hktdc.com/event/homedelights/en/exhibitor/1S0065W7J?fairCode=homedelights&locale=en,,,zenowell.ai,Exhibited in HKTDC Event(s) in recent years HKTDC Home Delights Expo 2026,,,
i-Sense (Asia) Limited,Hong Kong,,Retailer,"Personal Care Product, Travel Good & Bag, Personal Care Product, Travel Good & Bag",N/A,https://www.hktdc.com/event/homedelights/en/exhibitor/1S00664FN?fairCode=homedelights&locale=en,"i-Sense is a local Hong Kong company dedicated to providing high-quality lifestyle and wellness products to local customers. We serve our community guided by the principles of sensation, health, and lifestyle.","Professional Insole , Japan Style Bag and some home accessories",www.isense.asia,Exhibited in HKTDC Event(s) in recent years HKTDC Home Delights Expo 2026,,,
"Farbe Sofa Design Co., Limited",Hong Kong,,Retailer,Furniture,N/A,https://www.hktdc.com/event/homedelights/en/exhibitor/1S0063Q9J?fairCode=homedelights&locale=en,"FARBE, is a local brand dedicated to providing Hong Kong families with dynamic, practical, high-quality and cost-effective furniture. Our main business covers furniture retail. We currently have seven specialty stores and our own factories. The founder of Fabi Sofa started to engage in sofa production and wholesale more than twenty years ago, laying a solid foundation for entering the retail market. We provide a full range of one-stop services for our own brand sofas and other furniture products, from design, production to sales and after-sales service. We strictly control quality management to ensure that every product meets our commitment to high quality. In addition, we have more than twenty years of experience in sofa manufacturing, relying on mature technology and innovative design to provide customers with highly competitive product choices. FARBE is the first brand in Hong Kong that can truly provide completely customized sofas. Whether in style, function, size, color, fabric or sitting feel, customers can make personalized choices based on their own needs.","Sofa products Sofas are our signature product, and we are the only brand in Hong Kong that truly offers fully customized sofas. We also offer a variety of dining tables and chairs, and have added a bedroom and mattress series.",https://farbesofa.com/,Exhibited in HKTDC Event(s) in recent years HKTDC Home Delights Expo 2026 HKTDC Home Delights Expo 2025,,,
J.B. Diamond Limited,Hong Kong,,Retailer,"Kitchenware, Pillow, Bed Linen, Consumer Electronics Accessories, Bed Sheet, Kitchenware, Pillow, Bed Linen, Consumer Electronics Accessories, Bed Sheet",N/A,https://www.hktdc.com/event/homedelights/en/exhibitor/1S0063WC4?fairCode=homedelights&locale=en,"JB Diamond has continued to grow since its inception in 1999, thanks to the love of its partners, the professionalism and hard work of each employee. We are very grateful and thank the families behind the employees who silently support them. We always take [Love Life, Love Earth] as our corporate philosophy, and will [Woju. Environmental protection. Tourism] as the course of action. In the rapidly changing social environment, people's lifestyles are diversifying. We continue to think about the lifestyle that makes every day happy, and plan to deliver happy and happy products and services to many people. In the face of challenges, we will continue to provide products that are loved by everyone.",diamondpro品牌產品包括 天使枕+10秒床單+軟珪藻土浴室墊+鑽石鍋+充電摺疊風扇,www.diamondpro.com.hk,Exhibited in HKTDC Event(s) in recent years HKTDC Home Delights Expo 2026 HKTDC Home Delights Expo 2025,,,
Healthy Homes (HK) Ltd,Hong Kong,,"Distributor, Retailer","Water Purifier, Water Filter Machine, Environmental Protection Equipment & Product",N/A,https://www.hktdc.com/event/homedelights/en/exhibitor/1S0063W5P?fairCode=homedelights&locale=en,"The company was established in 1992, specializing in environmental cleaning systems. It is the main distributor of the American Rainbow Hydrocleaner and the Italian Thermostar Dry Steamer. In recent years, the business has further expanded to become a distributor of Biolux products, focusing on promoting active oxygen water disinfection systems and related products.",產品包括管道式活氧水消毒系統、噴霧式活氧水消毒器及室內空間活氧消毒系統等。經活氧殺菌與消毒後，不會殘留任何有害物質，安全無毒，並兼顧環保效益。,https://rainbowsystem.com.hk/zh-hk,Exhibited in HKTDC Event(s) in recent years HKTDC Home Delights Expo 2026,,,
International Warwick Limited,Hong Kong,,"Retailer, Wholesaler","Household Disinfectant Products, Cleaning Cloth, Bathroom Supply, Personal Care Product",N/A,https://www.hktdc.com/event/homedelights/en/exhibitor/1S0063WD1?fairCode=homedelights&locale=en,,"國際華威有限公司自2018年成立， 扎根香港， 業務初期主要從事FMCG快速消費品產業、日韓化妝品及護膚品批發。 遠見同類市場在香港的競爭日趨激烈， 因此創辨人面向世界， 致力發掘及開拓環球市場其他商機的可行性，延續公司長遠利益發展及提升業界水平， 領先一步攜手向前。 成立初期憑著細心觀察， 結合大數據系統分析，創新求變，得到日本、韓國等著名美容產品品牌信任， 成功取得港、澳地區總代理。 這些年來，創辨人與各地生產商在洽談過程中, 以「自家品牌」這概念， 結合生活需求及多元化創意產品，抓住",https://www.iww.com.hk/,Exhibited in HKTDC Event(s) in recent years HKTDC Home Delights Expo 2026 HKTDC Home Delights Expo 2025,,,
Brighten Building Materials Ltd,Hong Kong,,Importer,Bathroom Supply,N/A,https://www.hktdc.com/event/homedelights/en/exhibitor/1S0064A5B?fairCode=homedelights&locale=en,,"Fiore taps, Kakudai hand showers, Cramer Tap cleaner",bbml.com.hk,Exhibited in HKTDC Event(s) in recent years HKTDC Home Delights Expo 2026 HKTDC Home Delights Expo 2025,,,
CRG Technology Limited,Hong Kong,,"Retailer, Wholesaler, Distributor, Buying Office","Smart Living, Smart Door Lock, Smart Living, Smart Door Lock",N/A,https://www.hktdc.com/event/homedelights/en/exhibitor/1S0064WHP?fairCode=homedelights&locale=en,CRG HAS BEEN STAYING WITH YOU SINCE 2008. WE INTEND TO CREATE WIN WIN FOR ALL STACKHOLDERS. WE CARE YOUR CARE. WE AIM TO EXTEND THE WORLD KNOWLEDGE OF LOCKS AND HARDWARE APPLICATION. WE DO HOPE YOU CAN CHOOSE AND BUY THE PRODUCT FITS YOUR NEED.,"HARDWARE, LOCKS AND ELECTRONIC PRODUCTS. WE ALSO PROVIDE INSTALLATION AND REPAIR SERVICE. WE DISTRIBUTE WORLD BEST, LIKE YALE ETC.",www.crgddl.com,Exhibited in HKTDC Event(s) in recent years HKTDC Home Delights Expo 2026 HKTDC Home Delights Expo 2025,,,
Champion Workshop Limited,Hong Kong,,"Wholesaler, Retailer","Electric Blender, Personal Care Product, Kitchen Knife, General Home Items, Cutting Board, Kitchen Gloves, Pet Supplies, Tableware, Kitchen Utensil Set, Food Container, Cutlery Set, Can Opener, Kitchenware",N/A,https://www.hktdc.com/event/homedelights/en/exhibitor/1S0064WJJ?fairCode=homedelights&locale=en,"The Zhangxiaoquan story began with a craftsman named Zhang Xiaoquan whose knifes and scissors have warranted by royal. By 1628, he has left royal service and created this brand. That's why our logo is a name of founder. Even though our logo changed quite a bit over the years and the small premium knife and scissors manufacturer became a global culinary leader, our quality standards have never changed. In fact, it's quite the opposite-it became a tradition.","Knifes, scissors, stainless still products, frying Chinese wok and all other kitchen ware.",www.zhangxiaoquan.com.hk,Exhibited in HKTDC Event(s) in recent years HKTDC Home Delights Expo 2026 HKTDC Home Delights Expo 2025,,,
Chestnut Corner,Hong Kong,,,,N/A,https://www.hktdc.com/event/homedelights/en/exhibitor/1S0064XLC?fairCode=homedelights&locale=en,,,www.facebook.com/%e6%a0%97%e5%ad%90%e8%a7%92%e8%90%bd-245612186338448,Exhibited in HKTDC Event(s) in recent years HKTDC Home Delights Expo 2026 HKTDC Hong Kong Sports and Leisure Expo 2026 HKTDC Home Delights Expo 2025,,,
Cohesion International Company limited,Hong Kong,,"Import Agent, Wholesaler, Retailer, Distributor","Can Opener, Fitness Product, Kitchen Knife, Household Disinfectant Products",N/A,https://www.hktdc.com/event/homedelights/en/exhibitor/1S00649W3?fairCode=homedelights&locale=en,,"Acupuncture Meridian Physiotherpy Pen, Decontaminationn Stick, Graphene Knee Pads , Glass Cleaner, Can Opener",,Exhibited in HKTDC Event(s) in recent years HKTDC Home Delights Expo 2026 HKTDC Home Delights Expo 2025,,,
Cosway (HK) Limited,Hong Kong,,Retailer,"Water Filter Machine, Smart Living, Fitness Product",N/A,https://www.hktdc.com/event/homedelights/en/exhibitor/1S0064A4E?fairCode=homedelights&locale=en,,"Smart fitness, household, health supplement",www.cosway.com.hk/,Exhibited in HKTDC Event(s) in recent years HKTDC Home Delights Expo 2026 HKTDC Hong Kong Sports and Leisure Expo 2026 HKTDC Home Delights Expo 2025,,,
Dream Lam,Hong Kong,,,,N/A,https://www.hktdc.com/event/homedelights/en/exhibitor/1S0064XM9?fairCode=homedelights&locale=en,"夢想林創藝坊，創辦人-林鳳，來自屯門一個小區-紅橋 ，喜歡，興趣，手藝，藝術。默默耕耘這麼多年，實現<您的夢想我為你創> ，林導師十幾載情結不斷改進變化萬千的創作手藝作品。並開辦課程傳授手藝。 ，今次帶來我的手工藝品,供大家視覺欣賞及擁有。 ，獨特的雙面繡(刺繡/十字繡) ，獨特的徒手繪木烙畫-(可提供即場烙刻木名牌) ，歡迎來攤位欣賞/支持",十字繡/刺繡/木烙畫全手工藝作品,https://www.facebook.com/dreamlam723,Exhibited in HKTDC Event(s) in recent years HKTDC Home Delights Expo 2026 HKTDC Home Delights Expo 2025,,,
Flordle,Hong Kong,,,,N/A,https://www.hktdc.com/event/homedelights/en/exhibitor/1S0064XN6?fairCode=homedelights&locale=en,,,,Exhibited in HKTDC Event(s) in recent years HKTDC Home Delights Expo 2026,,,
G I Technology Co.,Hong Kong,,"Wholesaler, Distributor, Importer, Retailer, Exporter","Water Purifier, Water Filter Machine, Kitchenware",N/A,https://www.hktdc.com/event/homedelights/en/exhibitor/1S0064AAW?fairCode=homedelights&locale=en,"Promote Health Products, Water Purifier, Instant Hot Water Dispenser, Showers, Faucets, Ergo Products, Air Purifier in Hong Kong and Macau market.","B & H, Senwater, Wakit Helper, Bellini, Everpool, Living care, b-mola",,"Exhibited in HKTDC Event(s) in recent years HKTDC Home Delights Expo 2026 HKTDC Home Delights Expo 2025 HKTDC Home Delights Expo 2024 Style Hong Kong Show in Changsha 2013 Style Hong Kong Show in Qingdao 2013 Lifestyle Expo in Jakarta, Indonesia 2013 Style Hong Kong Show in Nanning 2013 Style Hong Kong Show in Dalian Show More",,,
Good Mood Design and Build Company Limited,Hong Kong,,Service Company,"Home Office Furniture, Furniture, Interior Design, Smart Living, Kitchen Cabinet, Environmental Protection Equipment & Product",N/A,https://www.hktdc.com/event/homedelights/en/exhibitor/1S0064A75?fairCode=homedelights&locale=en,"Our story began with one of the founders personally experiencing the challenges of renovating their own home. They realized that even the most renowned design studios had shortcomings in project management and client interaction. As a result, they teamed up with a professional team and decided to establish a company that not only offers excellent design management solutions but also prioritizes customer satisfaction and peace of mind.","Apartment Renovation, Custom Made Furniture, Outdoor Woody Deck, Kitchen Makeover",goodmooddnb.com,Exhibited in HKTDC Event(s) in recent years HKTDC Home Delights Expo 2026 HKTDC Home Delights Expo 2025,,,
HK Decoman Technology Limited,Hong Kong,,Others,,N/A,https://www.hktdc.com/event/homedelights/en/exhibitor/1S0065CK0?fairCode=homedelights&locale=en,,DIY Workshop and other DIY and Renovation workshops,,Exhibited in HKTDC Event(s) in recent years HKTDC Home Delights Expo 2026,,,
HK-Accessories,Hong Kong,,,,N/A,https://www.hktdc.com/event/homedelights/en/exhibitor/1S0064XO3?fairCode=homedelights&locale=en,Simple is the Best & Beautiful.,,www.pinkoi.com/store/hk-accessories,Exhibited in HKTDC Event(s) in recent years HKTDC Home Delights Expo 2026 HKTDC Home Delights Expo 2025 HKTDC Hong Kong International Film & TV Market (FILMART) 2020,,,HK-Accessories
Hong Kong Signage Research Society Limited,Hong Kong,,,,N/A,https://www.hktdc.com/event/homedelights/en/exhibitor/1S0064XP0?fairCode=homedelights&locale=en,,,www.leehonhk.store,Exhibited in HKTDC Event(s) in recent years HKTDC Home Delights Expo 2026 HKTDC Home Delights Expo 2025,,,
House of Yu-En,Hong Kong,,,,N/A,https://www.hktdc.com/event/homedelights/en/exhibitor/1S0064XQX?fairCode=homedelights&locale=en,"Yu-en crafts durable, high-quality leather and fabric bags designed for effortless daily styling. Each unique piece blends minimalist aesthetics with playful details. Featuring handpicked fabrics and original embroidery, our designs are full of surprises and character. Sewn with love, crafted with heart.",,https://www.instagram.com/houseofyu.en/,Exhibited in HKTDC Event(s) in recent years HKTDC Home Delights Expo 2026,,,
Invisalign Hong Kong Limited,Hong Kong,,,,N/A,https://www.hktdc.com/event/homedelights/en/exhibitor/1S0065W9D?fairCode=homedelights&locale=en,隱適美隱形牙箍和 iTero Element® 口腔掃描儀的製造商。 我們推出隱適美系統，徹底改變了牙齒矯正行業。我們的團隊不斷突破可能的界限—從3D 列印技術到新的牙箍材料和新的系統，以確定數位移動牙齒的最佳方式—心中只有一個目標：幫助你獲得你想要的笑容。,,https://www.invisalign.com.hk/,Exhibited in HKTDC Event(s) in recent years HKTDC Home Delights Expo 2026,,,
JD Logistics Holding Limited,Hong Kong,,Service Company,"Electrical Personal Care Appliances, Consumer Electronics Accessories, Smart Living",N/A,https://www.hktdc.com/event/homedelights/en/exhibitor/1S0065R6R?fairCode=homedelights&locale=en,,logistics service,,Exhibited in HKTDC Event(s) in recent years HKTDC Home Delights Expo 2026,,,
K S Trading Company,Hong Kong,,Retailer,,N/A,https://www.hktdc.com/event/homedelights/en/exhibitor/1S00650QU?fairCode=homedelights&locale=en,,"DK towel : Absorbent, soft, comfortable, quick drying Yh antibacterial socks : Anti-odor, anti-bacterial, comfortable",,Exhibited in HKTDC Event(s) in recent years HKTDC Home Delights Expo 2026 HKTDC Home Delights Expo 2025,,,"DK towel,Yh antibacterial socks"
Leung So Kee Umbrella Factory,Hong Kong,,"Manufacturer, Retailer",,N/A,https://www.hktdc.com/event/homedelights/en/exhibitor/1S0065AZT?fairCode=homedelights&locale=en,,梁蘇記創立於 1885 年，我們一直堅持以人手製造及提供遮骨永久保養的售後服務。 我們亦可為客人提供訂造服務。,leungsokee.com,Exhibited in HKTDC Event(s) in recent years HKTDC Home Delights Expo 2026 HKTDC Home Delights Expo 2025,,,
Man Wah Trading Company,Hong Kong,,,,N/A,https://www.hktdc.com/event/homedelights/en/exhibitor/1S00650O0?fairCode=homedelights&locale=en,,"樟木油，樟木榕，香茅油，松焦油膏，蛋黃油，護髮水，通渠條, 足貼, 足部用品",,Exhibited in HKTDC Event(s) in recent years HKTDC Home Delights Expo 2026 HKTDC Home Delights Expo 2025,,,日常生活
Polarwafter,Hong Kong,,,,N/A,https://www.hktdc.com/event/homedelights/en/exhibitor/1S0064XUL?fairCode=homedelights&locale=en,,,,Exhibited in HKTDC Event(s) in recent years HKTDC Home Delights Expo 2026 HKTDC Home Delights Expo 2025,,,
Quooker Hong Kong Limited,Hong Kong,,"Manufacturer, Wholesaler","Water Purifier, Filtered Water Dispenser, Water Filter Machine",N/A,https://www.hktdc.com/event/homedelights/en/exhibitor/1S00649X0?fairCode=homedelights&locale=en,"The Quooker was the very first boiling-water tap in the world. Inventions like the high-vacuum insulated tank, the all-in-one taps Quooker Fusion and Flex and the series of black boiling-water taps brought about a revolution in the kitchen. Innovation 'around the sink' still continues every day. Quooker is well on its way to conquering the world. Since it was invented in 1970 by Henri Peteri, the boiling-water tap has become an indispensable tool in kitchens all over the world. Quooker in Ridderkerk, Holland, has more than 450 people working on new technical ideas and design solutions to make the taps even more efficient, even easier to use and even more attractive.","A Quooker system is pure convenience. It provides 100?C boiling, cold, chilled still and even chilled sparkling water directly from the tap and all filtered.",quooker.hk,Exhibited in HKTDC Event(s) in recent years HKTDC Home Delights Expo 2026 HKTDC Home Delights Expo 2025,,,
Riley Creative Company,Hong Kong,,,,N/A,https://www.hktdc.com/event/homedelights/en/exhibitor/1S0064XVI?fairCode=homedelights&locale=en,We are committed to incorporating coins from different countries into our designs to showcase diverse styles and unique regional characteristics.,,rileythejewellery.shoplineapp.com,Exhibited in HKTDC Event(s) in recent years HKTDC Home Delights Expo 2026 HKTDC Hong Kong Sports and Leisure Expo 2026 HKTDC Home Delights Expo 2025,,,Riley The Jewellery
Rise Sky International Industrial Limited,Hong Kong,,,,N/A,https://www.hktdc.com/event/homedelights/en/exhibitor/1S00649V6?fairCode=homedelights&locale=en,,,,,,,
Sell 2 World Company Limited,Hong Kong,,,,N/A,https://www.hktdc.com/event/homedelights/en/exhibitor/1S0064A82?fairCode=homedelights&locale=en,,,,,,,
Shiok Shop,Hong Kong,,,,N/A,https://www.hktdc.com/event/homedelights/en/exhibitor/1S0064XWF?fairCode=homedelights&locale=en,,"紓壓按鍵, 自家手作產品, 手工皂, 擴香石,驅蚊石。日本進口線香及法國進口香薰。",www.facebook.com/shiokshop,Exhibited in HKTDC Event(s) in recent years HKTDC Home Delights Expo 2026 HKTDC Home Delights Expo 2025,,,
Sunlike Fabric Company,Hong Kong,,,,N/A,https://www.hktdc.com/event/homedelights/en/exhibitor/1S0064XXC?fairCode=homedelights&locale=en,"專門搜羅各種時尚寵物及奴才飾品及用品, 為主子及奴才們帶來最新寵物款式潮流飾品, 確保品質優良,舒適,時尚","專門搜羅各種時尚寵物服裝同用品, 為主子們帶來最新寵物潮流, 確保品質優良, 舒適, 時尚. Stylish your pet with fashion and care.",,Exhibited in HKTDC Event(s) in recent years HKTDC Home Delights Expo 2026 HKTDC Hong Kong Book Fair 2026 HKTDC Home Delights Expo 2025,,,PET.TUNE
Sunrise Trading Co,Hong Kong,,,,N/A,https://www.hktdc.com/event/homedelights/en/exhibitor/1S00650PX?fairCode=homedelights&locale=en,,,,,,,
Suntronics Investment Limited,Hong Kong,,,,N/A,https://www.hktdc.com/event/homedelights/en/exhibitor/1S00649U9?fairCode=homedelights&locale=en,,,,,,,
Tinkyo Design Company Limited,Hong Kong,,,,N/A,https://www.hktdc.com/event/homedelights/en/exhibitor/1S0064A3H?fairCode=homedelights&locale=en,,,,,,,
Total Nutrition Center Ltd,Hong Kong,,,,N/A,https://www.hktdc.com/event/homedelights/en/exhibitor/1S00650SO?fairCode=homedelights&locale=en,,,,,,,
Trendy Trading (HK) Limited,Hong Kong,,,,N/A,https://www.hktdc.com/event/homedelights/en/exhibitor/1S00649YX?fairCode=homedelights&locale=en,,,,,,,
"White Pan and Wok Co., Limited",Hong Kong,,,,N/A,https://www.hktdc.com/event/homedelights/en/exhibitor/1S00653QR?fairCode=homedelights&locale=en,,,,,,,
Wing Yip International Limited,Hong Kong,,,,N/A,https://www.hktdc.com/event/homedelights/en/exhibitor/1S0064A0Q?fairCode=homedelights&locale=en,,,,,,,
iRecycle Charity Foundation Limited,Hong Kong,,,,N/A,https://www.hktdc.com/event/homedelights/en/exhibitor/1S0065CJ3?fairCode=homedelights&locale=en,,,,,,,
