company name,location,Company Background,Nature of Business,,Exhibit / Brand / Service Description,Brand Name,Company Website,HKTDC Events,supplier_url,exhibitor_url
Animation International Limited,Hong Kong,"Licensing agent for the IPs of Doraemon, Crayon Shinchan, Creamy Mami, Peko-Chan, San-X, etc. for Hong Kong, Mainland China, Taiwan, and other Asian terriotries.",Export Agent,,"Licensing agent for Doraemon, Crayon Shinchan, San-X, Peko-Chan, Creamy Mami, Anpanman, etc.","San-X,Crayon Shinchan,Doraemon",ail.com.hk,"Exhibited in HKTDC Event(s) in recent years Hong Kong International Licensing Show & Asian Licensing Conference 2026 HKTDC Hong Kong International Licensing Show 2025 Hong Kong International Licensing Show 2024 Hong Kong International Licensing Show 2023 Hong Kong International Licensing Show Online, Hong Kong HKTDC Hong Kong International Licensing Show 2020 HKTDC Hong Kong International Licensing Show 2019 HKTDC Hong Kong International Licensing Show 2018 Show More",https://sourcing.hktdc.com/en/Supplier-Store/Profile/Animation-International-Limited/1X07050L,https://www.hktdc.com/event/hklicensingshow/en/exhibitor/1S0060P32
Innovative Entrepreneur Association Company Limited,Hong Kong,,Professional Association,,/,,www.iea.org.hk,Exhibited in HKTDC Event(s) in recent years Hong Kong International Licensing Show & Asian Licensing Conference 2026 HKTDC Hong Kong Toys & Games Fair 2026 HKTDC Hong Kong International Licensing Show 2025 Hong Kong International Licensing Show 2024 Hong Kong International Licensing Show 2023 Hong Kong International Licensing Show 2022 HKTDC Hong Kong International Licensing Show 2020 HKTDC Entrepreneur Day 2017 Show More,https://sourcing.hktdc.com/en/Supplier-Store/Profile/Innovative-Entrepreneur-Association-Company-Limited/1S00NNH0J,https://www.hktdc.com/event/hklicensingshow/en/exhibitor/1S0061CT9
Bandai Namco Asia Company Limited,Hong Kong,"BANDAI NAMCO ASIA (BNA) is established in Hong Kong since 1977, as a regional headquarter in Asia for procurement, sales, importing and exporting of toys. We are also a local agent to handle above character license through Asia.",Chain Store,,"We own several famous Japan Ips, and hope to find partners to help to promote our IPs among Asia.","Taiko no Tatsujin,PAC-MAN,TEKKEN,GUNDAM,Tamagitchi",,Exhibited in HKTDC Event(s) in recent years Hong Kong International Licensing Show & Asian Licensing Conference 2026 HKTDC Hong Kong International Licensing Show 2025 Hong Kong International Licensing Show 2024,https://sourcing.hktdc.com/en/Supplier-Store/Profile/Bandai-Namco-Asia-Company-Limited/1X0AM5MZ,https://www.hktdc.com/event/hklicensingshow/en/exhibitor/1S0060OVR
Medialink Entertainment Limited,Hong Kong,,Others,,Medialink Group Limited (2230.hk) is a leading distributor of third-party owned media content headquartered in Hong Kong with presence in Asia. The Group has been engaging in the business of media content distribution and brand licensing businsess.,"CUPHEAD,emoji*,THE PHANTOM,Betty Boop,Robocar Poli,The Little Prince,FLASH GORDON,""The Little Prince"" The Film,HAGAR THE HORRIBLE,Gundam,Card Captor Sakura Clear Card,Bebefinn,Gintama,Popeye,Mr Men Little Miss,Sesame Street,My Hero Academia,THE CUPHEAD SHOW,Garfield,THE LITTLE PRINCE AND HIS FRIENDS",www.medialink.com.hk/en/home.aspx,"Exhibited in HKTDC Event(s) in recent years Hong Kong International Licensing Show & Asian Licensing Conference 2026 Hong Kong International Film & TV Market (FILMART), Hong Kong 2026 HKTDC Hong Kong International Licensing Show 2025 Hong Kong International Film & TV Market (FILMART), Hong Kong 2025 Hong Kong International Licensing Show 2024 Hong Kong International Film & TV Market (FILMART), Hong Kong Hong Kong International Film & TV Market (FILMART), Hong Kong HKTDC Hong Kong International Licensing Show 2012 Show More",https://sourcing.hktdc.com/en/Supplier-Store/Profile/Medialink-Entertainment-Limited/1X06YAIO,https://www.hktdc.com/event/hklicensingshow/en/exhibitor/1S0060OWO
QP (HK) Limited,Hong Kong,"Q P Group (stock code: 1412.HK) is a paper product manufacturing and printing services provider. Headquartered in Hong Kong, we now operate manufacturing bases in Dongguan and Heshan in Guangdong Province and Chau Son Ward in Ninh Binh Province, Vietnam, with an aggregate skilled workforce of over 3,000. We proudly offer a wide spectrum of paper products ranging from board games, card games, puzzles, greeting cards, educational items, trading cards to premium packaging. It is our dedication to excellence that has earned us the trust of our customers, including renowned local and international brands in a diverse range of industries. Moving with the times, we have also been actively developing our online business since 2010, offering various personalized paper products and gift items through our self-operated websites.","Manufacturer, Service Company, Others",,我們提供一站式紙製品生產方案，由產品開發，物料開發及採購，端到端生產，品質保證，檢驗以至物流。我們為客戶提供度身訂造產品工程服務，幫助客戶把產品意念轉化成商品。我們與客戶緊密合作，根據客戶的特定規格和成品要求，制定出全面而高效的生產方案，務求在產品結構及設計、功能、品質、耐用度、安全及生產成本上力臻完善。,,www.qpp.com/,Exhibited in HKTDC Event(s) in recent years Hong Kong International Licensing Show & Asian Licensing Conference 2026 HKTDC Hong Kong International Licensing Show 2025,https://sourcing.hktdc.com/en/Supplier-Store/Profile/QP-HK-Limited/1X008QR3,https://www.hktdc.com/event/hklicensingshow/en/exhibitor/1S0060TXG
Seoul Business Agency (SBA),"Korea, Republic Of",,"Government, Statutory Body",,"Seoul Business Agency(SBA) is a public organization under the Seoul Metropolitan Government supporting the global growth of Seoul-based content companies, showcasing promising Seoul content companies across all content sectors.",,spp.kr,Exhibited in HKTDC Event(s) in recent years Hong Kong International Licensing Show & Asian Licensing Conference 2026 HKTDC Hong Kong International Licensing Show 2025 HKTDC Hong Kong International Licensing Show 2020 HKTDC Hong Kong International Licensing Show 2019 HKTDC Hong Kong International Licensing Show 2017 HKTDC Hong Kong Electronics Fair (Autumn Edition) 2015,https://sourcing.hktdc.com/en/Supplier-Store/Profile/Seoul-Business-Agency-SBA-/1S00NK9V6,https://www.hktdc.com/event/hklicensingshow/en/exhibitor/1S00616W6
Adlib International Trading Limited,Hong Kong,"Founded in 2003, Adlib International Trading Limited is a Hong Kong company that holds, designs and produces local fashion brand ad-lib. Currently, ad-lib has a distribution network of more than 20 points of sale in Hong Kong, Macau and Taiwan. We also operate our online store to expand our business to the global market. In 2016, ad-lib launched a new Pjai sub-line, the original design was based on a cute real chai, Pjai had worked in ad-lib. as a public relations assistant. Pjai's images are used extensively in a range of unisex and children's clothing. One of our bestsellers so far - PJai Omamori, with Hong Kong style blessings, has attracted a lot of people. In 2018, Pjai ceased to be an impromptu store on the secondary line, but opened several Pjai Pop-up stores in local shopping malls such as Causeway Bay, Mong Kok, and Sha Tin, which further enhanced Pjai's popularity. With the cute appearance of real and cartoon Pjai, he began to get involved in licensing, cross-border and promotion projects with multiple brands. We believe that Pjai has some sort of mystical power that helps him win people's hearts. His trademark smile and laid-back demeanor always cheer us up and take us away from the hustle and bustle of life.",Chain Store,,We believe Pjai has some sort of enigmatic power that helps him win people hearts. His signature smile and laid-back character can always cheer people up and let us escape from all the worries in our hustle and lives.,PJai and Friends,www.adlibfashion.com/pjai,"Exhibited in HKTDC Event(s) in recent years Hong Kong International Licensing Show & Asian Licensing Conference 2026 HKTDC Hong Kong International Licensing Show 2025 Hong Kong International Licensing Show 2024 Hong Kong International Licensing Show 2023 HKTDC International Sourcing Show 2021 Hong Kong International Licensing Show Online, Hong Kong HKTDC Hong Kong International Licensing Show 2020 HKTDC Entrepreneur Day 2019 Show More",https://sourcing.hktdc.com/en/Supplier-Store/Profile/Adlib-International-Trading-Limited/1X07N839,https://www.hktdc.com/event/hklicensingshow/en/exhibitor/1S0060TKJ
AT Licensing & Merchandising Limited,Hong Kong,"Established in 1998, AT Licensing & Merchandising Limited is a full service Licensing Agency. Our scope of services include merchandise licensing, promotion licensing, retail promotion activities and premium sourcing for leading licensed properties. We are Tezuka Productions' Licensing Agent for Asia (excluding Japan and Korea) since 1998.",Others,,"Our scope of service include merchandise licensing, promotion licensing, retail promotion and premium sourcing.","Astro Boy,Black Jack,Jungle Emperor Leo,Princess Knight,The Three Eyed One,Tezuka Moderno,The Phoenix,Unico",www.atlicensing.com,Exhibited in HKTDC Event(s) in recent years Hong Kong International Licensing Show & Asian Licensing Conference 2026 HKTDC Hong Kong International Licensing Show 2025 Hong Kong International Licensing Show 2024 Hong Kong International Licensing Show 2023 HKTDC Hong Kong International Licensing Show 2020 HKTDC Hong Kong International Licensing Show 2019 HKTDC Hong Kong International Licensing Show 2018 HKTDC Hong Kong International Licensing Show 2017 Show More,https://sourcing.hktdc.com/en/Supplier-Store/Profile/AT-LICENSING-MERCHANDISING-LTD/1X04IM24,https://www.hktdc.com/event/hklicensingshow/en/exhibitor/1S0060TBA
Enchanted Forest Limited,Hong Kong,Enchanted Forst Limited is a company that promotes the original brand “I am SIMBA” and provides licensing services,,,毛孩是人類最好的朋友，我們以家庭成員柴犬Simba及三色貓Mochi為藍本，再為它們創造了三位性格鮮明的朋友：羊駝Lamee、兔子Punch及樹懶Luke。 儘管他們屬於不同物種，但它們之間卻有著鞏固的友誼，表現了「無界限的愛與友誼」。,"I am SIMBA,羊駝Lamee,兔子Punch,樹懶Luke,柴犬Simba",,Exhibited in HKTDC Event(s) in recent years Hong Kong International Licensing Show & Asian Licensing Conference 2026 HKTDC Hong Kong International Licensing Show 2025 Hong Kong International Licensing Show 2024,https://sourcing.hktdc.com/en/Supplier-Store/Profile/Enchanted-Forest-Limited/1S00OLXWF,https://www.hktdc.com/event/hklicensingshow/en/exhibitor/1S0061CFF
Fun Way Brands Limited,Hong Kong,"We are the licensing agent and representative of popular IPs from global market. Our branch offices are located in HKSAR and Chinese mainland. On behalf of licensors, our professional and experienced team have been engaged in management of licensing brands and licensing business across Hong Kong, Macau and Chinese mainland. We continued to launch some successful licensing programs in local markets, which have received positive market responses and created noises in the markets.",Service Company,,"Representing each licensor, we are targeting to develop and explore licensing business for well-known characters from Japan and other territories. They are popular characters with wide variety of products or characters active in social media.","Tsuburana Hitomino,Mochi Mochi Panda,Dayan the Cat (Wachifield),Vegemaru,Negiusagi,Wolfkun,Let's go Sadayuki!,Warbie Yama,Usagyuuun (Chinese mainland)",,Exhibited in HKTDC Event(s) in recent years Hong Kong International Licensing Show & Asian Licensing Conference 2026 HKTDC Hong Kong International Licensing Show 2025 Hong Kong International Licensing Show 2024,https://sourcing.hktdc.com/en/Supplier-Store/Profile/Fun-Way-Brands-Limited/1S00OKYC2,https://www.hktdc.com/event/hklicensingshow/en/exhibitor/1S0060TGV
"Mighty Brands Co., Limited",Hong Kong,"Mighty Media was established in 1999, our mission is Vision Of Internationalization & localization considerations. Mighty handling various famous Japanese IP, such as Naruto Shippuden, Sirotan, Detective Conan, Anpanman (Taiwan only). To be the best licensing agent, Mighty continuous explore more Japanese IP for our valuable client.",,,Detective Conan / Sirotan / Naruto Shippuden / Anpanman (Taiwan Market only),"Sirotan,FREE,Death Note,Anpanman,Naruto Shippuden,Keroro,Detective Conan,Pokemon",mightymedia.com.tw,"Exhibited in HKTDC Event(s) in recent years Hong Kong International Licensing Show & Asian Licensing Conference 2026 HKTDC Hong Kong International Licensing Show 2025 Hong Kong International Licensing Show 2024 Hong Kong International Film & TV Market (FILMART), Hong Kong Hong Kong International Licensing Show 2023 Hong Kong International Film & TV Market (FILMART), Hong Kong HKTDC Hong Kong International Film & TV Market (FILMART) 2020 HKTDC Hong Kong International Licensing Show 2020 Show More",https://sourcing.hktdc.com/en/Supplier-Store/Profile/Mighty-Brand-Company-Limited/1X09BWHV,https://www.hktdc.com/event/hklicensingshow/en/exhibitor/1S0060TIP
PPW Sports & Entertainment (HK) Limited,Hong Kong,"PPW is a leading global promotional marketing agency, offering strategic marketing & consultation services, licensing know-hows, new media, e-commerce, animation creation, product concept and design, premiums sourcing and supply and retail management. A fully-integrated marketing services agency, PPW offers a one-stop promotional services centre for its clients to help them achieve their sales and marketing objectives, deliver custom-tailored programs to its clients to help them reach their target audiences anywhere in the world.",Service Company,,"Licensing of Cath Kidston , University of Cambridge, Akiba, Lisa Larson , Bunni Konbiny , Hey Duggies, Outdoor, Terminator, Rambo","Akiba,Brandalised,FC Barcelona,Natural History Museum,Bunni Konbiny ,The Fixies,The Beatles,OUTDOOR PRODUCTS,Manchester City FC,EXPO 2025,Lisa Larson ,Terminator,Inter Milan,Hey Duggee,Ryan's Mystery Playdate,kippis,Ed Stafford,Rambo,University of Cambridge,Cath Kidston",,"Exhibited in HKTDC Event(s) in recent years Hong Kong International Licensing Show & Asian Licensing Conference 2026 HKTDC Hong Kong International Licensing Show 2025 Hong Kong International Licensing Show 2024 Hong Kong International Licensing Show 2023 China International Import Expo, Shanghai - Service Promotion China International Import Expo, Shanghai - Service Promotion HKTDC Hong Kong International Licensing Show 2020 HKTDC Hong Kong International Licensing Show 2019 Show More",https://sourcing.hktdc.com/en/Supplier-Store/Profile/PPW-Sports-Entertainment-HK-Ltd/1X072R1Q,https://www.hktdc.com/event/hklicensingshow/en/exhibitor/1S0060TFY
Rights & Brands Asia Limited,Hong Kong,"Rights & Brands Asia (RBA) is a professional licensing agency headquartered in Hong Kong. With our professional licensing knowledge and developed global business network, we are committed to building brand exposure for our represented IPs through licensing programs across Asia. The company is a joint venture between R&B Holding Asia AB, PPW Sports & Entertainment (HK) Ltd. and ITOCHU Corporation. With the strong networks of our shareholders, we expect to bring more exciting new brands to our portfolio.",Others,,我司是瑞典的納維亞授權和文學代理公司 Rights & Brands、芬蘭智慧財產權所有者 Moomin Characters、香港授權代理 PPW 和日本最大的綜合貿易公司之一伊藤忠商事的合資企業。 憑藉強大的股東網絡，我們希望為我們的投資組合帶來更多令消費者興奮的新品牌。,"Moomin 姆明,Opanchu Usagi,SHO-CHAN 燦子,Little Corgi Cuties,NIJISANJI,Stig Lindberg,Spoiled Rabbit,Npochamu,Pop Team Epic",rightsandbrands.com/asia,Exhibited in HKTDC Event(s) in recent years Hong Kong International Licensing Show & Asian Licensing Conference 2026 HKTDC Hong Kong International Licensing Show 2025 Hong Kong International Licensing Show 2024,https://sourcing.hktdc.com/en/Supplier-Store/Profile/Rights-Brands-Asia-Ltd/1S00OKPVQ,https://www.hktdc.com/event/hklicensingshow/en/exhibitor/1S0060TYD
Shibainc Limited,Hong Kong,"SHIBAINC is a Hong Kong cartoon character co-authored by Wing and DC since 2013. SHIBAINC characters would be loved because of their lovely cartoon character as they are distributing a happy and positive characteristic. In the past 12 years, SHIBAINC has cooperated with many major local and international brands, licensed product category such as, consumer goods, personal care products, household products, events, advertise, food & beverage project, comic book publishing, apparel and fashion, luggage, HK government project and charity organisation project, etc were widely available and recognised by the market","Retailer, Wholesaler, Private Individual",,.,"SHIBAINC 柴犬工房,SHIBAINC CAFE",www.shibainc.com,"Exhibited in HKTDC Event(s) in recent years Hong Kong International Licensing Show & Asian Licensing Conference 2026 HKTDC Hong Kong International Licensing Show 2025 Hong Kong International Licensing Show 2024 Hong Kong International Licensing Show 2023 Hong Kong International Licensing Show Online, Hong Kong HKTDC Hong Kong International Licensing Show 2020 HKTDC Hong Kong International Licensing Show 2019 HKTDC Hong Kong International Licensing Show 2018 Show More",https://sourcing.hktdc.com/en/Supplier-Store/Profile/SHIBAINC-LIMITED/1X09CBGN,https://www.hktdc.com/event/hklicensingshow/en/exhibitor/1S0060TAD
Arwama Company Limited,Thailand,"Arwama Co., Ltd. has developed and licensed 'Warbie Yama', a unique character brand from an award-winning animated short film. Warbie, an adorable cheeky bird, always bring smile and warm-hearted story to fans around the globe. Warbie successfully held its Grand Warbie exhibition : The inside world of Warbie Yama. Year 2024 - 2025, Warbie Yama has collaborated with the renowned Hyatt Regency Hotel to launch the Warbie-themed room and an exclusive afternoon tea experience, an ongoing project that promises to delight fans and guests alike.","Exporter, Wholesaler, Distributor, Retailer",,"Warbie Yama, character IP from an award-winning animation and character of the year award. Best selling 'Warbie Yama' original merchandise including plushy, apparel, jewelry and more.","Jammam,Cupid Q,Warbie Yama",www.warbieyama.com,"Exhibited in HKTDC Event(s) in recent years Hong Kong International Licensing Show & Asian Licensing Conference 2026 HKTDC Hong Kong International Licensing Show 2025 Hong Kong International Licensing Show 2024 Hong Kong International Licensing Show 2023 Hong Kong International Licensing Show Online, Hong Kong HKTDC Hong Kong International Licensing Show 2019",https://sourcing.hktdc.com/en/Supplier-Store/Profile/Arwama-Company-Limited/1S00NQMG2,https://www.hktdc.com/event/hklicensingshow/en/exhibitor/1S0060OZF
"Gravity Co., Ltd.","Korea, Republic Of","Gravity is a premier global game developer and publisher, home to the iconic Ragnarok IP. Launched in 2002, the Ragnarok Online franchise is a cornerstone of global MMORPG history, boasting over 120 million cumulative accounts worldwide. The IP continues its success with top-ranking mobile titles like Ragnarok Origin and Ragnarok X, dominating major markets in Southeast Asia.",Service Company,,Ragnarok: A legendary MMORPG IP (120M+ users). Proven global brand equity and massive fanbase ready for expansion.,"Ragnarok Online,Ragnarok Monsters,Ragnarok Monsters Deviling & Devilurchi",www.gravity.co.kr/en,Exhibited in HKTDC Event(s) in recent years Hong Kong International Licensing Show & Asian Licensing Conference 2026 HKTDC Hong Kong International Licensing Show 2025 Hong Kong International Licensing Show 2024 Hong Kong International Licensing Show 2023,https://sourcing.hktdc.com/en/Supplier-Store/Profile/Gravity-Co-Ltd/1S00O7L50,https://www.hktdc.com/event/hklicensingshow/en/exhibitor/1S0060TE1
Amaz Company Ltd,Hong Kong,"Amaz Co. Ltd is a professional event management company, which provides one-stop-service from concept development, venue selection, design and production to rundown arrangement and on-site execution. We excel in providing and organizing first class design, production, advertisement, events or fairs, and specialized in exhibition inland and abroad. We are an energetic and growing company, strives to offer professional quality and creative design elements on every aspect of our projects. We are committed to transform your ideas into practical events and exhibitions; in building customer satisfaction and providing high quality and expertise in the area. Our dedication and commitment to the best in project management ensure high quality event planning and many other business services, we build long-term relationships with our clients and share their dreams and passions in order to expand their business.","Export Agent, Exporter, Retailer, Importer, Others, Distributor, Import Agent, Wholesaler",,"We excel in providing and organizing first class design, production, advertisement, events or fairs, and specialized in exhibition inland and abroad.","Amazing Toy Show,Amaz by Lokianno",www.facebook.com/profile.php?id=100064321112630,Exhibited in HKTDC Event(s) in recent years Hong Kong International Licensing Show & Asian Licensing Conference 2026 HKTDC Hong Kong International Licensing Show 2025,https://sourcing.hktdc.com/en/Supplier-Store/Profile/Amaz-Co-Ltd/1X06JNPE,https://www.hktdc.com/event/hklicensingshow/en/exhibitor/1S0061CSC
Artox Group Limited,Hong Kong,"ARTOX GROUP is a service provider in the field of art consumer upgrade. We are committed to maximizing the value of art through our expertise, channel flow and superior resources, and we are constantly upgrading our business art system methodology to integrate more resources from different industries and promote social innovation through business upgrading. ARTOX GROUP's brands include the internationally renowned art platform APPortfolio, which focuses on producing and showcasing high-quality limited edition artworks in collaboration with numerous internationally recognized brands and famous artists. Stands as the core of contemporary and street art. APOL Gallery is providing audiences with a diverse, edgy, and borderless art experience through its innovative perspectives and cross-collaboration approach. With a longstanding partnership with Disney, they specialize in IP incubation and cross-branding through their innovative APP+ platform. The group also holds ownership of several other lifestyle brands with an aesthetic focus on art.",Others,,"Takuma FUJISAKI is a renowned artist for his creative and innovative use of pipe cleaners in his artwork. He has crafted an extensive lineup of imaginative characters, such as Mogol Alien, Mutant, Monsters, and Knights","Takuma FUJISAKI,XIETU,ARTOX x Steiff",,Exhibited in HKTDC Event(s) in recent years Hong Kong International Licensing Show & Asian Licensing Conference 2026 HKTDC Hong Kong International Licensing Show 2025 HKTDC Hong Kong Gifts & Premium Fair 2025,https://sourcing.hktdc.com/en/Supplier-Store/Profile/ARTOX-GROUP-LIMITED/1S00OXWC4,https://www.hktdc.com/event/hklicensingshow/en/exhibitor/1S0060U06
Chill Top Production,Hong Kong,"Hong Kong-based production company, with its own original cultural and creative products. In addition to making full use of Hong Kong's intangible cultural heritage, our company nurtures local Hong Kong designers, collaborating with them in creating and producing works that blend modernity, culture, and art, injecting new vitality into the original gift industry in Hong Kong.",,,超嘜可以授權Ip 於不同的禮品上，如水杯/T shirt/ 文具/ 除了超嘜主角外，我們都有其餘六位不同的動物IP,超嘜唧唧兵,https://www.chilltopmall.store/,Exhibited in HKTDC Event(s) in recent years Hong Kong International Licensing Show & Asian Licensing Conference 2026 HKTDC Hong Kong International Licensing Show 2025,https://sourcing.hktdc.com/en/Supplier-Store/Profile/Chill-Top-Mall/1S00OZH61,https://www.hktdc.com/event/hklicensingshow/en/exhibitor/1S0061CQI
Chuliang Technology (HK) Limited,Hong Kong,"PARTYDAY Sportainment Centre is a new urban sport & entertainment (sportainment) hybrid that integrates sports, entertainment, and technology, dedicated to redefining urban leisure lifestyles and fostering a sense of belonging. Currently, PARTYDAY has established and operates seven venues across five cities-Xi'an, Shenzhen, Hangzhou, Wuhan, and Shanghai. Each venue spans between 5000 and 15000 square meters, serving over 1 million customers in total. PARTYDAY is rapidly emerging as one of China's most dynamic new commercial sportainment brands. As the R&D company behind PARTYDAY, Chuliang Technology (HK) Limited is an ecosystem innovator at the convergence of cutting-edge technology and experiential entertainment. We specialise in developing mlti-dimensional entertainment platforms anchored by IP-driven indoor immersive sportainment centres, driving the future of phygital(physical+digital) entertainment experiences. Leveraging proprietary R&D capabilities, we integrate four core pillars-VR/AR/XR immersive content, smart hardware development, social digital sports, and IP operations-to deliver end-to-end ""Technology+Scenario+Content"" solutions.",Chain Store,,"PARTYDAY is not merely a physical park operator but a digital sports and entertainment platform that amalgamates creative content, interactive technology, IP, and user community. Currently,PARTYDAY owns four proprietary IP figurs-PONDA PONDA.","PARTYDAY,PONDA PONDA",www.partydaysport.com/en/,Exhibited in HKTDC Event(s) in recent years Hong Kong International Licensing Show & Asian Licensing Conference 2026 HKTDC Hong Kong Electronics Fair 2025 (Autumn Edition),https://sourcing.hktdc.com/en/Supplier-Store/Profile/CHULIANG-TECHNOLOGY-HK-LIMITED/1S00P6NIV,https://www.hktdc.com/event/hklicensingshow/en/exhibitor/1S0060U4U
Gimans Care Limited,Hong Kong,"Gimans Care Limited, based in Hong Kong, is a brand licensing agent specializing in both local and Japanese characters and brands. The company has its own original intellectual property (IP).",Manufacturer,,Merchandise licensing and event collaboration,"Angie La Coquette,Yeah Yeah Cat",,Exhibited in HKTDC Event(s) in recent years Hong Kong International Licensing Show & Asian Licensing Conference 2026 HKTDC Hong Kong Toys & Games Fair 2026 HKTDC Hong Kong International Licensing Show 2025 HKTDC Hong Kong Gifts & Premium Fair 2024,https://sourcing.hktdc.com/en/Supplier-Store/Profile/Gimans-Care-Limited/1S00OP92L,https://www.hktdc.com/event/hklicensingshow/en/exhibitor/1S0060TJM
Hola Studio,Hong Kong,"hohohola is a Hong Kong illustration brand that captures small joys from daily life. In 2020, we created Beary, a cheerful and positive bear, to bring comfort and warmth to busy lives. Our work includes products, brand collaborations, and commercial projects. We aim to share Beary story and spread his warmth worldwide. hohohola, bringing a little warmth to your everyday.",Others,,"We sell paper products such as poster and stickers, and accessories like keychains and bags.We also provide design services for clients, using the ""Beary"" style. Our past clients include The Community Chest of Hong Kong, Pok Oi Hospital, and Reckitt.",hohohola,hohohola.com,Exhibited in HKTDC Event(s) in recent years Hong Kong International Licensing Show & Asian Licensing Conference 2026 HKTDC Hong Kong International Licensing Show 2025,https://sourcing.hktdc.com/en/Supplier-Store/Profile/Hola-Studio/1S00OYNNG,https://www.hktdc.com/event/hklicensingshow/en/exhibitor/1S0060T9G
I-Licensing Asia Limited,Hong Kong,"Established in 2017, I-Licensing has been providing brand & character licensing / marketing / franchise / consulting service in the IP industry throughout Asia markets. Our mission is to be the best brand management and IP licensing agency by providing all-rounded services - extensive network in Asia markets, comprehensive business solutions, wide variety of sourcing support, strategic marketing planning & e-commerce solutions.",Others,,"I-Licensing represents the brand CoComelon, Blippi, Sonic the Hedgehog, Fuwafuwa and Crayola.","Blippi,Sonic The Hedgehog,Fuwfuwa,Crayola,CoComelon",https://www.i-licensing.cn/,Exhibited in HKTDC Event(s) in recent years Hong Kong International Licensing Show & Asian Licensing Conference 2026 HKTDC Hong Kong International Licensing Show 2025 Hong Kong International Licensing Show 2024,https://sourcing.hktdc.com/en/Supplier-Store/Profile/I-Licensing-Asia-Limited/1S00OJNR4,https://www.hktdc.com/event/hklicensingshow/en/exhibitor/1S0060TSV
Peg Bar Limited,Hong Kong,PEG BAR LIMITED 是一個製作及營運角色形象和故事內容（IP）的企業，透過製作角色和故事，結合傳訊，創作繪本、漫畫、動畫及各衍生產品，以創意的方式帶給客戶新的體驗。同時替不同機構度身設計代表他們的形象角色(IP)，提升企業形象。我們圍繞 IP 及故事，營運衍生產品及開發 IP 產業鏈服務， 內容及產品雙向輸出發展。2021 年參加青年發展基金舉辦的粵港澳大灣區青年創業資助計劃比賽，並從 300 創業團隊中勝出，得到 3 年計劃資助，也曾獲邀到政府總部分享創業經驗。另於 2024 年入選「香港設計‧授權支援計劃」。公司負責的項目於 2025 年曾獲香港社會服務聯會的「至善獎」白金獎。,,,"雜魚起動是純原創，主要是一班看起來不起眼的雜魚角色做主，雖是雜魚，也坦言承認自己的平庸，但堅持著總有爆發閃光的一刻。項目想從自嘲中帶出堅忍的心，以幽默化解無助。以另類角度對抗 ""躺平"" 潮流。我們有的是一雙充滿鬥志的死魚眼！",雜魚起動 (Rough Fish Rock),,"Exhibited in HKTDC Event(s) in recent years Hong Kong International Licensing Show & Asian Licensing Conference 2026 HKTDC Hong Kong International Licensing Show 2025 Entrepreneur Day 2023, Hong Kong",https://sourcing.hktdc.com/en/Supplier-Store/Profile/PEG-BAR-LIMITED/1S00OJ5BY,https://www.hktdc.com/event/hklicensingshow/en/exhibitor/1S0061D0N
Planet Production House Limited,Hong Kong,"We specialize in delivering a one-stop solution for perfecting concept presentation through high-quality video production, dedicated to promoting local culture and arts. Our services include video voiceover and subtitle production, ensuring that our works are presented authentically in multiple languages. Established in 2023, we launched our IP brand ""Bobo with friends,"" introducing content production and our own channel. We manage our IP and expand into cultural products, toys, and apparel, aiming to penetrate markets beyond Hong Kong.",,,"A loving and positive Josephine puppy, KAM Bo Bo, together with his family members BAI Mo Mo and others, are designed with the concept of ""love"" in the hope of bringing more love to the world and healing people's hearts.","Bobo with friends 聲球小夥伴,Bobo．D．Planet (聲球小夥伴)",www.planetproductionhouse.com,Exhibited in HKTDC Event(s) in recent years Hong Kong International Licensing Show & Asian Licensing Conference 2026 HKTDC Hong Kong Toys & Games Fair 2026 HKTDC Hong Kong International Licensing Show 2025 Hong Kong International Licensing Show 2024,https://sourcing.hktdc.com/en/Supplier-Store/Profile/PLANET-PRODUCTION-HOUSE-LIMITED/1S00ONUIO,https://www.hktdc.com/event/hklicensingshow/en/exhibitor/1S0061CMU
Postgal Workshop,Hong Kong,,Wholesaler,,"Collection of home grown popular IP: Din Dong, Jentlecat, Granny Wu and Sockie Rabbit, with over 300K fans online",din-Dong,http://www.din-dong.net/,Exhibited in HKTDC Event(s) in recent years Hong Kong International Licensing Show & Asian Licensing Conference 2026 HKTDC Hong Kong International Licensing Show 2025 Hong Kong International Licensing Show 2024 Hong Kong International Licensing Show 2023 HKTDC Hong Kong International Licensing Show 2020 HKTDC Hong Kong International Licensing Show 2019 HKTDC Hong Kong International Licensing Show 2018 HKTDC Hong Kong International Licensing Show 2017 Show More,https://sourcing.hktdc.com/en/Supplier-Store/Profile/Postgal-Workshop/1X07O63F,https://www.hktdc.com/event/hklicensingshow/en/exhibitor/1S0060TZA
Studio Invitro,Hong Kong,"Studio Invitro, a Hong Kong-based design unit, specializes in creating compelling branding and graphics that resonate with audiences. We focus on extracting the essence of each client's story and philosophy, transforming it into impactful visual narratives. With a belief that design transcends aesthetic, we listen intently to clients' stories, identify key elements, and craft these insights into simple yet profound graphics, ensuring the core message is not only seen but felt. After all, Design is not only about the artistic appearance but also about delivering the message.",Service Company,,"Pomme is a designer brand inspired by a playful, fluffy mascot turned human kid. We create charming products, fashion, accessories, and collectibles, celebrating joy, creativity, and individuality. Pomme brings magic and cuteness to everyday life!","Pomme,Latte,Rocco",www.pommecollection.com,Exhibited in HKTDC Event(s) in recent years Hong Kong International Licensing Show & Asian Licensing Conference 2026 HKTDC Hong Kong International Licensing Show 2025 Hong Kong International Licensing Show 2024 HKTDC Hong Kong Houseware Fair 2014 HKTDC Hong Kong Houseware Fair 2012 Better Living Expo - Hobbies and Learning 2011 HKTDC Hong Kong Houseware Fair 2011,https://sourcing.hktdc.com/en/Supplier-Store/Profile/Studio-Invitro/1X06GPFI,https://www.hktdc.com/event/hklicensingshow/en/exhibitor/1S0060THS
Toyzeroplus Limited,Hong Kong,"Founded in 2014, TOYZEROPLUS is a toy company that mainly produces high-quality collectible toys and is involved in licensing with presence in Mainland China, Hong Kong, Macau, Taiwan and South East Asia.","Wholesaler, Distributor, Manufacturer, Retailer",,Collectible Toys & Character License Products,"Banggri,Esther Bunny,LuLu the Piggy",toyzeroplus.com,Exhibited in HKTDC Event(s) in recent years Hong Kong International Licensing Show & Asian Licensing Conference 2026 HKTDC Hong Kong International Licensing Show 2025 Hong Kong International Licensing Show 2024 Hong Kong International Licensing Show 2023,https://sourcing.hktdc.com/en/Supplier-Store/Profile/Toyzeroplus/1S00O7AYW,https://www.hktdc.com/event/hklicensingshow/en/exhibitor/1S0060TC7
Yogurt Studio Ltd.,Hong Kong,"Yogurt Studio is the brand founded by Helen Tam, with main IPs including the KingyoNeko and Cafe de Bollo. Additionally, we actively continue creating adorable and quirky fashion toys to soothe people's souls, aspiring to fulfill Helen's personal worldview that ""everything can be cute.""","Others, Service Company",,Cafe de Bollo是一個圍繞著在茶餐廳工作的菠蘿油妹妹，能夠制作好飲的奶茶和美味的面包，吸引許多鄰居前來享受的故事。 KowaTora膽小虎是一隻極其膽小的貓，為了建立自信，他決定過起老虎般的生活，並對外自稱『小虎』。,"Cafedebollo,金魚貓 Kingyoneko",www.yogurt.com.hk,"Exhibited in HKTDC Event(s) in recent years Hong Kong International Licensing Show & Asian Licensing Conference 2026 HKTDC Hong Kong International Licensing Show 2025 Hong Kong International Licensing Show 2024 Hong Kong International Licensing Show 2023 Hong Kong International Licensing Show Online, Hong Kong HKTDC Hong Kong International Licensing Show 2019 HKTDC Hong Kong International Licensing Show 2018 HKTDC Entrepreneur Day 2017 Show More",https://sourcing.hktdc.com/en/Supplier-Store/Profile/Yogurt-Studio-Ltd-/1X08VASE,https://www.hktdc.com/event/hklicensingshow/en/exhibitor/1S0060TLG
"2Spot Communications Co., Ltd",Thailand,"2SPOT Communication is founded in 2004 as a full-service character design and licensing studio. We focus on teens and young adults markets, to create visually unique character styles and likeness. As of 2010, we have developed more than 20 characters sets, 1,000+ products, and 3,000+ digital contents, all available for immediate licensing.",Retailer,,IP Character : Bloody Bunny And Friends,,https://www.2spotstudio.com/,"Exhibited in HKTDC Event(s) in recent years Hong Kong International Licensing Show & Asian Licensing Conference 2026 HKTDC Hong Kong International Licensing Show 2025 Hong Kong International Licensing Show 2023 Hong Kong International Licensing Show Online, Hong Kong HKTDC Hong Kong International Licensing Show 2020 HKTDC Hong Kong International Licensing Show 2019 HKTDC Hong Kong International Licensing Show 2018 HKTDC Hong Kong International Licensing Show 2017 Show More",https://sourcing.hktdc.com/en/Supplier-Store/Profile/2Spot-Communications-Co-Ltd-/1X00MN30,https://www.hktdc.com/event/hklicensingshow/en/exhibitor/1S0060OUU
Aniplex Inc.,Japan,"Aniplex Inc. is a diversified entertainment company handling an extensive range of businesses worldwide, primarily focusing on Japanese animation. The company develops a multitude of businesses with a primary focus on the planning and production of anime-related IPs, alongside conducting videogame planning and development, releasing video package products, producing and distributing theatrical films, television program licensing, merchandise licensing, the production and sales of merchandise and figurines, e-commerce shop ANIPLEX+ operation, and live event and stage performance production. Aniplex has full ownership of its subsidiary animation production companies A-1 Pictures Inc. and CloverWorks Inc.. As well as the game production company Lasengle Inc., which mainly focuses on planning, development, and operations on game titles such as Fate/Grand Order. In addition, the firm actively pursues business opportunities and development for overseas markets via Crunchyroll, a DTC (Direct to Consumer) anime streaming service, Aniplex of America Inc., a US-based distribution company that focuses on English-speaking regions, and North and South American markets, and Aniplex (Shanghai) Ltd., which focuses on licensing, product development, and IP development for anime in China.",Others,,"Many of our animated titles have merchandising rights available for licensing. If you’re interested, please come by our booth to discuss further.","Puella Magi Madoka Magica the Movie,Daemons of the Shadow Realm,Fullmetal Alchemist: Brotherhood,Bocchi the Rock!,""Demon Slayer: Kimetsu no Yaiba Infinity Castle,Palworld",www.aniplex.co.jp,"Exhibited in HKTDC Event(s) in recent years Hong Kong International Licensing Show & Asian Licensing Conference 2026 HKTDC Hong Kong International Licensing Show 2025 Hong Kong International Film & TV Market (FILMART), Hong Kong 2025 HKTDC Hong Kong International Licensing Show 2019",https://sourcing.hktdc.com/en/Supplier-Store/Profile/Aniplex-Inc/1S00NQP0B,https://www.hktdc.com/event/hklicensingshow/en/exhibitor/1S0060TMD
Kai3 publishing limited partnership,Thailand,Kai3 Studio was founded on 2010. We produce comic books and products from our own characters. We are artists from Thailand who create Switch Panda character and Gachabadcats Project We designed the characters to be simple but with ideas that people will remember,Retailer,,Switch Panda is project Character develop from Pandism universe. Panda who got power from panda god. The power make it can switch to everything,"Gachabadcats,Switch panda",www.kai3online.com,Exhibited in HKTDC Event(s) in recent years Hong Kong International Licensing Show & Asian Licensing Conference 2026 HKTDC Hong Kong International Licensing Show 2025 Hong Kong International Licensing Show 2024 Hong Kong International Licensing Show 2023,https://sourcing.hktdc.com/en/Supplier-Store/Profile/Kai3-publishing-limited-partnership/1S00OO4HH,https://www.hktdc.com/event/hklicensingshow/en/exhibitor/1S0060P4Z
"Mimi worldwild Co.,Ltd",Thailand,"Mimi is a teenage character with a strong sense of individuality playful, a little cheeky, and kind, often unsmiled but warm and approachable. She represents authenticity and emotional honesty that resonates across cultures. Mimi Worldwild Co., Ltd., established in 2018, is the copyright owner of the character Mimi and provides licensing services for product manufacturing and digital content creation. We are seeking a creative collaboration to develop Mimi through shared storytelling and applications across lifestyle, gift, and selected fashion categories, with the aim of expanding Mimi as a globally relevant character brand for diverse ages and genders.","Manufacturer, Chain Store, Retailer, Mail Order Co., Distributor, Exporter, Export Agent, Importer, Import Agent, Wholesaler",,"Character licensing and merchandising:MIMI Blind Box,MIMIxPhyathai Hospital,MIMI Food Stop,MIMI x VGI designed a colorful BTS Skytrain wrap. And Seeking licensing agents, publishers, distributors Finding strategic partners to expand internationally",mimi,www.mimiworldwild.com,"Exhibited in HKTDC Event(s) in recent years Hong Kong International Licensing Show & Asian Licensing Conference 2026 HKTDC Hong Kong International Licensing Show 2025 Hong Kong International Licensing Show 2023 Hong Kong International Licensing Show Online, Hong Kong",https://sourcing.hktdc.com/en/Supplier-Store/Profile/Mimi-worldwild-Co-Ltd/1S00NVEMS,https://www.hktdc.com/event/hklicensingshow/en/exhibitor/1S0060OYI
Sweet Summer Company Limited,Thailand,"Established in 2013, we aim to cheer up and bring out smiles from people through our characters stories on quality products. We started out from stationery products because it is what we are most passionate about. Sweet Summer currently distributes products through more than 100 gift shops and stationery stores in Thailand.","Distributor, Service Company",,"Little Amiko is a friends group with distinctive harmony; Emily (rabbit), Cathy (cat), Ben (dog), Sky (fying squirrel) and Sam (hedgehog). Even having their own interest and personality, they have developed irreplaceable friendship.","Cat Company,Little Amiko,Majory,Jessie Frog",sweet-summer.com,"Exhibited in HKTDC Event(s) in recent years Hong Kong International Licensing Show & Asian Licensing Conference 2026 HKTDC Hong Kong International Licensing Show 2025 Hong Kong International Licensing Show 2024 Hong Kong International Licensing Show 2023 Hong Kong International Licensing Show Online, Hong Kong HKTDC Hong Kong International Licensing Show 2020 HKTDC Hong Kong International Licensing Show 2019 HKTDC Hong Kong International Licensing Show 2018 Show More",https://sourcing.hktdc.com/en/Supplier-Store/Profile/Sweet-Summer-Company-Limited/1X09XKKS,https://www.hktdc.com/event/hklicensingshow/en/exhibitor/1S0060OS0
"The Happy Fruit Farm Co., Ltd.",Thailand,"We believe that ""good health"" is the greatest gift we can have in life, back in the year 2004. a group of friends came together with a shared belief: how we live every day shapes the quality of our lives. With that in mind, we set out to create something fun--something that not only promotes good health, but also spreads kindness and positivity. And so, The Happy Fun Farm was born!","Service Company, Retailer, Shopping Mall, Distributor, Chain Store",,Art Licencing and Design Service,"The Happy Fun Farm,Foo Fong",www.thehappyfruitfarm.com,Exhibited in HKTDC Event(s) in recent years Hong Kong International Licensing Show & Asian Licensing Conference 2026 HKTDC Hong Kong International Licensing Show 2025,https://sourcing.hktdc.com/en/Supplier-Store/Profile/The-Happy-Fruit-Farm-Co-Ltd-/1S00P0D4B,https://www.hktdc.com/event/hklicensingshow/en/exhibitor/1S0060P8N
"X10 Studio Co., Ltd.",Thailand,"X10studio is a creative company specializing in intellectual property (IP) licensing and co-production services for animation and Character Design. We operate in tree main areas: IP Licensing, where we manage and license original properties such as Cheesy Duck, Cocofox, and Kadai, ensuring brand consistency through dedicated Style Guides. The second area is Animation & Pre-Production, X10studio provides solutions for businesses looking to bring unique characters and stories to life.","Import Agent, Wholesaler, Service Company",,"Animation & Pre-Production We collaborate with partners to develop high-quality content across multiple formats, including: 2D Animation,3D Animation,Character design Development","Cheesy Duck,Cocofox,Kadai",www.x10studio.net,Exhibited in HKTDC Event(s) in recent years Hong Kong International Licensing Show & Asian Licensing Conference 2026 HKTDC Hong Kong International Licensing Show 2025,https://sourcing.hktdc.com/en/Supplier-Store/Profile/X10-Studio-Co-Ltd-/1S00P0IDF,https://www.hktdc.com/event/hklicensingshow/en/exhibitor/1S0060P9K
"Xiamen Mengli Planet Network Co., Ltd",Chinese Mainland,"Starmoly, established in 2016, has become one of the most widely recognized emoticon brands in China. Over the past nine years, Starmoly has remained committed to its vision of resolving communication barriers"" by focusing on the development and operation of emoticon IPs. The company continuously explores the limitless potential of emoticon IPs across three key areas: IP licensing, social content, and IP derivatives. Through these efforts, Starmoly helps brands engage more effectively in social contexts and fosters emotional connections between brands and consumers. Currently, Starmoly has 150 million emoticon users, with over 3.3 billion downloads and a cumulative total of 134.8 billion sends.",Others,,"IP licensing, social content, and IP derivatives. Through these efforts, Starmoly helps brands engage more deeply in social contexts and fosters emotional connections between brands and consumers.",starmoly,starmoly.cn,Exhibited in HKTDC Event(s) in recent years Hong Kong International Licensing Show & Asian Licensing Conference 2026 HKTDC Hong Kong International Licensing Show 2025,https://sourcing.hktdc.com/en/Supplier-Store/Profile/Xiamen-Mengli-Planet-Network-Co-Ltd/1S00PAQLJ,https://www.hktdc.com/event/hklicensingshow/en/exhibitor/1S0060TP4
9GAG Limited,Hong Kong,"9GAG was founded in 2008 with one mission: Make the world happier. Today, 9GAG is a global cross-platform entertainment network with 200+ million audiences around the world, distributing 8.4 billion video views a month across all platforms. 9GAG is ranked #1 in entertainment & gaming on social media globally, #1 in cross-platform video creation in the US, and the most followed entertainment brand on Instagram in the world.",Service Company,,"Potatoz is a pixel art IP character designed and created by the 9GAG team. It serves as the official mascot of 9GAG. The character originated from a phrase commonly used by our readers: Sorry for the long post, here's a potato","9GAG,Potatoz",9gag.com,Exhibited in HKTDC Event(s) in recent years Hong Kong International Licensing Show & Asian Licensing Conference 2026 HKTDC Hong Kong Toys & Games Fair 2026,N/A,https://www.hktdc.com/event/hklicensingshow/en/exhibitor/1S0060U5R
MUSE (Hong Kong) Communication Co. Ltd.,Hong Kong,"Founded in 1992, Muse Communication has over 30 years of expertise in the anime IP industry, collaborating with more than 60 IP providers. We offer a comprehensive range of services, including film & video distribution, licensing, merchandising, and marketing. Muse's distribution network spans both international and local platforms, reaching over 40 territories. In Asia, Muse works with 60 partner platforms and connects with 43 million social media subscribers, solidifying its strong market presence in the region. Muse's diverse portfolio includes popular anime titles such as SPY×FAMILY, Demon Slayer: Kimetsu no Yaiba, Frieren: Beyond Journey's End, Attack on Titan, and DAN DA DAN, alongside a wide variety of acclaimed series appealing to audiences of all demographics.",Service Company,,"Distributing and Licensing anime IPs of: Frieren: Beyond Journey's End, SPYxFAMILY, Demon Slayer, DAN DA DAN, One-Punch Man etc.",,www.e-muse.com.hk,"Exhibited in HKTDC Event(s) in recent years Hong Kong International Licensing Show & Asian Licensing Conference 2026 Hong Kong International Film & TV Market (FILMART), Hong Kong 2026",N/A,https://www.hktdc.com/event/hklicensingshow/en/exhibitor/1S0060P0B
Ocean Park Corporation,Hong Kong,,Statutory Body,,Ip licensing,,,Exhibited in HKTDC Event(s) in recent years Hong Kong International Licensing Show & Asian Licensing Conference 2026 Eco Expo Asia 2025 Style Hong Kong Show in Changsha 2013 Style Hong Kong Show in Qingdao 2013,N/A,https://www.hktdc.com/event/hklicensingshow/en/exhibitor/1S0060WYA
"XIAMEN QIZHONGJI CULTURAL MEDIA CO.,LTD.",Chinese Mainland,"QIZHONGJI was founded in 2018 as a comprehensive copyright operation platform specializing in character incubation, youth-oriented content development, IP management, merchandise licensing, and artist representation. Managing over 20 well-known IP characters from around the world, including Maltese (Korea), Butterbear (Thailand), studio UG (Japan) , etc. QIZHONGJI continuously creates emotional connections and brings joy to young audiences globally. Guided by the values of bravery, curiosity, transparency, and rigor, we are dedicated to discovering compelling characters and producing high-quality content. While localizing international IPs for the Chinese market, we also empower original Chinese characters and their merchandise to reach a global audience. Our vision is to make communication better, make images more interesting, and become a world-leading copyright operation company.","Export Agent, Import Agent",,"We build a complete IP merchandise system, collaborate with 500+ global brands on co-branded projects, and create immersive pop-up experiences to deepen fan engagement and connect online and offline touchpoints.",,www.qizhongjicn.cn/en/,Exhibited in HKTDC Event(s) in recent years Hong Kong International Licensing Show & Asian Licensing Conference 2026,N/A,https://www.hktdc.com/event/hklicensingshow/en/exhibitor/1S0060P25
DonJu Studio Limited,Hong Kong,"Graphic design, Illustration, Product design, Packaging design, Exhibition and Display",,,"Step into a whimsical journey through the enchanting world of DonJu Story, where adorable characters and vibrant settings come together to create heartwarming art. Explore a collection that captures the essence of joy, warmth, and imagination.","Ju 豆珠,Don 豆丼",,Exhibited in HKTDC Event(s) in recent years Hong Kong International Licensing Show & Asian Licensing Conference 2026,N/A,https://www.hktdc.com/event/hklicensingshow/en/exhibitor/1S0061CEI
3D Plus Printing Limited,Hong Kong,,,,「MeFaSo」由熱愛音樂的 MeMe 帶領 ，與勇敢堅強的 FaFa 、快樂的 SoSo 及聰明的 DoDo 等好友組成。這個 IP 專為青少年及職青打造，旨在透過音樂元素與角色互動發放正能量。無論面對生活或職場挑戰，MeFaSo 團隊都透過音樂陪伴你，以正面態度迎接未來 。,"MeFaSo,MeMe,FaFa,SoSo,DoDo",www.3dplus.co,Exhibited in HKTDC Event(s) in recent years Hong Kong International Licensing Show & Asian Licensing Conference 2026,N/A,https://www.hktdc.com/event/hklicensingshow/en/exhibitor/1S0061CNR
Animomo Limited,Hong Kong,,,,"Animomo and friends include four cute animal characters, namely the elephant Bos, the penguin Orange, the hedgehog Jimmy and the giraffe Icebert.",Animomo and friends,www.animomo.com,Exhibited in HKTDC Event(s) in recent years Hong Kong International Licensing Show & Asian Licensing Conference 2026 Hong Kong International Licensing Show 2023 HKTDC Simply Shopping Fest 2022,N/A,https://www.hktdc.com/event/hklicensingshow/en/exhibitor/1S0061CU6
BE (Art) Limited,Hong Kong,"BE(ART) LIMITED mainly works on key visuals and graphic design, video production, and brand identity, as well as participating in various types of multimedia production and collaboration. We also have an original IP character – CRIIICHI.",Others,,原創角色小熊——CRIIICHI古治，為了拯救家鄉而前往人類世界收集適合作為睡前故事的材料。他們對藝術與文化的故事最感興趣，在睡夢中也會成為故事主角，因此常以不同的造型出現。古治的產品包括收藏玩具、印刷品、文具及日常小物等。,CRIIICHI 古治,https://criiichi.com/zh,Exhibited in HKTDC Event(s) in recent years Hong Kong International Licensing Show & Asian Licensing Conference 2026,N/A,https://www.hktdc.com/event/hklicensingshow/en/exhibitor/1S0061CDL
Blue and White Design Company Limited,Hong Kong,Blue and White Design Company Limited 是本地獲獎設計師創辦的公司。創辦的品牌獲BDA獎。 自2019年成立以來，產品涉及首飾、絲巾、陶瓷藝術品、平面設計文創產品等。設計優雅並具藝術感，如以中國歷史文化為靈感的產品，我們的設計及質量受到大眾及專業人士的肯定，也獲多位明星配戴。,,,原創水彩插畫，題材多元化，如香港本地特色小食、優雅知性的手繪水彩插畫及印花圖案等。 適合製作印刷品如T恤、絲巾、文創產品如手機殼、貼紙、包裝圖樣等。提供插畫委託服務、商業合作聯乘等。目前自有品牌銷售點包括香港藝術館、香港SOGO、澳門巴黎人等店。,,www.bluenwhitejewellery.com,"Exhibited in HKTDC Event(s) in recent years Hong Kong International Licensing Show & Asian Licensing Conference 2026 CENTRESTAGE 2024 CENTRESTAGE 2023 Chic HK, Shenzhen",N/A,https://www.hktdc.com/event/hklicensingshow/en/exhibitor/1S0061CK0
Bright Education Technology Limited,Hong Kong,"We are an education technology company based in Cyberport and an alumnus of the Cyberport Incubation Programme, on a mission to reshape student learning through motivation and technology. By leveraging the power of digital gaming and artificial intelligence, we transform engaging gameplay into a powerful tool for motivational learning. Our goal is to inspire proactive self-learning, enhance academic performance, and boost students’ confidence. Our flagship product, Bright Mage Academy, is a fantasy role‑playing game (RPG) that blends adventure with interactive, curriculum-aligned mathematics learning for K–12 students. Featuring over 100 uniquely designed collectible heroes and pets, deep narratives, and a variety of gameplay modes (including PvP).",,,Bright Mage Academy 為收藏向奇幻角色扮演遊戲教育娛樂品牌，匯聚百多個可愛帥氣虛構生物與人類魔法師角色，以獨特的共存關係為核心，提供豐富的視覺與故事潛力，具高辨識與授權潛力，兼具娛樂與教育價值。,Bright Mage Academy,,Exhibited in HKTDC Event(s) in recent years Hong Kong International Licensing Show & Asian Licensing Conference 2026,N/A,https://www.hktdc.com/event/hklicensingshow/en/exhibitor/1S0061CV3
Bunc Decorative Production Ltd,Hong Kong,"BUNC believes every festival is worth celebrating. Each occasion has its own meaning and traditions. To us, festivals are filled with joyful stories and cherished memories—shared with family, partners, or friends. We believe in looking forward to every celebration, enjoying each moment, and remembering it with happiness. At BUNC, we accompany you through every festive season with creative designs and decorations, creating memorable impressions that become beautiful highlights in your celebrations.",,,"阿包 燈光凝聚成的光精靈，到人類世界偽裝成夜燈居住在某一個小房內，守護房間主人，為人們帶來正能量 Baau Light spirits condensed from lamplight disguise themselves as night lights to live in a small room in the human world, guarding the room's owner and bringing positive energy to people",Baau,www.bunc.com.hk,Exhibited in HKTDC Event(s) in recent years Hong Kong International Licensing Show & Asian Licensing Conference 2026,N/A,https://www.hktdc.com/event/hklicensingshow/en/exhibitor/1S0061CW0
CLAW.HOLIC,Hong Kong,,,,,,,Exhibited in HKTDC Event(s) in recent years Hong Kong International Licensing Show & Asian Licensing Conference 2026,N/A,https://www.hktdc.com/event/hklicensingshow/en/exhibitor/1S0061D3E
DOXA ASIA LTD,Hong Kong,"mART6 aims to create a diverse lifestyle concept store based on the art of fashionable living. The ""6"" refers to the fact that the store's products encompass six major lifestyle elements: clothing, food, household, art, beauty, and entertainment. mART6 is committed to sourcing a variety of exquisite and value-for-money products for its customers.","Chain Store, Wholesaler, Retailer",,"Cotton Angel launches apparel & lifestyle products blending quality with faith, hope, and love. Wear Cotton Angel to share warmth and care in daily life to support charities.",Cotton Angel,https://mart6.com.hk/collections/cotton-angel,Exhibited in HKTDC Event(s) in recent years Hong Kong International Licensing Show & Asian Licensing Conference 2026,N/A,https://www.hktdc.com/event/hklicensingshow/en/exhibitor/1S0060TUP
Dddd Cultural Creative Co Limited,Hong Kong,"DDDD Cultural Creative Company, founded in 2022, is a Hong Kong-based studio that creates compelling art projects and intellectual property (IP) for international brands, organizations, and shopping malls. The company is led by its co-founder, the awarded artist Dorophy Tang. Dorophy has collaborated with major global brands and is best known for her iconic ""A Shoppin' Baby"" series. This work masterfully blends traditional Chinese New Year art with modern pop culture. Her practice involves in-depth research into intangible cultural heritage, forming a bridge between historical traditional and contemporary design. This commitment to cultural innovation has been recognized with the prestigious Hong Kong Designers Association Brand Design Award in both 2023 and 2024. The DDDD team leverages this artistic vision to build successful IP brands like A SHOPPIN’ BABY, Relazzz, and Longrecesss. Beyond commercial projects, DDDD plays an active role in the community, regularly participating and creating works for public arts events around different ci es of China, including Hong Kong. The company’s core mission is to use contemporary design to drive the inheritance and innovative evolution of Chinese culture for a modern audience.",,,⾃2008年起，鄧卓越在《Milk》雜誌連載的《A Shoppin' Baby》系列，將傳統年畫中的豐潤嬰孩與當代商品巧妙結合，以幽默筆觸詮釋消費⽂化。這些融合東⻄⽅美學的⾓⾊，從插畫延伸⾄展覽及多元商品領域，成為多個品牌的宣傳⼤使。該系列於2023年榮獲香港設計師協會頒發的「品牌設計獎—Hall of Fame Award」，確立其融合傳統與現代的⽂化價值。,,,Exhibited in HKTDC Event(s) in recent years Hong Kong International Licensing Show & Asian Licensing Conference 2026,N/A,https://www.hktdc.com/event/hklicensingshow/en/exhibitor/1S0061COO
Elyk Creation,Hong Kong,"(BIT BIT FOREST) has collaborated with Hong Kong Tong Li Publishing House to launch the comic ""Bitbit Forest"". In addition, it has also cooperated with the Singapore Wanqingyuan Design Exhibition, Old Master Q and Bibi Rabbit Old Master Q and Bitbit Rabbit trendy cosplay, etc.",,,"BIT BIT FOREST has collaborated with HK Tong Li Publishing House to launch the comic ""Bitbit Forest"". It has also cooperated with the Singapore Wanqingyuan Design Exhibition, Old Master Q and Bibi Rabbit Old Master Q and Bitbit Rabbit trendy cosplay",BIT BIT FOREST,,Exhibited in HKTDC Event(s) in recent years Hong Kong International Licensing Show & Asian Licensing Conference 2026,N/A,https://www.hktdc.com/event/hklicensingshow/en/exhibitor/1S0061CJ3
"Famalii Creative Co., Ltd",Hong Kong,"Firefly Arts & Cultural Education is an educational brand under Famalii Creative Co., Limited,the core values of Sensory Experience × Chinese Culture × Sustainability × Art & Craft. We are dedicated to promoting experiential learning that integrates art, nature, and culture. Our thematic sensory art and cultural workshops are designed for local students, corporations, and social service organizations, encouraging participants to explore the profound connections between nature and culture through hands-on creation and interaction. Our workshops combine sensory exploration, interactive learning, and hands-on creation, inspiring participants to discover the wonders of the natural world and the wisdom of Chinese culture. Through artistic and cultural engagement, we aim to nurture gratitude, environmental awareness, and appreciation for life, fostering sustainable living and cultural continuity. Ｗe regularly organize community engagement activities to promote empathy, inclusiveness, and mutual support. In today’s information-driven world, Firefly Arts & Cultural Education guides participants to enhance their environmental awareness, creativity, and holistic well-being, turning learning into an enjoyable and inspiring journey toward whole-person development.",,,《節氣芽菇》是香港首個以中國曆法「二十四節氣」為創作靈感。透過小芽與小菇在節氣村的冒險故事，把自然、天文與民間智慧融入教育與生活。項目結合角色故事與文創設計，將節氣智慧轉化為有生命力的品牌體驗，打造兼具文化、教育、文創與娛樂的香港原創IP，將東方節氣的智慧帶向國際市場。,Solar YaGu 節氣芽菇,,Exhibited in HKTDC Event(s) in recent years Hong Kong International Licensing Show & Asian Licensing Conference 2026,N/A,https://www.hktdc.com/event/hklicensingshow/en/exhibitor/1S0061CXX
GILIGULU,Hong Kong,"GILIGULU (嘰哩咕嚕) is a Hong Kong illustration brand. The GILIGULU series centers on the original characters Short-Necked Giraffe PaPa and Foodboy Fio as. the core of its stories, narrating their fun daily lives and building a world full of laughter and whimsy. Through PaPa, Fio, and their other friends exploring life together, GILIGULU’s creative philosophy stems from a love for life and the pursuit of. beautiful things. By featuring various animal characters and vibrant colors, it brings joy to audiences and evokes childlike innocence.",,,"Fio (Food Boy)是一隻充滿活力的小狗，熱愛冒險與美食。他總是和朋友們一起探索新奇的地方，雖然經常惹出一些小麻煩，但他善良的本性讓大家都喜歡他。Fio (Food Boy) is a lively little dog who loves adventure and food. He often explores new places with his friends, getting into a bit of mischief along the way","GILIGULU (嘰哩咕嚕),Foodboy Fio,PaPa",,Exhibited in HKTDC Event(s) in recent years Hong Kong International Licensing Show & Asian Licensing Conference 2026,N/A,https://www.hktdc.com/event/hklicensingshow/en/exhibitor/1S0061CI6
Going Ape Limited,Hong Kong,,,,"Far away in a parallel universe, on a planet with a rocky desert landscape, there was once a herd of apes living in a cave, among them hunters and weapon makers. One of the young ones, Alpha ape, got tired of helping his father sharpen bones, and sta",Alpha Ape,,Exhibited in HKTDC Event(s) in recent years Hong Kong International Licensing Show & Asian Licensing Conference 2026,N/A,https://www.hktdc.com/event/hklicensingshow/en/exhibitor/1S0061CYU
HQTS Group Limited,Hong Kong,"HQTS is a leading global third-party quality control service provider dedicated to solving quality issues and creating a more robust supply chain. For over 30 years, HQTS has been the preferred quality control partner for more than +50,000 international brands in the Consumer Goods, Commercial, Industrial and Government sectors. We have a global presence, including a network of technical experts spanning more than 40 countries, accredited product testing laboratories in key manufacturing regions and accreditations from several international regulatory bodies, including CNAS ISO17020, ISO17025 and CMA.",Service Company,,"We provide services upstream and downstream, covering quality inspections, product testing, government and trading services, audits, training and consultation, quality engineering, as well as other tailored advisory and sustainability services.",,www.hqts.com,Exhibited in HKTDC Event(s) in recent years Hong Kong International Licensing Show & Asian Licensing Conference 2026 HKTDC Hong Kong Electronics Fair (Spring Edition) 2025 HKTDC Hong Kong Houseware Fair 2018 HKTDC Hong Kong International Lighting Fair (Spring Edition) 2018 HKTDC Hong Kong Toys & Games Fair 2018 HKTDC Hong Kong Toys & Games Fair 2017 HKTDC Hong Kong Toys & Games Fair 2016 HKTDC Hong Kong Houseware Fair 2015 Show More,N/A,https://www.hktdc.com/event/hklicensingshow/en/exhibitor/1S0060TRY
Hong Kong Lele Yichuan Culture and Arts Limited,Hong Kong,,"Export Agent, Manufacturer, Chain Store, Retailer, Shopping Mall, Buying Office, Buying Cooperative, Wholesaler, Distributor, Exporter",,知识产权 Lio Lio Bunny，Lio Lio 小狗,,,Exhibited in HKTDC Event(s) in recent years Hong Kong International Licensing Show & Asian Licensing Conference 2026,N/A,https://www.hktdc.com/event/hklicensingshow/en/exhibitor/1S0060TVM
"Intellectual Property Department, HKSAR Government",Hong Kong,,Government,,Intellectual Property Department,,,"Exhibited in HKTDC Event(s) in recent years Hong Kong International Licensing Show & Asian Licensing Conference 2026 Entrepreneur Day 2025, Hong Kong HKTDC Hong Kong Book Fair 2025 Business of Intellectual Property Asia Forum (BIP Asia), HK Entrepreneur Day 2024, Hong Kong HKTDC Hong Kong Book Fair 2024 Business of Intellectual Property Asia Forum (BIP Asia), HK Entrepreneur Day 2023, Hong Kong Show More",N/A,https://www.hktdc.com/event/hklicensingshow/en/exhibitor/1S0060U6O
James Ho Design,Hong Kong,,,,,,,Exhibited in HKTDC Event(s) in recent years Hong Kong International Licensing Show & Asian Licensing Conference 2026,N/A,https://www.hktdc.com/event/hklicensingshow/en/exhibitor/1S0061CPL
LLAB Design Limited,Hong Kong,"llab design ltd is a top branding agency, blending creativity with marketing expertise. Our team delivers precise, innovative designs across branding, promotion, marketing, illustrations, graphics, art direction, and multimedia. ""llab"" combines ""love"" and ""lab,"" symbolising our passion for experimentation. Our founders, Tryde and Mike, believe in empathy's power to shape perceptions and fuel creativity.",,,「假如地球上美麗的瀕臨絕種生物，都慘變成傳說而不復存在，會是多麼可惜。」抱著這樣的想法，以中國傳統神話《山海經》作為設計概念，推出「Tomorrow Myth明日神話」，將樹穿山甲、伊比利亞猞猁、菲律賓鷹、綠海龜、細紋斑馬、藍鯨等六種瀕危動物轉化為超現實的神獸意象，將神話注入創作之中。除了添上神秘綺麗的想像外，也用另一種視角提醒人們，若再不重視，這些美麗的動物終將如同神話，只存在於記憶與傳說之中。持續發展並擴充「Tomorrow Myth」系列為更多瀕危動物創造全新的神話形象，讓這個故事不斷延續,Tomorrow Myth明日神話,llab.co,"Exhibited in HKTDC Event(s) in recent years Hong Kong International Licensing Show & Asian Licensing Conference 2026 DesignInspire, Hong Kong, December 2021 HKTDC International Sourcing Show 2021 DesignInspire, Hong Kong HKTDC Hong Kong Gifts & Premium Fair 2020 HKTDC Hong Kong International Printing and Packaging Fair 2019 HKTDC Hong Kong Gifts & Premium Fair 2018 HKTDC Hong Kong International Printing and Packaging Fair 2018",N/A,https://www.hktdc.com/event/hklicensingshow/en/exhibitor/1S0061CZR
Lost,Hong Kong,"LOST is a global leader in immersive entertainment, leveraging advanced technology and gamification to turn physical spaces into interactive narratives for adults. Its sister brand, LOST Junior, is specifically designed for children, focusing on a safe and whimsical learning journey that combines creative storytelling with STEAM-based problem-solving.",Others,,"We are seeking to partner with IP owners and lifestyle brands across industries including Apparel, Toys, and F&B to transform static intellectual property into dynamic, ""phygital"" experiences. By gamifying branding, LOST creates high-engagement po",,www.losthk.com,Exhibited in HKTDC Event(s) in recent years Hong Kong International Licensing Show & Asian Licensing Conference 2026,N/A,https://www.hktdc.com/event/hklicensingshow/en/exhibitor/1S0061D2H
Legend Studio Limited,Hong Kong,"Legend Studio Limited is a Hong Kong-based creative company specializing in IP licensing and character-driven brand development. We work closely with Japanese licensors and international partners to introduce distinctive character IPs to the Asian market, while also creating original characters with strong visual identity and storytelling potential. Our mission is to transform characters into long-term cultural and commercial assets through thoughtful licensing strategy and creative execution.","Retailer, Wholesaler, Export Agent, Distributor",,"At HK Licensing Show, Legend Studio promotes IP Gloomy Bear & original IPs Ayden/Humpy. We specialize in licensing, merch development & pop-ups across Greater China, connecting high-quality IPs with partners for brand growth.","Gloomy Bear（日本授權IP）,Ayden（火仔）– 原創角色IP,Humpy – 原創角色IP",,Exhibited in HKTDC Event(s) in recent years Hong Kong International Licensing Show & Asian Licensing Conference 2026 HKTDC Hong Kong Toys & Games Fair 2018 HKTDC Hong Kong Toys & Games Fair 2017 HKTDC Hong Kong Gifts & Premium Fair 2014 HKTDC Hong Kong Houseware Fair 2014 HKTDC Hong Kong Electronics Fair (Spring Edition) 2014 HKTDC Hong Kong International Lighting Fair (Spring Edition) 2014 HKTDC Hong Kong Toys & Games Fair 2014 Show More,N/A,https://www.hktdc.com/event/hklicensingshow/en/exhibitor/1S0060TQ1
Little Colour Little Art Limited,Hong Kong,,,,"角色是一個擁有彩虹色頭髮的3歲小女孩，代表小朋友充滿色彩及幻想的世界。 角色是用棉雲製成的公仔(Cloudiedoll), 棉雲兔兔是彩虹妮妮其中一個作品。",彩虹妮妮,,Exhibited in HKTDC Event(s) in recent years Hong Kong International Licensing Show & Asian Licensing Conference 2026,N/A,https://www.hktdc.com/event/hklicensingshow/en/exhibitor/1S0061CLX
M W Paintings,Hong Kong,,,,"Sylvaqua is a forest-sea realm guarded by Mira Light, Nereus Vault, and Ember Wren. They embody perception, memory, and healing, restoring balance through color and resonance, alongside creatures inspired by marine life and insects.",Sylvaqua,mwpaintingss@gmail.com,Exhibited in HKTDC Event(s) in recent years Hong Kong International Licensing Show & Asian Licensing Conference 2026,N/A,https://www.hktdc.com/event/hklicensingshow/en/exhibitor/1S0061CRF
MINI PIKA STUDIO,Hong Kong,"Mini Pika Studio captures imagination in city life through our illustrations, mixing dreams with everyday moments. We want to step into your world and help you let go of worries while enjoying the beauty around you.",,,Bubble.c 抛抛把天馬行空的想象力融入插畫，令作品更豐富，亦令人感受到可愛的療愈力量！,Bubble.c,,Exhibited in HKTDC Event(s) in recent years Hong Kong International Licensing Show & Asian Licensing Conference 2026,N/A,https://www.hktdc.com/event/hklicensingshow/en/exhibitor/1S0061CGC
Mascottist Academy Co Ltd,Hong Kong,"Mascottist Academy is the first company that provides one stop service, including consultation, planning, training, and long term development services of Mascot performance in Park Industry. We have more than 15 years experience on Mascot performance in parks and events. We have a deep understanding on how to step up your mascot team and train up your mascot performers and escorts in a higher standard of performance and safety level. The establishment of Mascottist Academy to enhance the quality and professionalism of mascot performance in the park industry, and to improve the guests' experience in the park. Objectives - Enhancing the awareness of the safety of mascot in operational aspect - Developing a comprehensive training system of mascot for the industry - Educating and setting up a systematic operations on Mascot - Providing SOP for the industry Our services - Best Practice of SOP for industry reference - Professional Mascot Training System and Service - Mascot Team set up Consultation and long-term development planning advice - One Stop Service of Mascot Project, from design to production, from setup to implementation in park - Year-Long Education Programme for the industry on Mascot Safety and Training for Managers, Trainers, Performers and Escorts","Others, Service Company",,"One stop Mascot IP service, including IP design, production, consultation, planning, operation arrangement, training, and long term development services of Mascot performance in Park Industry",,www.mascottistacademy.com,Exhibited in HKTDC Event(s) in recent years Hong Kong International Licensing Show & Asian Licensing Conference 2026,N/A,https://www.hktdc.com/event/hklicensingshow/en/exhibitor/1S0060TO7
Morito Scovill Hong Kong Company Limited,Hong Kong,"Rancho, a popular brand that centers around nostalgic and memorable collections. Inspired by innovated elements, these distinct Hong Kong's cultures can be retained and inherited, from generation to generation. Rancho always aims to improve and preserve these unique Hong Kong traditions, cultures and heritages. Remembering its initiation, the brand continues to keep their designs modernized yet everlasting. Even with time, these unique arts and trends will never fade.","Export Agent, Exporter, Others, Buying Cooperative, Wholesaler, Distributor, Manufacturer, Importer",,"The products are mainly personal items and storage products such as key ring, pouch, case etc. All of them are strong nostalgic sense. Also, they are presented as the great decorative items.",RANCHO,ranchohkinfo.wixsite.com/ranchohk,Exhibited in HKTDC Event(s) in recent years Hong Kong International Licensing Show & Asian Licensing Conference 2026,N/A,https://www.hktdc.com/event/hklicensingshow/en/exhibitor/1S0060T8J
On Stage Trading Limited,Hong Kong,,,,LUMA是一個結合未來美學與心靈療癒概念的原創角色品牌。品牌核心訊息為：吸收黑暗，播種希望。LUMA以高辨識度的視覺形象與哲思性世界觀，傳遞正能量與情緒平衡的信息。 品牌目標是成為「新世代情緒共鳴角色IP」，讓觀眾在快節奏的生活中找到力量與平靜。LUMA 來自高次元能量世界Lumara星球，能吸收負能量並轉化為「希望之種Seeds of Light」， 象徵黑暗並非要被擊敗，而是要被理解。角色設計靈感源自蝙蝠意象，「蝠」與「福」同音，寓意祝福與幸運。LUMA是在黑暗中導航的守護者，象徵希望的誕生,LUMA,,Exhibited in HKTDC Event(s) in recent years Hong Kong International Licensing Show & Asian Licensing Conference 2026,N/A,https://www.hktdc.com/event/hklicensingshow/en/exhibitor/1S0061CH9
Penguin Nexus LTD,Hong Kong,,,,,,,Exhibited in HKTDC Event(s) in recent years Hong Kong International Licensing Show & Asian Licensing Conference 2026,N/A,https://www.hktdc.com/event/hklicensingshow/en/exhibitor/1S0061D1K
Syncircle Design Company,Hong Kong,"The creative team 陋室五月 (Zu & Pi) advocates for the philosophy of ""restoring life"" Through illustrations, color spaces, and 3D art, we aim to explore and explore and reflect on various aspects of life. We collaborate with international brands and have established creative studios in Japan and Taiwan. Using imagination and emotion as our ""materials"", we craft authentic, human-centered designs that embrace simplicity. Through publishing, exhibitions, and 3D works, we express creativity and imagination, shaping life's landscapes amidst the busyness of modern living.",Manufacturer,,"The creative team, Zu & Pi advocates for the philosophy of ""restoring life."" Through illustrations, color spaces, and 3D art, we aim to explore and reflect on various aspects of life.",,,Exhibited in HKTDC Event(s) in recent years Hong Kong International Licensing Show & Asian Licensing Conference 2026 HKTDC Hong Kong Toys & Games Fair 2026 HKTDC Hong Kong Book Fair 2025 HKTDC Hong Kong Book Fair 2024 HKTDC Hong Kong International Film & TV Market (FILMART) 2020 HKTDC Hong Kong Book Fair 2017 HKTDC Hong Kong International Licensing Show 2017 HKTDC Hong Kong Book Fair 2016 Show More,N/A,https://www.hktdc.com/event/hklicensingshow/en/exhibitor/1S0060TTS
Toys Gallery International Limited,Hong Kong,"Since 2019, we've crafted toys for all ages, turning play into art. From unboxing to hands-on fun, every detail sparks joy, surprise, and emotion - so customers bring home more than toys; they bring home delight.","Retailer, Wholesaler, Manufacturer",,"Since 2019, we've crafted toys for all ages, turning play into art. From unboxing to hands-on fun, every detail sparks joy, surprise, and emotion - so customers bring home more than toys; they bring home delight.",,https://www.toysgallery.com.hk/,Exhibited in HKTDC Event(s) in recent years Hong Kong International Licensing Show & Asian Licensing Conference 2026,N/A,https://www.hktdc.com/event/hklicensingshow/en/exhibitor/1S0060U3X
XBORDER4U LIMITED,Hong Kong,"Printizzle is a U.S.-based Print-on-Demand manufacturing partner dedicated to licensed IP merchandise. We empower IP owners — from emerging creators to established brands — to expand into the U.S. market through localized production and scalable e-commerce support. With additional fulfillment capabilities in Australia and Hong Kong, we ensure your brand reaches a global audience with localized efficiency, transforming creative assets into commercially successful product lines. Our on-demand, multi-regional fulfillment model offers an inventory-light, low-risk path to overseas growth while maintaining strong brand integrity.",Export Agent,,"Printizzle: U.S. POD localized production for tech & lifestyle items. Scaling IP with zero inventory & high efficiency. Featuring Tong Tong, the relatable dog who dreams big but hits snooze—capturing the ""honest underdog"" charm of today’s youth.",Printizzle 印緻秀,https://ip.printizzle.com/,Exhibited in HKTDC Event(s) in recent years Hong Kong International Licensing Show & Asian Licensing Conference 2026,N/A,https://www.hktdc.com/event/hklicensingshow/en/exhibitor/1S0060TWJ
Chengdu Association of Trade in Services,Chinese Mainland,"Chengdu Association of Trade in Services, a 5A-rated association recognized by the Chengdu Municipal Civil Affairs Bureau, has consecutively won the title of ""China's Best Service Trade (Outsourcing) Association"" for years. The Association actively serves as a bridge and link between the government, society, industry, and enterprises, promptly reflecting the difficulties and demands of enterprises, and striving to promote the healthy and rapid development of the service trade industry. It serves over 700 service trade enterprises across various sectors in Chengdu, including IT technology, cloud computing and big data, AI technology, industrial design, game animation, visual communication, cultural and creative industries, architectural representation, healthcare, and more. Currently, it boasts over 200 core member units.",Professional Association,,garage kit and cultural and creative-themed mug,,,Exhibited in HKTDC Event(s) in recent years Hong Kong International Licensing Show & Asian Licensing Conference 2026,N/A,https://www.hktdc.com/event/hklicensingshow/en/exhibitor/1S0060WXD
Cover Corporation,Japan,,"Others, Service Company",,"hololive production is one of the worlds largest VTuber agencies, managing 89+ talents active in Japan, Indonesia, and English-speaking markets. Across our talents, we have accumulated 100 million+ YouTube subscribers globally.","hololive production,holoStar",,Exhibited in HKTDC Event(s) in recent years Hong Kong International Licensing Show & Asian Licensing Conference 2026,N/A,https://www.hktdc.com/event/hklicensingshow/en/exhibitor/1S0060U13
Digital Content Association of Thai (DCAT),Thailand,"A digital content association established in 2010 to promote and develop character IP, with members who are character rights owners, such as Lukchin Cat is three cat friends who stick together like meatballs (lukchin in Thai),inspired by nostalgia, friendship, and simple joys. Rinny Red & Milo is an unlikely duo who love exploring beautiful places and finding happiness in everyday moments. Their adventures are simple, joyful, and heartwarming, bringing smiles wherever they go. Keropon is a little frog who dreams of becoming a Happy Ninja. He grew up on a small island where everyone believes nothing exists beyond the water. One day, he meets Taopan, a mysterious turtle who cannot swim home. Even though Keropon is afraid, he chooses to help his friend. To Keropon, the bravest thing a ninja can do is to be kind.","Professional Association, Trade/Industrial Organisation, Charity / Welfare Organisation",,1.Lukchin Cat is three cat friends who stick together like meatballs. 2. Rinny Red & Milo are an unlikely duo who love adventure and finding happiness in everyday moments. 3. Keropon’ is a little frog who dreams of becoming a Ninja.,"Lukchin Cat,Red loving wolf,PonPonPocket / Keropon",,Exhibited in HKTDC Event(s) in recent years Hong Kong International Licensing Show & Asian Licensing Conference 2026,N/A,https://www.hktdc.com/event/hklicensingshow/en/exhibitor/1S0060P18
"GRESOLUTION Co., Ltd","Korea, Republic Of","GRESOLUTION Co., Ltd. operates its own logistics and commerce system, enabling a seamless one-stop process from IP design to merchandise production and distribution. Through participation in global exhibitions and strategic partnerships, the company continues to expand its licensing and export activities. We provide free exhibition and promotional support for partner IPs, operating a fair performance-based fee structure only when a licensing contract is secured. As a global hub for K-character IP, GRESOLUTION is building a sustainable IP business ecosystem powered by creative content and collaborative growth.","Importer, Wholesaler, Export Agent, Import Agent, Others, Exporter",,We have multiple characters that represent Korea well. We also have many characters that are easy to commercialize.,"GreV,ChaBibi,NuBibi",https://m.site.naver.com/1Pniw,Exhibited in HKTDC Event(s) in recent years Hong Kong International Licensing Show & Asian Licensing Conference 2026,N/A,https://www.hktdc.com/event/hklicensingshow/en/exhibitor/1S0060TD4
"Gulu Culture Creative(GuangZhou)Co., Ltd.",Chinese Mainland,,Others,,"yamiQ is a ""heart-cleansing haven"" disguised as a food shop. Here, a group of little creatures transformed from food quietly guard human emotions, using unique delicacies to soothe hearts and turn worries into vitality.",芥末萌yamiQ,,Exhibited in HKTDC Event(s) in recent years Hong Kong International Licensing Show & Asian Licensing Conference 2026,N/A,https://www.hktdc.com/event/hklicensingshow/en/exhibitor/1S0060U20
Happytottii,Cyprus,"HappyTottii is founded by the Artist Doris Taussig and make Addobe illustrated characters for using on pictures, merchandise and more. We have children books, sell the illustrated items on Shopify POD and a Gallery located in Cyprus/Larnaca. HappyTottii is a word /picture trademark.",Others,,"HappyTottii is an award winning character at the Licensing Show in Las Vegas focused on love, happiness, nature, environment. We are the Licensor and looking for Licnesee, Producer and more","HappyTottii,HappyTottii Gallery",happytottii.com,Exhibited in HKTDC Event(s) in recent years Hong Kong International Licensing Show & Asian Licensing Conference 2026,N/A,https://www.hktdc.com/event/hklicensingshow/en/exhibitor/1S0061F70
Holen Co Ltd,Thailand,"HOLEN is a brand specializing in gifts, souvenirs, and lifestyle products characterized by uniquely adorable designs featuring Thai literature. The products and packaging are creatively crafted by Thai designers, offering both functional items suitable for everyday use and special gifts. HOLEN's charming designs are popular among foreigners and are perfect as premium souvenirs or souvenirs. The name ""HOLEN"" is a play on the word ""Hello"", incorporating the charm of the Thai language tio greet people around the world. It reflects the brand's playful and creative personality, making it accessible to all ages and suitable for any occasion.",Retailer,,- B2B Trade (Wholesale/Retail) - Character Licensing,HOLEN,holenhello.com,Exhibited in HKTDC Event(s) in recent years Hong Kong International Licensing Show & Asian Licensing Conference 2026,N/A,https://www.hktdc.com/event/hklicensingshow/en/exhibitor/1S0060OXL
"Hotel Lotte Co., Ltd. Lotte World","Korea, Republic Of",Lotte World is Korea's leading theme park and serves as the IP holder of characters such Lottyfriends and The explorer X.,Service Company,,"We have two different contents 'Lotty Friends' and 'The Explorer X'. 'Lotty Friends' is pre-school Kids Contents and English YouTube Channel has 1.89million subscribers. 'The Exlplorer X' is boys aged 4-7 years old animation, broadcasting on MBC.",,adventure.lotteworld.com,Exhibited in HKTDC Event(s) in recent years Hong Kong International Licensing Show & Asian Licensing Conference 2026,N/A,https://www.hktdc.com/event/hklicensingshow/en/exhibitor/1S0060TNA
IGNITE WORLD PUBLIC COMPANY LIMITED,Thailand,"IGNITE WORLD is a group of businesses and brands under PKN Interholding Public Company Limited. The company firmly believes that excellent service and high-quality products are the core of successful business operations. Therefore, the company does not only provide design and production services, but also acts as a business partner to its clients. In addition, the company develops and produces its own branded products and services for distribution to customers.","Manufacturer, Retailer, Importer",,Character licensing And Art toy,IGNITE World,https://ignitestores.com/en,Exhibited in HKTDC Event(s) in recent years Hong Kong International Licensing Show & Asian Licensing Conference 2026,N/A,https://www.hktdc.com/event/hklicensingshow/en/exhibitor/1S0060P7Q
"Liffolab Co., Ltd.",Thailand,"Liffolab Co.,Ltd. Is a digital graphic base studio. We have experienced wotking with various kind of media and projects. We are creators of original IP which ptovide licensing program to licensee and partner. Our studio also support service to develop and consultant for new IP.","Private Individual, Service Company",,"Shewsheep- the Eat All Day Sheep is an enjoy-eating sheep, tells you his daily life story Portraying an office life. Eating is his first priority, and he has loads of good excuses to fulfill his snacking habit. He will take you through","Shewsheep,TeddyBits",Eatalldaysheep.com,Exhibited in HKTDC Event(s) in recent years Hong Kong International Licensing Show & Asian Licensing Conference 2026 Hong Kong International Licensing Show 2024 Hong Kong International Licensing Show 2023,N/A,https://www.hktdc.com/event/hklicensingshow/en/exhibitor/1S0060OTX
NUAL Studio,Thailand,"An animation studio with 10 years of proven success in Thailand, boasting over two million followers across our online platforms.",Others,,"""We have over 10 years of expertise in online content, featuring a beloved white dog character with two millions-strong fanbase. Beyond the screen, we offer a diverse portfolio of original merchandise.""",NUAL the dog,,Exhibited in HKTDC Event(s) in recent years Hong Kong International Licensing Show & Asian Licensing Conference 2026,N/A,https://www.hktdc.com/event/hklicensingshow/en/exhibitor/1S0060P6T
"Nineshop99 Part., Ltd.",Thailand,"NINESHOP99: From Fear to Love A small start with an amazing journey that began in Chiang Rai 2007 at Chiang Rai Night Market, NINESHOP99 sold the first item for only 9 baht. That moment, even a little, sparked a decades-long journey of creativity. From a small panel among local stores, the brand has grown into an art universe that transforms emotions into tangible things. What started out as a dream full of passion and determination has become the home of hand-painted characters cute little ghosts born of fantasy and fear. These works reflect a delicate balance between vulnerability and happiness. Invite people to laugh, smile and relate to their previously feared emotions. Because at NINESHOP99, art is not just something you see it's something you feel, touch and carry around.","Manufacturer, Wholesaler, Retailer",,"NineShop99, the art you can touch a Thai character brand blending craftsmanship with contemporary design, showcasing character stories through handmade products.",,www.nineshop99.com,Exhibited in HKTDC Event(s) in recent years Hong Kong International Licensing Show & Asian Licensing Conference 2026,N/A,https://www.hktdc.com/event/hklicensingshow/en/exhibitor/1S0060P5W
TOHO Entertainment Asia Pte. Ltd.,Singapore,,Others,,"Licensing TOHO animation IP titles including Frieren: Beyond Journey's End, The Apothecary Diaries, Though I Am an Inept Villainess, Snowball Earth, The Angel Next Door Spoils Me Rotten, Chibi Godzilla Raids Again and etcs. and Godzilla",,,Exhibited in HKTDC Event(s) in recent years Hong Kong International Licensing Show & Asian Licensing Conference 2026,N/A,https://www.hktdc.com/event/hklicensingshow/en/exhibitor/1S0061D4B
Xhabition Co Ltd,Thailand,"Xhabition is a Bangkok-based animation and character design studio delivering end-to-end animation services and strategic character licensing solutions for manufacturers. We specialize in developing distinctive IP, production-ready character systems, and scalable visual assets that enhance product value, strengthen brand identity, and unlock merchandising opportunities across global markets.",Service Company,,"We provide character-based design services for manufacturing, offering ready-to-produce designs based on our IP, as well as custom design development tailored to partners’ specific product and brand needs. Our solutions are flexible, production-ready",Rudolph the Awesome,Xhabition.net,"Exhibited in HKTDC Event(s) in recent years Hong Kong International Licensing Show & Asian Licensing Conference 2026 Hong Kong International Licensing Show 2024 Hong Kong International Film & TV Market (FILMART), Hong Kong",N/A,https://www.hktdc.com/event/hklicensingshow/en/exhibitor/1S0060OR3
