company_name,description,exhibit loc,url,full_url
ALLEK,,"11, H34",/shenzhen/en/exhibitor-search.detail.html/allek.html#exhibitorheadline,https://shenzhen-international-stroller-mother-and-baby-product-fair.hk.messefrankfurt.com/shenzhen/en/exhibitor-search.detail.html/allek.html#exhibitorheadline
"Anhui Talent Baby Product Co.,Ltd",,"11, J03",/shenzhen/en/exhibitor-search.detail.html/anhui-talent-baby-product-coltd.html#exhibitorheadline,https://shenzhen-international-stroller-mother-and-baby-product-fair.hk.messefrankfurt.com/shenzhen/en/exhibitor-search.detail.html/anhui-talent-baby-product-coltd.html#exhibitorheadline
"Chiyue Scooter Co.,Ltd.",,"11, J15",/shenzhen/en/exhibitor-search.detail.html/chiyue-scooter-coltd.html#exhibitorheadline,https://shenzhen-international-stroller-mother-and-baby-product-fair.hk.messefrankfurt.com/shenzhen/en/exhibitor-search.detail.html/chiyue-scooter-coltd.html#exhibitorheadline
Dongguan Cheerful Toys Manufacture Co Ltd,,"11, D36",/shenzhen/en/exhibitor-search.detail.html/dongguan-cheerful-toys-manufacture-co-ltd.html#exhibitorheadline,https://shenzhen-international-stroller-mother-and-baby-product-fair.hk.messefrankfurt.com/shenzhen/en/exhibitor-search.detail.html/dongguan-cheerful-toys-manufacture-co-ltd.html#exhibitorheadline
"Dongyun Textile Co.,Ltd",,2 Booths,/shenzhen/en/exhibitor-search.detail.html/dongyun-textile-coltd.html#exhibitorheadline,https://shenzhen-international-stroller-mother-and-baby-product-fair.hk.messefrankfurt.com/shenzhen/en/exhibitor-search.detail.html/dongyun-textile-coltd.html#exhibitorheadline
"Foshan Ebale Baby Carriage Co.,Ltd.",,"11, L11",/shenzhen/en/exhibitor-search.detail.html/foshan-ebale-baby-carriage-coltd.html#exhibitorheadline,https://shenzhen-international-stroller-mother-and-baby-product-fair.hk.messefrankfurt.com/shenzhen/en/exhibitor-search.detail.html/foshan-ebale-baby-carriage-coltd.html#exhibitorheadline
Haitong Children's Products Factory,,,/shenzhen/en/exhibitor-search.detail.html/haitong-childrens-products-factory.html#exhibitorheadline,https://shenzhen-international-stroller-mother-and-baby-product-fair.hk.messefrankfurt.com/shenzhen/en/exhibitor-search.detail.html/haitong-childrens-products-factory.html#exhibitorheadline
"Handan Beike Intelligent Technology Co., Ltd.",,"11, J33",/shenzhen/en/exhibitor-search.detail.html/handan-beike-intelligent-technology-co-ltd.html#exhibitorheadline,https://shenzhen-international-stroller-mother-and-baby-product-fair.hk.messefrankfurt.com/shenzhen/en/exhibitor-search.detail.html/handan-beike-intelligent-technology-co-ltd.html#exhibitorheadline
"Hebei Aierbeisi Childrens Toys Co.,LTD",,"11, J43",/shenzhen/en/exhibitor-search.detail.html/hebei-aierbeisi-childrens-toys-coltd.html#exhibitorheadline,https://shenzhen-international-stroller-mother-and-baby-product-fair.hk.messefrankfurt.com/shenzhen/en/exhibitor-search.detail.html/hebei-aierbeisi-childrens-toys-coltd.html#exhibitorheadline
"Hebei Duoduohani Baby Products Co., Ltd.",,"11, L23",/shenzhen/en/exhibitor-search.detail.html/hebei-duoduohani-baby-products-co-ltd.html#exhibitorheadline,https://shenzhen-international-stroller-mother-and-baby-product-fair.hk.messefrankfurt.com/shenzhen/en/exhibitor-search.detail.html/hebei-duoduohani-baby-products-co-ltd.html#exhibitorheadline
"HEBEI XINDA BICYCLE CO.,LTD.",,"11, T21",/shenzhen/en/exhibitor-search.detail.html/hebei-xinda-bicycle-coltd.html#exhibitorheadline,https://shenzhen-international-stroller-mother-and-baby-product-fair.hk.messefrankfurt.com/shenzhen/en/exhibitor-search.detail.html/hebei-xinda-bicycle-coltd.html#exhibitorheadline
"SZDY TOYS (HK) Co., LIMITED.",,"11, T07",/shenzhen/en/exhibitor-search.detail.html/szdy-toys-hk-co-limited.html#exhibitorheadline,https://shenzhen-international-stroller-mother-and-baby-product-fair.hk.messefrankfurt.com/shenzhen/en/exhibitor-search.detail.html/szdy-toys-hk-co-limited.html#exhibitorheadline
Huiyang De'an Toys Company Ltd,,"11, T24",/shenzhen/en/exhibitor-search.detail.html/huiyang-dean-toys-company-ltd.html#exhibitorheadline,https://shenzhen-international-stroller-mother-and-baby-product-fair.hk.messefrankfurt.com/shenzhen/en/exhibitor-search.detail.html/huiyang-dean-toys-company-ltd.html#exhibitorheadline
"Jiangmen Tiger Inflatable Toys Co,. Ltd.","Jiangmen Zhen Taige Inflatable Toys Co., Ltd., situated in Muzhou Town, Xinhui District, Jiangmen City, in the southwestern...","11, T11",/shenzhen/en/exhibitor-search.detail.html/jiangmen-tiger-inflatable-toys-co-ltd.html#exhibitorheadline,https://shenzhen-international-stroller-mother-and-baby-product-fair.hk.messefrankfurt.com/shenzhen/en/exhibitor-search.detail.html/jiangmen-tiger-inflatable-toys-co-ltd.html#exhibitorheadline
"Jiangmen Xuanfeng Sports Products Co.,ltd","Jiangmen Xuanfeng Sporting Goods Co., Ltd. was established in 2003. Since its inception, the company has been dedicated to...","11, P23",/shenzhen/en/exhibitor-search.detail.html/jiangmen-xuanfeng-sports-products-coltd.html#exhibitorheadline,https://shenzhen-international-stroller-mother-and-baby-product-fair.hk.messefrankfurt.com/shenzhen/en/exhibitor-search.detail.html/jiangmen-xuanfeng-sports-products-coltd.html#exhibitorheadline
"Jimikate Intelligent Technology Co., Ltd.",,"11, T19",/shenzhen/en/exhibitor-search.detail.html/jimikate-intelligent-technology-co-ltd.html#exhibitorheadline,https://shenzhen-international-stroller-mother-and-baby-product-fair.hk.messefrankfurt.com/shenzhen/en/exhibitor-search.detail.html/jimikate-intelligent-technology-co-ltd.html#exhibitorheadline
"Yongkang Jiejie Tools Co., Ltd",,"11, P27",/shenzhen/en/exhibitor-search.detail.html/yongkang-jiejie-tools-co-ltd.html#exhibitorheadline,https://shenzhen-international-stroller-mother-and-baby-product-fair.hk.messefrankfurt.com/shenzhen/en/exhibitor-search.detail.html/yongkang-jiejie-tools-co-ltd.html#exhibitorheadline
"Linyi Taiyuan Outdoor Sports Products Co.,Ltd.",,"11, H16",/shenzhen/en/exhibitor-search.detail.html/linyi-taiyuan-outdoor-sports-products-coltd.html#exhibitorheadline,https://shenzhen-international-stroller-mother-and-baby-product-fair.hk.messefrankfurt.com/shenzhen/en/exhibitor-search.detail.html/linyi-taiyuan-outdoor-sports-products-coltd.html#exhibitorheadline
"Ningbo Jiashun Cycle Co.,Ltd.","Jia Shun Vehicle Industry Co., Ltd. is a specialised manufacturer of children's vehicles and infant toys, integrating design...","11, F33",/shenzhen/en/exhibitor-search.detail.html/ningbo-jiashun-cycle-coltd.html#exhibitorheadline,https://shenzhen-international-stroller-mother-and-baby-product-fair.hk.messefrankfurt.com/shenzhen/en/exhibitor-search.detail.html/ningbo-jiashun-cycle-coltd.html#exhibitorheadline
"Ningbo Saint Wanbao Baby Products Co.,Ltd.",,"11, M36",/shenzhen/en/exhibitor-search.detail.html/ningbo-saint-wanbao-baby-products-coltd.html#exhibitorheadline,https://shenzhen-international-stroller-mother-and-baby-product-fair.hk.messefrankfurt.com/shenzhen/en/exhibitor-search.detail.html/ningbo-saint-wanbao-baby-products-coltd.html#exhibitorheadline
"NNew Time Technologo Co., Ltd",,"11, E33",/shenzhen/en/exhibitor-search.detail.html/nnew-time-technologo-co-ltd.html#exhibitorheadline,https://shenzhen-international-stroller-mother-and-baby-product-fair.hk.messefrankfurt.com/shenzhen/en/exhibitor-search.detail.html/nnew-time-technologo-co-ltd.html#exhibitorheadline
Pingxiang County Ailawuyou Children's Toy Factory,"Specialising in the manufacture and production of children's scooters, offering customisable IOGO branding and bespoke configurations...","11, N27",/shenzhen/en/exhibitor-search.detail.html/pingxiang-county-ailawuyou-childrens-toy-factory.html#exhibitorheadline,https://shenzhen-international-stroller-mother-and-baby-product-fair.hk.messefrankfurt.com/shenzhen/en/exhibitor-search.detail.html/pingxiang-county-ailawuyou-childrens-toy-factory.html#exhibitorheadline
PINGXIANG COUNTY BANGRUI TECHNOLOGY CO LTD,,"11, S28",/shenzhen/en/exhibitor-search.detail.html/pingxiang-county-bangrui-technology-co-ltd.html#exhibitorheadline,https://shenzhen-international-stroller-mother-and-baby-product-fair.hk.messefrankfurt.com/shenzhen/en/exhibitor-search.detail.html/pingxiang-county-bangrui-technology-co-ltd.html#exhibitorheadline
"Pingxiang County Dino Tong Children's Toys Co.,Ltd.",,"11, H12",/shenzhen/en/exhibitor-search.detail.html/pingxiang-county-dino-tong-childrens-toys-coltd.html#exhibitorheadline,https://shenzhen-international-stroller-mother-and-baby-product-fair.hk.messefrankfurt.com/shenzhen/en/exhibitor-search.detail.html/pingxiang-county-dino-tong-childrens-toys-coltd.html#exhibitorheadline
Pingxiang County Xinyuan Children's Toy Assembly Factory,,"11, N29",/shenzhen/en/exhibitor-search.detail.html/pingxiang-county-xinyuan-childrens-toy-assembly-factory.html#exhibitorheadline,https://shenzhen-international-stroller-mother-and-baby-product-fair.hk.messefrankfurt.com/shenzhen/en/exhibitor-search.detail.html/pingxiang-county-xinyuan-childrens-toy-assembly-factory.html#exhibitorheadline
Pingxiang Jukang Children’s Toys Factory,,,/shenzhen/en/exhibitor-search.detail.html/pingxiang-jukang-childrens-toys-factory.html#exhibitorheadline,https://shenzhen-international-stroller-mother-and-baby-product-fair.hk.messefrankfurt.com/shenzhen/en/exhibitor-search.detail.html/pingxiang-jukang-childrens-toys-factory.html#exhibitorheadline
Pingxiang Kangshun Toy Factory,,"11, G43",/shenzhen/en/exhibitor-search.detail.html/pingxiang-kangshun-toy-factory.html#exhibitorheadline,https://shenzhen-international-stroller-mother-and-baby-product-fair.hk.messefrankfurt.com/shenzhen/en/exhibitor-search.detail.html/pingxiang-kangshun-toy-factory.html#exhibitorheadline
"Pingxiang Mengbei Children's Toys Co., Ltd.‌",,"11, N28",/shenzhen/en/exhibitor-search.detail.html/pingxiang-mengbei-childrens-toys-co-ltd.html#exhibitorheadline,https://shenzhen-international-stroller-mother-and-baby-product-fair.hk.messefrankfurt.com/shenzhen/en/exhibitor-search.detail.html/pingxiang-mengbei-childrens-toys-co-ltd.html#exhibitorheadline
"Pingxiang Zhigao Children Products Co.,Ltd.",,"11, K43",/shenzhen/en/exhibitor-search.detail.html/pingxiang-zhigao-children-products-coltd.html#exhibitorheadline,https://shenzhen-international-stroller-mother-and-baby-product-fair.hk.messefrankfurt.com/shenzhen/en/exhibitor-search.detail.html/pingxiang-zhigao-children-products-coltd.html#exhibitorheadline
Roing SCOOTER,,"11, H32",/shenzhen/en/exhibitor-search.detail.html/roing-scooter.html#exhibitorheadline,https://shenzhen-international-stroller-mother-and-baby-product-fair.hk.messefrankfurt.com/shenzhen/en/exhibitor-search.detail.html/roing-scooter.html#exhibitorheadline
"shandong Pengfei Brand Management Co.,Ltd",,"11, M33",/shenzhen/en/exhibitor-search.detail.html/shandong-pengfei-brand-management-coltd.html#exhibitorheadline,https://shenzhen-international-stroller-mother-and-baby-product-fair.hk.messefrankfurt.com/shenzhen/en/exhibitor-search.detail.html/shandong-pengfei-brand-management-coltd.html#exhibitorheadline
"Shantou Artway Industry CO., LTD.",,,/shenzhen/en/exhibitor-search.detail.html/shantou-artway-industry-co-ltd.html#exhibitorheadline,https://shenzhen-international-stroller-mother-and-baby-product-fair.hk.messefrankfurt.com/shenzhen/en/exhibitor-search.detail.html/shantou-artway-industry-co-ltd.html#exhibitorheadline
"Shantou Beikele Technology Co.,Ltd.",,"11, H35",/shenzhen/en/exhibitor-search.detail.html/shantou-beikele-technology-coltd.html#exhibitorheadline,https://shenzhen-international-stroller-mother-and-baby-product-fair.hk.messefrankfurt.com/shenzhen/en/exhibitor-search.detail.html/shantou-beikele-technology-coltd.html#exhibitorheadline
"Shantou Star Discovery Intelligent Technology Co., Ltd.",,"11, M28",/shenzhen/en/exhibitor-search.detail.html/shantou-star-discovery-intelligent-technology-co-ltd.html#exhibitorheadline,https://shenzhen-international-stroller-mother-and-baby-product-fair.hk.messefrankfurt.com/shenzhen/en/exhibitor-search.detail.html/shantou-star-discovery-intelligent-technology-co-ltd.html#exhibitorheadline
"Shantou Youleen Baby Products Co.,Ltd",,"11, G33",/shenzhen/en/exhibitor-search.detail.html/shantou-youleen-baby-products-coltd.html#exhibitorheadline,https://shenzhen-international-stroller-mother-and-baby-product-fair.hk.messefrankfurt.com/shenzhen/en/exhibitor-search.detail.html/shantou-youleen-baby-products-coltd.html#exhibitorheadline
"Shenzhen Aipinqi Gift Technology Co., Ltd.","Shenzhen Aipinqi Gift Technology Co., Ltd. primarily engages in the production and distribution of infant and toddler products...","11, N34",/shenzhen/en/exhibitor-search.detail.html/shenzhen-aipinqi--gift-technology--co--ltd.html#exhibitorheadline,https://shenzhen-international-stroller-mother-and-baby-product-fair.hk.messefrankfurt.com/shenzhen/en/exhibitor-search.detail.html/shenzhen-aipinqi--gift-technology--co--ltd.html#exhibitorheadline
"Shenzhen Free Tribe Technology Development Co., Ltd.",,"11, R29",/shenzhen/en/exhibitor-search.detail.html/shenzhen-free-tribe-technology-development-co-ltd.html#exhibitorheadline,https://shenzhen-international-stroller-mother-and-baby-product-fair.hk.messefrankfurt.com/shenzhen/en/exhibitor-search.detail.html/shenzhen-free-tribe-technology-development-co-ltd.html#exhibitorheadline
"SHENZHEN KEAN SILICONE PRODUCT CO.,LTD","Shenzhen Ke'an Silicone Products Co., Ltd., established in 2011, operates five production bases with over 20,000 square metres...","11, M35",/shenzhen/en/exhibitor-search.detail.html/shenzhen-kean-silicone-product-coltd.html#exhibitorheadline,https://shenzhen-international-stroller-mother-and-baby-product-fair.hk.messefrankfurt.com/shenzhen/en/exhibitor-search.detail.html/shenzhen-kean-silicone-product-coltd.html#exhibitorheadline
"Taizhou Qinyu Baby Products Co.,Ltd","Taizhou Qinyu Infant and Child Products Co., Ltd. was established in 2014. The company possesses an independent design team...","11, T22",/shenzhen/en/exhibitor-search.detail.html/taizhou-qinyu-baby-products-coltd.html#exhibitorheadline,https://shenzhen-international-stroller-mother-and-baby-product-fair.hk.messefrankfurt.com/shenzhen/en/exhibitor-search.detail.html/taizhou-qinyu-baby-products-coltd.html#exhibitorheadline
"taizhou yasmei plastic products co.,ltd","Taizhou yashimei Plastic Co.,Ltd is an export-orientedcompany with a perfect combination of products research,design,manufacturing...","11, K33",/shenzhen/en/exhibitor-search.detail.html/taizhou-yasmei-plastic-products-coltd.html#exhibitorheadline,https://shenzhen-international-stroller-mother-and-baby-product-fair.hk.messefrankfurt.com/shenzhen/en/exhibitor-search.detail.html/taizhou-yasmei-plastic-products-coltd.html#exhibitorheadline
WENZHOU BEMILE TOYS CO LTD,"Wenzhou Beimeile Toys Co., Ltd. was established in 2010. It has since become one of China's renowned toy manufacturers. Headquartered...","11, K35",/shenzhen/en/exhibitor-search.detail.html/wenzhou-bemile-toys-co-ltd.html#exhibitorheadline,https://shenzhen-international-stroller-mother-and-baby-product-fair.hk.messefrankfurt.com/shenzhen/en/exhibitor-search.detail.html/wenzhou-bemile-toys-co-ltd.html#exhibitorheadline
"Wenzhou Fanle Education Technology Co., LTD.",,"11, L36",/shenzhen/en/exhibitor-search.detail.html/wenzhou-fanle-education-technology-co-ltd.html#exhibitorheadline,https://shenzhen-international-stroller-mother-and-baby-product-fair.hk.messefrankfurt.com/shenzhen/en/exhibitor-search.detail.html/wenzhou-fanle-education-technology-co-ltd.html#exhibitorheadline
"Wenzhou Pizi Times Toys Co., Ltd.","Wenzhou Pizai Times Toys Co., Ltd. was established in 2017, having evolved from the Xizailè Toy Factory in Qiaoxia Town, Yongjia...","11, J23",/shenzhen/en/exhibitor-search.detail.html/wenzhou-pizi-times-toys-co-ltd.html#exhibitorheadline,https://shenzhen-international-stroller-mother-and-baby-product-fair.hk.messefrankfurt.com/shenzhen/en/exhibitor-search.detail.html/wenzhou-pizi-times-toys-co-ltd.html#exhibitorheadline
"Wenzhou Qibang Toys Co.,Ltd.",,"11, M44",/shenzhen/en/exhibitor-search.detail.html/wenzhou-qibang-toys-coltd.html#exhibitorheadline,https://shenzhen-international-stroller-mother-and-baby-product-fair.hk.messefrankfurt.com/shenzhen/en/exhibitor-search.detail.html/wenzhou-qibang-toys-coltd.html#exhibitorheadline
"Wenzhou Tongfan Toys Co., Ltd",,"11, M43",/shenzhen/en/exhibitor-search.detail.html/wenzhou-tongfan-toys-co-ltd.html#exhibitorheadline,https://shenzhen-international-stroller-mother-and-baby-product-fair.hk.messefrankfurt.com/shenzhen/en/exhibitor-search.detail.html/wenzhou-tongfan-toys-co-ltd.html#exhibitorheadline
"Wenzhou Youbeichen Toys Co., Ltd","Wenzhou Youbeichen Toys Co., Ltd., established in 2017, is a specialist manufacturer and distributor of children's indoor...","11, K23",/shenzhen/en/exhibitor-search.detail.html/wenzhou-youbeichen-toys-co-ltd.html#exhibitorheadline,https://shenzhen-international-stroller-mother-and-baby-product-fair.hk.messefrankfurt.com/shenzhen/en/exhibitor-search.detail.html/wenzhou-youbeichen-toys-co-ltd.html#exhibitorheadline
"Wenzhou Zhibishu Baby Products Co., Ltd.","Wenzhou Zobtree Baby & Child Products Co., Ltd. (Zobtree) was established in 2019 and is located in Qiaoxia Town, Wenzhou...","11, H33",/shenzhen/en/exhibitor-search.detail.html/wenzhou-zhibishu-baby-products-co-ltd.html#exhibitorheadline,https://shenzhen-international-stroller-mother-and-baby-product-fair.hk.messefrankfurt.com/shenzhen/en/exhibitor-search.detail.html/wenzhou-zhibishu-baby-products-co-ltd.html#exhibitorheadline
"Xingtai Chaonuo Children Toys Co.,Ltd",,"11, J21",/shenzhen/en/exhibitor-search.detail.html/xingtai-chaonuo-children-toys-coltd.html#exhibitorheadline,https://shenzhen-international-stroller-mother-and-baby-product-fair.hk.messefrankfurt.com/shenzhen/en/exhibitor-search.detail.html/xingtai-chaonuo-children-toys-coltd.html#exhibitorheadline
"Xingtai Chimao Children's Toys Co., LTD","Xingtai Chimao Children’s Toys Co., Ltd. is situated in Hegumiao Town, Pingxiang County, Hebei Province—a nationally renowned...","11, N43",/shenzhen/en/exhibitor-search.detail.html/xingtai-chimao-childrens-toys-co-ltd.html#exhibitorheadline,https://shenzhen-international-stroller-mother-and-baby-product-fair.hk.messefrankfurt.com/shenzhen/en/exhibitor-search.detail.html/xingtai-chimao-childrens-toys-co-ltd.html#exhibitorheadline
"Xingtai Dingya Exhibition Service Co.,Ltd",,3 Booths,/shenzhen/en/exhibitor-search.detail.html/xingtai-dingya-exhibition-service-coltd.html#exhibitorheadline,https://shenzhen-international-stroller-mother-and-baby-product-fair.hk.messefrankfurt.com/shenzhen/en/exhibitor-search.detail.html/xingtai-dingya-exhibition-service-coltd.html#exhibitorheadline
"Xingtai Kuman Technology Co.,Ltd",,"11, R23",/shenzhen/en/exhibitor-search.detail.html/xingtai-kuman-technology-coltd.html#exhibitorheadline,https://shenzhen-international-stroller-mother-and-baby-product-fair.hk.messefrankfurt.com/shenzhen/en/exhibitor-search.detail.html/xingtai-kuman-technology-coltd.html#exhibitorheadline
"Xingtai Laima Children's Toys Co., Ltd",,"11, P27",/shenzhen/en/exhibitor-search.detail.html/xingtai-laima-childrens-toys-co-ltd.html#exhibitorheadline,https://shenzhen-international-stroller-mother-and-baby-product-fair.hk.messefrankfurt.com/shenzhen/en/exhibitor-search.detail.html/xingtai-laima-childrens-toys-co-ltd.html#exhibitorheadline
"Xingtai Qidian Children's Toys Co.,Ltd.","Xingtai Qidian Children's Toys Co., Ltd., specialising in the manufacture of baby high chairs.","11, J11",/shenzhen/en/exhibitor-search.detail.html/xingtai-qidian-childrens-toys-coltd.html#exhibitorheadline,https://shenzhen-international-stroller-mother-and-baby-product-fair.hk.messefrankfurt.com/shenzhen/en/exhibitor-search.detail.html/xingtai-qidian-childrens-toys-coltd.html#exhibitorheadline
"Xingtai Qiuniao Children's Toys Co., LTD","Xingtai QiuNiao Children’s Toys Co., Ltd. specialises in the manufacture of playpens for children. We offer customisation...","11, R35",/shenzhen/en/exhibitor-search.detail.html/xingtai-qiuniao-childrens-toys-co-ltd.html#exhibitorheadline,https://shenzhen-international-stroller-mother-and-baby-product-fair.hk.messefrankfurt.com/shenzhen/en/exhibitor-search.detail.html/xingtai-qiuniao-childrens-toys-co-ltd.html#exhibitorheadline
"Xingtai Qiyue Children's Toys Co., Ltd.","Our company is an innovative manufacturer specialising in children’s ride-on toys, with a core product range encompassing...","11, J34",/shenzhen/en/exhibitor-search.detail.html/xingtai-qiyue-childrens-toys-co-ltd.html#exhibitorheadline,https://shenzhen-international-stroller-mother-and-baby-product-fair.hk.messefrankfurt.com/shenzhen/en/exhibitor-search.detail.html/xingtai-qiyue-childrens-toys-co-ltd.html#exhibitorheadline
"Xingtai Xingzai children Toys Co.,Ltd",,,/shenzhen/en/exhibitor-search.detail.html/xingtai-xingzai-children-toys-coltd.html#exhibitorheadline,https://shenzhen-international-stroller-mother-and-baby-product-fair.hk.messefrankfurt.com/shenzhen/en/exhibitor-search.detail.html/xingtai-xingzai-children-toys-coltd.html#exhibitorheadline
永嘉心启游乐设备有限公司,,"11, P33",/shenzhen/en/exhibitor-search.detail.html/yongjia-xinqi-amusement-equipment-co-ltd.html#exhibitorheadline,https://shenzhen-international-stroller-mother-and-baby-product-fair.hk.messefrankfurt.com/shenzhen/en/exhibitor-search.detail.html/yongjia-xinqi-amusement-equipment-co-ltd.html#exhibitorheadline
"Yongkang Fashion Naughty Fitness Equipment Co., Ltd.",,"11, J09",/shenzhen/en/exhibitor-search.detail.html/yongkang-fashion-naughty-fitness-equipment-co-ltd.html#exhibitorheadline,https://shenzhen-international-stroller-mother-and-baby-product-fair.hk.messefrankfurt.com/shenzhen/en/exhibitor-search.detail.html/yongkang-fashion-naughty-fitness-equipment-co-ltd.html#exhibitorheadline
"Yongkang First Industry And Trade Co.,Ltd",,"11, P29",/shenzhen/en/exhibitor-search.detail.html/yongkang-first-industry-and-trade-coltd.html#exhibitorheadline,https://shenzhen-international-stroller-mother-and-baby-product-fair.hk.messefrankfurt.com/shenzhen/en/exhibitor-search.detail.html/yongkang-first-industry-and-trade-coltd.html#exhibitorheadline
"YongKang Kaheng Industry And Trade Co.,Ltd.",,"11, T13",/shenzhen/en/exhibitor-search.detail.html/yongkang-kaheng-industry-and-trade-coltd.html#exhibitorheadline,https://shenzhen-international-stroller-mother-and-baby-product-fair.hk.messefrankfurt.com/shenzhen/en/exhibitor-search.detail.html/yongkang-kaheng-industry-and-trade-coltd.html#exhibitorheadline
"Yongkang Tingjin Sport & Leisure Articles Co.,Ltd.",,"11, M30",/shenzhen/en/exhibitor-search.detail.html/yongkang-tingjin-sport--leisure-articles-coltd.html#exhibitorheadline,https://shenzhen-international-stroller-mother-and-baby-product-fair.hk.messefrankfurt.com/shenzhen/en/exhibitor-search.detail.html/yongkang-tingjin-sport--leisure-articles-coltd.html#exhibitorheadline
邢台三条鱼婴童用品有限公司,,"11, E43",/shenzhen/en/exhibitor-search.detail.html/e3632322-c886-4d13-890b-a3f0d175008e.html#exhibitorheadline,https://shenzhen-international-stroller-mother-and-baby-product-fair.hk.messefrankfurt.com/shenzhen/en/exhibitor-search.detail.html/e3632322-c886-4d13-890b-a3f0d175008e.html#exhibitorheadline
亿轩婴童用品（广宗县）有限公司,,,/shenzhen/en/exhibitor-search.detail.html/2e9fa8df-c383-42b3-9a78-c30bb2f33822.html#exhibitorheadline,https://shenzhen-international-stroller-mother-and-baby-product-fair.hk.messefrankfurt.com/shenzhen/en/exhibitor-search.detail.html/2e9fa8df-c383-42b3-9a78-c30bb2f33822.html#exhibitorheadline
"Wenzhou Helulu Amusement Equipment Co., Ltd.",,"12, N36",/shenzhen/en/exhibitor-search.detail.html/0a02e66a-184d-4e59-a858-dba6cb0bfcf2.html#exhibitorheadline,https://shenzhen-international-stroller-mother-and-baby-product-fair.hk.messefrankfurt.com/shenzhen/en/exhibitor-search.detail.html/0a02e66a-184d-4e59-a858-dba6cb0bfcf2.html#exhibitorheadline
邢台天慧儿童玩具有限公司,,"11, E44",/shenzhen/en/exhibitor-search.detail.html/30838202-560d-4ca4-a0fb-702637c1ae40.html#exhibitorheadline,https://shenzhen-international-stroller-mother-and-baby-product-fair.hk.messefrankfurt.com/shenzhen/en/exhibitor-search.detail.html/30838202-560d-4ca4-a0fb-702637c1ae40.html#exhibitorheadline
平乡县悦玩儿童玩具有限公司,,,/shenzhen/en/exhibitor-search.detail.html/bcc85699-8d41-4e81-94ba-487be909250b.html#exhibitorheadline,https://shenzhen-international-stroller-mother-and-baby-product-fair.hk.messefrankfurt.com/shenzhen/en/exhibitor-search.detail.html/bcc85699-8d41-4e81-94ba-487be909250b.html#exhibitorheadline
温州亿点游乐设备有限公司,,,/shenzhen/en/exhibitor-search.detail.html/134e38cc-0945-4c65-86bd-e6d9d724db4b.html#exhibitorheadline,https://shenzhen-international-stroller-mother-and-baby-product-fair.hk.messefrankfurt.com/shenzhen/en/exhibitor-search.detail.html/134e38cc-0945-4c65-86bd-e6d9d724db4b.html#exhibitorheadline
平乡县争张儿童玩具厂,,"11, E37",/shenzhen/en/exhibitor-search.detail.html/788551b8-a2dc-47d0-977f-58b58fb7ce57.html#exhibitorheadline,https://shenzhen-international-stroller-mother-and-baby-product-fair.hk.messefrankfurt.com/shenzhen/en/exhibitor-search.detail.html/788551b8-a2dc-47d0-977f-58b58fb7ce57.html#exhibitorheadline
RUOYU STUDIO,,"11, T23",/shenzhen/en/exhibitor-search.detail.html/ruoyu-studio.html#exhibitorheadline,https://shenzhen-international-stroller-mother-and-baby-product-fair.hk.messefrankfurt.com/shenzhen/en/exhibitor-search.detail.html/ruoyu-studio.html#exhibitorheadline
"Hebei Little Jelly Children's Toys Co., Ltd.",,"11, K34",/shenzhen/en/exhibitor-search.detail.html/1562831d-4ef0-4d8a-b7e6-c6632d73027d.html#exhibitorheadline,https://shenzhen-international-stroller-mother-and-baby-product-fair.hk.messefrankfurt.com/shenzhen/en/exhibitor-search.detail.html/1562831d-4ef0-4d8a-b7e6-c6632d73027d.html#exhibitorheadline
"Lanxue Smart Tech (Shanghai) Co.,Ltd.",,"11, J01",/shenzhen/en/exhibitor-search.detail.html/lanxue-smart-tech-shanghai-coltd.html#exhibitorheadline,https://shenzhen-international-stroller-mother-and-baby-product-fair.hk.messefrankfurt.com/shenzhen/en/exhibitor-search.detail.html/lanxue-smart-tech-shanghai-coltd.html#exhibitorheadline
"Xingtai Maimeng Children's Products Co., Ltd.",,"11, P28",/shenzhen/en/exhibitor-search.detail.html/1e42f910-490b-4442-adba-69611799984d.html#exhibitorheadline,https://shenzhen-international-stroller-mother-and-baby-product-fair.hk.messefrankfurt.com/shenzhen/en/exhibitor-search.detail.html/1e42f910-490b-4442-adba-69611799984d.html#exhibitorheadline
"Wenzhou Wu Awa Toys Co., Ltd.",,"11, N23",/shenzhen/en/exhibitor-search.detail.html/9f260455-7c07-42cf-875a-bec44554be57.html#exhibitorheadline,https://shenzhen-international-stroller-mother-and-baby-product-fair.hk.messefrankfurt.com/shenzhen/en/exhibitor-search.detail.html/9f260455-7c07-42cf-875a-bec44554be57.html#exhibitorheadline
Pingxiang Star Children's Toy Factory,,"11, N44",/shenzhen/en/exhibitor-search.detail.html/de2fd541-135e-4802-86d7-c97d2b8ddc89.html#exhibitorheadline,https://shenzhen-international-stroller-mother-and-baby-product-fair.hk.messefrankfurt.com/shenzhen/en/exhibitor-search.detail.html/de2fd541-135e-4802-86d7-c97d2b8ddc89.html#exhibitorheadline
PanAsia Lido,,"11, R33",/shenzhen/en/exhibitor-search.detail.html/panasia-lido.html#exhibitorheadline,https://shenzhen-international-stroller-mother-and-baby-product-fair.hk.messefrankfurt.com/shenzhen/en/exhibitor-search.detail.html/panasia-lido.html#exhibitorheadline
"‌Xingtai Xinfeng Children's Toys Co., Ltd.",,"11, N36",/shenzhen/en/exhibitor-search.detail.html/xingtai-xinfeng-childrens-toys-co-ltd.html#exhibitorheadline,https://shenzhen-international-stroller-mother-and-baby-product-fair.hk.messefrankfurt.com/shenzhen/en/exhibitor-search.detail.html/xingtai-xinfeng-childrens-toys-co-ltd.html#exhibitorheadline
"Handan Weilaibao Toys Co., Ltd",,"11, N35",/shenzhen/en/exhibitor-search.detail.html/handan-weilaibao-toys-co-ltd.html#exhibitorheadline,https://shenzhen-international-stroller-mother-and-baby-product-fair.hk.messefrankfurt.com/shenzhen/en/exhibitor-search.detail.html/handan-weilaibao-toys-co-ltd.html#exhibitorheadline
"Jieyang Binghe Children's Products Co., Ltd.",,"11, R31",/shenzhen/en/exhibitor-search.detail.html/jieyang-binghe-childrens-products-co-ltd.html#exhibitorheadline,https://shenzhen-international-stroller-mother-and-baby-product-fair.hk.messefrankfurt.com/shenzhen/en/exhibitor-search.detail.html/jieyang-binghe-childrens-products-co-ltd.html#exhibitorheadline
"Hebei Chuangyi Children's Toys Technology Co., Ltd.",,"11, N36",/shenzhen/en/exhibitor-search.detail.html/hebei-chuangyi-childrens-toys-technology-co-ltd.html#exhibitorheadline,https://shenzhen-international-stroller-mother-and-baby-product-fair.hk.messefrankfurt.com/shenzhen/en/exhibitor-search.detail.html/hebei-chuangyi-childrens-toys-technology-co-ltd.html#exhibitorheadline
"Yongjia County Leli Amusement Equipment Co., Ltd.",,"11, J35",/shenzhen/en/exhibitor-search.detail.html/yongjia-county-leli-amusement-equipment-co-ltd.html#exhibitorheadline,https://shenzhen-international-stroller-mother-and-baby-product-fair.hk.messefrankfurt.com/shenzhen/en/exhibitor-search.detail.html/yongjia-county-leli-amusement-equipment-co-ltd.html#exhibitorheadline
佛山市比酷儿童玩具有限公司,,,/shenzhen/en/exhibitor-search.detail.html/a78a589f-755a-4feb-8d29-995c7d0ec4d6.html#exhibitorheadline,https://shenzhen-international-stroller-mother-and-baby-product-fair.hk.messefrankfurt.com/shenzhen/en/exhibitor-search.detail.html/a78a589f-755a-4feb-8d29-995c7d0ec4d6.html#exhibitorheadline
"Wenzhou Yigaole Baby Products Co.,Ltd.",,"11, T15",/shenzhen/en/exhibitor-search.detail.html/wenzhou-yigaole-baby-products-coltd.html#exhibitorheadline,https://shenzhen-international-stroller-mother-and-baby-product-fair.hk.messefrankfurt.com/shenzhen/en/exhibitor-search.detail.html/wenzhou-yigaole-baby-products-coltd.html#exhibitorheadline
"Xiaoshudian Toy Co.,Ltd",,,/shenzhen/en/exhibitor-search.detail.html/xiaoshudian-toy-coltd.html#exhibitorheadline,https://shenzhen-international-stroller-mother-and-baby-product-fair.hk.messefrankfurt.com/shenzhen/en/exhibitor-search.detail.html/xiaoshudian-toy-coltd.html#exhibitorheadline
"Xingtai Xinya Children's Toys Co., LTD",,"11, N33",/shenzhen/en/exhibitor-search.detail.html/xingtai-xinya-childrens-toys-co-ltd.html#exhibitorheadline,https://shenzhen-international-stroller-mother-and-baby-product-fair.hk.messefrankfurt.com/shenzhen/en/exhibitor-search.detail.html/xingtai-xinya-childrens-toys-co-ltd.html#exhibitorheadline
"SHANGHAI XUANYA CULTURE COMMUNICATION CO.,LTD.",,,/shenzhen/en/exhibitor-search.detail.html/shanghai-xuanya-culture-communication-coltd.html#exhibitorheadline,https://shenzhen-international-stroller-mother-and-baby-product-fair.hk.messefrankfurt.com/shenzhen/en/exhibitor-search.detail.html/shanghai-xuanya-culture-communication-coltd.html#exhibitorheadline
"Pingxiang Jin Cheng Children's Vehicle Co., Ltd.",,"11, P30",/shenzhen/en/exhibitor-search.detail.html/f1e7be7a-0f98-476f-9567-453d3e8bc310.html#exhibitorheadline,https://shenzhen-international-stroller-mother-and-baby-product-fair.hk.messefrankfurt.com/shenzhen/en/exhibitor-search.detail.html/f1e7be7a-0f98-476f-9567-453d3e8bc310.html#exhibitorheadline
"Zhangzhou City Yingzhili Baby And Child Goods Co.,Ltd.","Yingzhi Li Baby Products Co., Ltd. is a specialist enterprise dedicated to the research, development and manufacture of baby...",2 Booths,/shenzhen/en/exhibitor-search.detail.html/zhangzhou-city-yingzhili-baby-and-child-goods-coltd.html#exhibitorheadline,https://shenzhen-international-stroller-mother-and-baby-product-fair.hk.messefrankfurt.com/shenzhen/en/exhibitor-search.detail.html/zhangzhou-city-yingzhili-baby-and-child-goods-coltd.html#exhibitorheadline
"Zhejiang Bold Baby Products Manufacturing Co., Ltd.",,"11, M23",/shenzhen/en/exhibitor-search.detail.html/zhejiang-bold-baby-products-manufacturing-co-ltd.html#exhibitorheadline,https://shenzhen-international-stroller-mother-and-baby-product-fair.hk.messefrankfurt.com/shenzhen/en/exhibitor-search.detail.html/zhejiang-bold-baby-products-manufacturing-co-ltd.html#exhibitorheadline
"Zhejiang Jike Industry & Trade Co.,Ltd",,"11, L44",/shenzhen/en/exhibitor-search.detail.html/zhejiang-jike-industry--trade-coltd.html#exhibitorheadline,https://shenzhen-international-stroller-mother-and-baby-product-fair.hk.messefrankfurt.com/shenzhen/en/exhibitor-search.detail.html/zhejiang-jike-industry--trade-coltd.html#exhibitorheadline
Zhejiang Lebei Children Products Co Ltd,"In 1999, the company was established as one of the earliest factories in China specializing in the production of wiggle cars...","11, G44",/shenzhen/en/exhibitor-search.detail.html/zhejiang-lebei-children-products-co-ltd.html#exhibitorheadline,https://shenzhen-international-stroller-mother-and-baby-product-fair.hk.messefrankfurt.com/shenzhen/en/exhibitor-search.detail.html/zhejiang-lebei-children-products-co-ltd.html#exhibitorheadline
