"card-image href","logourl src","card-title","card-title 3","ExhList_Desc","info-item 2","info-item 3","info-item 4","info-item 5","info-item 6","info-item 7","info-item 8","info-item 9","info-item 10"
"https://exhibitors.informamarkets-info.com/event/RBHK2026/en-US/exhibitor/487494/airpurchase-(hong-kong)-limited","https://oemfile.informamarkets-info.com/FileUpload/RBHK2026_44490/RBHK2026046242026072711312086Company.jpg","Airpurchase (Hong Kong) Limited","AirPurchase (Hong Kong) Limited","AirPurchase is an AI-powered procurement, inventory, and central kitchen management platform purpose-built for the F&B industry. It streamlines complex, labour-intensive operations and, through seamless integration with POS and accounting systems, enables restaurants to reduce costs and achieve data-driven management.","Hong Kong,S.A.R.,China","Hall No.:","Hall 5FG","Stand No.							 	:","5F-D16","Category:","Data Processing, Computer Hardware / Technology Services, Business Intelligence / Business Analytics / Management System, CCTV/ Surveillance System & Supplies, Inventory / Logistic / Supply Chain Management","",""
"https://exhibitors.informamarkets-info.com/event/RBHK2026/en-US/exhibitor/486006/aplex-capital-holdings-limited","https://oemfile.informamarkets-info.com/FileUpload/RBHK2026_44490/RBHK20260414620260716155055819Company.jpg","Aplex Capital Holdings Limited","日本貨好友站","","Hong Kong,S.A.R.,China","Hall No.:","Hall 5FG","Stand No.							 	:","5G-E21","Category:","","",""
"https://exhibitors.informamarkets-info.com/event/RBHK2026/en-US/exhibitor/486004/athena-tableware-hk-limited","https://oemfile.informamarkets-info.com/FileUpload/RBHK2026_44490/RBHK20260010320260714152051094Company.jpg","Athena Tableware HK Limited","雅典娜（香港）有限公司","Over past 20 years, Athena specializes in design, manufacture and supply of professional flatware, hollow ware, buffet display, ceramics, tabletop, service ware and chafing dish, covering all aspects of tableware. Our collections reflect a taste of modern simplicity and casual elegance which match easily with nowadays hotel and restaurant's fulfillment.","Hong Kong,S.A.R.,China","Hall No.:","Hall 5FG","Stand No.							 	:","5F-D05","Category:","Airline Catering Equipment, Cooking Equipment, Cookware & Kitchen Supplies, Bar / Beverage Equipment & Accessories, Buffet & Display Equipment,","Smallwares & Accessories, Tabletop, Buffet & Display Equipment, Lobby Equipment & Supplies, Environmental Protection Engineering & Waste Reduction, Bed and Beddings, Cookware & Hollowware, Ceramics & Chinaware, Glassware","etc..."
"https://exhibitors.informamarkets-info.com/event/RBHK2026/en-US/exhibitor/486741/black-bridge-food-co---ltd-","https://oemfile.informamarkets-info.com/FileUpload/RBHK2026_44490/RBHK202601345S00120260710090600482Company.png","Black Bridge Food Co., LTD.","黑橋牌企業股份有限公司","Our company story started in 1957. The flavor of Taiwanese sausage was salty and the texture was hard by that time. Our founder Mr. Chen successfully improved the taste by using only fresh pork and became the founder of Taiwanese sausage. When it comes to Taiwanese sausage, Black Bridge always appears in people’s mind.","TAIWAN,CHINA","Hall No.:","Hall 5FG","Stand No.							 	:","5G-B21","Category:","Other Canned / Processed Food, Chilled / Frozen Meat, Pork & Pork Products","",""
"https://exhibitors.informamarkets-info.com/event/RBHK2026/en-US/exhibitor/500227/boncafe","https://oemfile.informamarkets-info.com/FileUpload/RBHK2026_44490/RBHK20260016120260812115551123Company.png","Boncafe' (Hong Kong) Limited","Boncafe' (Hong Kong) Limited","Boncafé (Hong Kong) Limited, part of Massimo Zanetti Beverage Group, imports and distributes premium coffee, tea, chocolate, machines, and beverage equipment to foodservice market. Its portfolio includes Boncafé and Segafredo Zanetti coffee, Ceado grinders, noomoo plant-based milk, and CaféMatic fully automatic coffee machines, supported by expert training, tailored coffee solutions, and reliable technical service.","Hong Kong,S.A.R.,China","Hall No.:","Hall 5FG,","Stand No.							 	:","5G-Z04,5G-Z08","Category:","Coffee Beans / Grounds, Coffee Grinders, Espresso Machines, Tea Leaves, Free from-Lactose and Diary","",""
"https://exhibitors.informamarkets-info.com/event/RBHK2026/en-US/exhibitor/485987/brightlinks-international-trade-co---limited","https://oemfile.informamarkets-info.com/FileUpload/RBHK2026_44490/RBHK20260458920260715152858708Company.png","Brightlinks International Trade Co., Limited","優鏈國際貿易有限公司","BRIGHTLINKS INTERNATIONAL TRADE CO.,LIMITED/LANGMA has provided one-stop F&B solutions for coffee, tea, bakery and light meals since 2019. Our full team handles R&D, design, production and logistics with efficient, customer-centric service.","Hong Kong,S.A.R.,China","Hall No.:","Hall 5FG","Stand No.							 	:","5F-D26","Category:","Packaging Equipment / Materials, Clothing / Protective Wears / Uniforms, Packaging Equipment / Materials, Gifts & Souvenirs","",""
"https://exhibitors.informamarkets-info.com/event/RBHK2026/en-US/exhibitor/486051/brilliant-universal-limited","https://oemfile.informamarkets-info.com/FileUpload/RBHK2026_44490/RBHK20260018020260729162726495Company.jpg","Brilliant Universal Limited","百利行環球有限公司","Brilliant Universal Limited (BUL), established in Hong Kong in 2008, is an importer and distributor of premium Asian food and beverage brands. We bring quality products from Thailand and Malaysia to supermarkets, hotels, online channels and independent retailers across Hong Kong and Macau.","Hong Kong,S.A.R.,China","Hall No.:","Hall 5FG","Stand No.							 	:","5G-D12","Category:","Juices & Concentrates, Canned / Processed Fruits, Canned / Processed Vegetables, Herbs / Spices / Seasonings, Sauces / Dressings,","Confectionery / Snacks / Candy, Nuts & Seeds, Instant Food, Dried Fruits, Cereals & Cereal Products, Health / Natural / Organic Food, Coconut Products, Free from-Sugars, Baby & Children's Foods, Ethnic Foods","etc..."
"https://exhibitors.informamarkets-info.com/event/RBHK2026/en-US/exhibitor/498362/caffeination-international-limited-%E2%80%93-cupping-room","https://oemfile.informamarkets-info.com/FileUpload/RBHK2026_44490/RBHK20260465120260810162113766Company.png","Caffeination International Limited – cupping room","Caffeination International Limited – cupping room","cupping room is an award-winning specialty coffee roastery founded in Hong Kong in 2011. With seven locations across Hong Kong, we make exceptional coffee accessible to more communities. We source outstanding green beans worldwide and carefully roast them in small batches to reveal each coffee’s unique origin, aroma, sweetness, acidity, and clarity—brewed with precision and passion.","Hong Kong,S.A.R.,China","Hall No.:","Hall 5FG","Stand No.							 	:","5G-Z06","Category:","Coffee Beans / Grounds, Coffee Pods / Capsules, Coffee Supplies & Accessories, Filtering Product, Cakes & Waffles,","Capsule Machines, Espresso Machines, Filtering Product","etc..."
"https://exhibitors.informamarkets-info.com/event/RBHK2026/en-US/exhibitor/487495/cangzhou-sihong-date-industry-co---ltd-","https://oemfile.informamarkets-info.com/FileUpload/RBHK2026_44490/RBHK202604354S00320260710141018168Company.png","Cangzhou Sihong Date Industry Co., Ltd.","沧州思宏枣业有限公司","Cangzhou Sihong Date Industry Co., Ltd. manufactures and exports jujube goods, nuts and snacks. We cover planting, production and global sales with strict food safety tests meeting international standards. Our items sell well across Southeast Asia, Europe, America and Australia. We offer steady quality, competitive prices and custom services for global partners.","CHINA","Hall No.:","Hall 5FG","Stand No.							 	:","5G-H09","Category:","Confectionery / Snacks / Candy, Nuts & Seeds, Dried Fruits, Dietary Food / Food Supplements, Health / Natural / Organic Food,","Free from-Artificial Ingredients, Speciality Foods","etc..."
"https://exhibitors.informamarkets-info.com/event/RBHK2026/en-US/exhibitor/485996/catch-gold-technology-company-limited","https://oemfile.informamarkets-info.com/FileUpload/RBHK2026_44490/RBHK20260422920260731195027143Company.png","Catch Gold Technology Company Limited","Catch Gold Technology Company Limited","As a leading commercial agency, CG is dedicated to building a comprehensive ecosystem for the F&B industry. By integrating top-tier brands in online marketing—including Meituan, Dianping, and Amap—with offline management solutions such as Sunmi and ezPOS, we comprehensively empower F&B industry to achieve digital transformation and business growth.","Hong Kong,S.A.R.,China","Hall No.:","Hall 5FG","Stand No.							 	:","5F-E12","Category:","Automation, Mobile Apps & Website Solutions, Computer Hardware / Technology Services, Consultancy & Management, E-Commerce Solution,","Mobile Apps & Website Solutions, Payment System, Digital Marketing / Solution","etc..."
"https://exhibitors.informamarkets-info.com/event/RBHK2026/en-US/exhibitor/485982/century-food-company-limited","https://oemfile.informamarkets-info.com/FileUpload/RBHK2026_44490/RBHK20260187620260715095109053Company.png","Century Food Company Limited","Century Food Company Limited","Century Food Company Limited is a wholly owned subsidiary of a Canadian company listed on the TSX. We are keen on sourcing Quality food products from around the world for Hong Kong, Macau, and the Asia Pacific. We are currently carrying No.1 Egg & Sausage from Australia, Iberico and Olive Pork from Spain and Processed Foods from Taiwan.","Hong Kong,S.A.R.,China","Hall No.:","Hall 5FG","Stand No.							 	:","5G-B01","Category:","Eggs / Egg Products, Canned / Processed Meat, Chilled / Frozen Meat, Eggs / Egg Products, Canned / Processed Meat,","Chilled / Frozen Meat, Beef & Beef Products, Pork & Pork Products","etc..."
"https://exhibitors.informamarkets-info.com/event/RBHK2026/en-US/exhibitor/490635/champion-group-international-limited","https://oemfile.informamarkets-info.com/FileUpload/RBHK2026_44490/RBHK20260025920260724162021278Company.jpg","Champion Group International Limited","Champion Group International Limited","Champion Group, established in 1994, is a Hong Kong-based provider of integrated cleaning and hygiene solutions with over 30 years of experience. Serving sectors such as F&B, hospitality, property management, healthcare, and education, the Group operates two international production facilities and delivers end-to-end services from R&D to after-sales support.","Hong Kong,S.A.R.,China","Hall No.:","Hall 5FG","Stand No.							 	:","5F-D21","Category:","Cleaning / Maintenance Equipment","",""
"https://exhibitors.informamarkets-info.com/event/RBHK2026/en-US/exhibitor/485999/charming-international-(hk)-group-limited","https://oemfile.informamarkets-info.com/FileUpload/RBHK2026_44490/RBHK20260359220260708160041944Company.jpeg","Charming International (HK) Group Limited","長明國際（香港）集團有限公司","Hidee under Changming Int'l boasts 31 years in aquaculture with a full industrial chain & 3,000-acre farms. HACCP certified, we supply seafood & ready meals exported to 50+ countries, welcoming global partners for cooperation.","Hong Kong,S.A.R.,China","Hall No.:","Hall 5FG","Stand No.							 	:","5G-D21","Category:","Juices & Concentrates, Health / Organic Drinks, Frozen Seafood, Tartlet / Pastry / Pie / Pastry Products, Soup,","Beans & Bean Products, Fresh Fruits & Vegetables, Organic Fruits & Vegetables, Noodles, Health / Natural / Organic Food, Abalone, Beef & Beef Products, Pork & Pork Products, Poultry & Poultry Products","etc..."
"https://exhibitors.informamarkets-info.com/event/RBHK2026/en-US/exhibitor/486024/cheung-tai-hong-foods-limited","https://oemfile.informamarkets-info.com/FileUpload/RBHK2026_44490/RBHK2026017252026071316184476Company.JPG","Cheung Tai Hong Foods Limited","祥泰行食品有限公司","Established in 1948, Cheung Tai Hong Foods Limited aims to provide quality food stuff and service to food caterers, wholesalers and retailers. Apart from our private  brands “Unique Taste” MSG, we are the official partners of Singaporean” Tee Yih Jian” and “Ajinomoto”. Furthermore, we now provide the high-quality  Korean  Frozen Seafood and Grocery.","Hong Kong,S.A.R.,China","Hall No.:","Hall 5FG","Stand No.							 	:","5G-A21","Category:","Canned / Processed Meat, Canned / Processed Seafood, Chilled / Frozen Meat, Frozen Seafood, Herbs / Spices / Seasonings,","Sauces / Dressings, Bread & Pizzas, Cakes & Waffles, Instant Food, Noodles, Abalone, Chilled / Frozen Meat, Pork & Pork Products, Poultry & Poultry Products, Japanese Wine","etc..."
"https://exhibitors.informamarkets-info.com/event/RBHK2026/en-US/exhibitor/486022/continental-clean-tech-limited","https://oemfile.informamarkets-info.com/FileUpload/RBHK2026_44490/RBHK2026033482026072210302641Company.png","Continental Clean Tech Limited","Continental Clean Tech Limited","CCTL 洗碗博士 professional Commercial DishWashing Manufacturer designs-manufactures: Under-Counter, Door, Basic Conveyor, and Conveyor with built-in Pre-wash Dishwashers in CCTL’s quality DongGuan factory. 
CCTL Dishwashers hold international patents for Energy Saving, Iot, Intelligent Control, Safety design… and are approved by the Hong Kong Government HKFED. We OEM, ODM, manufacture, sell, and lease Commercial DishWashers.","Hong Kong,S.A.R.,China","Hall No.:","Hall 5FG","Stand No.							 	:","5F-F15","Category:","Dishwasher","",""
"https://exhibitors.informamarkets-info.com/event/RBHK2026/en-US/exhibitor/486045/cooking-mission","https://oemfile.informamarkets-info.com/FileUpload/RBHK2026_44490/RBHK20260460620260711110238579Company.jpg","Cooking Mission","Cooking Mission","Cooking Mission specializes in high-quality pastry, semi-finished, and ready-to-eat foods, operating under ISO-22000 and HACCP standards. With expertise across Asian and Western cuisines, we provide Central Kitchen, OEM, and ODM services. Our certified Hong Kong facility delivers innovative, safe, and delicious products, helping partners save costs, streamline operations, and enhance hospitality.","Hong Kong,S.A.R.,China","Hall No.:","Hall 5FG","Stand No.							 	:","5G-E13","Category:","Canned / Processed Meat, Sauces / Dressings, Biscuits & Crackers, Cakes & Waffles, Tartlet / Pastry / Pie / Pastry Products,","Ready Meals, Soup, Pasta","etc..."
"https://exhibitors.informamarkets-info.com/event/RBHK2026/en-US/exhibitor/486040/delta-pyramax-company-limited","https://oemfile.informamarkets-info.com/FileUpload/RBHK2026_44490/RBHK2026016432026070312534475Company.png","DELTA PYRAMAX COMPANY LIMITED","佳澤科技有限公司","Delta Pyramax promotes sustainability with eco-friendly kitchen equipment. They focus on energy efficiency, reducing waste, and using sustainable materials. Their innovative technologies include effective ""Green Kitchen"" food waste management, biological FOG (Fat, Oil, and Grease) solutions, and advanced hot food holding equipment like Flexeserve, which maintains consistent temperatures and reduces food waste, making kitchens greener and more efficient.","Hong Kong,S.A.R.,China","Hall No.:","Hall 5FG","Stand No.							 	:","5F-F16","Category:","Extractors, Food Holding & Warming Equipment, Buffet & Display Equipment, Cleaning / Maintenance Equipment, Waste Management,","Buffet & Display Equipment, Cleaning Products and Accessories, Cleaning / Maintenance Equipment, Environmental Protection Engineering & Waste Reduction, Housekeeping Supplies & Services, Laundry Equipment & Supplies, Furniture and Fittings (Outdoor), Furniture and Fittings (Indoor), Access Management & Supplies","etc..."
"https://exhibitors.informamarkets-info.com/event/RBHK2026/en-US/exhibitor/486037/easy-printing-network-limited","https://oemfile.informamarkets-info.com/FileUpload/RBHK2026_44490/RBHK20260346720260724145001423Company.png","Easy Printing Network Limited","Easy Printing Network Limited","PackLab by JoinPrint aims to provide custom eco-friendly takeaway packaging and other printing services to restaurants, brands, and groups of all sizes.
Packlab owns and runs their factory in Dongguan, headquarted in Hong Kong.","Hong Kong,S.A.R.,China","Hall No.:","Hall 5FG","Stand No.							 	:","5F-E11","Category:","Packaging Equipment / Materials, Coffee Supplies & Accessories, Disposables, Tabletop, Data Processing,","Accounting / Billing Systems, Retail Solutions, Flatware, Silverware, Biodegradable Kitchenware, Sustainable Products","etc..."
"https://exhibitors.informamarkets-info.com/event/RBHK2026/en-US/exhibitor/493847/easystore-commerce-sdn-bhd--taiwan-branch","https://oemfile.informamarkets-info.com/FileUpload/RBHK2026_44490/RBHK20260463620260724100633834Company.png","EasyStore Commerce Sdn Bhd, Taiwan Branch","馬來西亞商易市多有限公司台灣分公司","We are passionate about helping businesses achieve their full potential. Our solution unifies your online and offline business, increasing efficiency and reducing cost.","TAIWAN,CHINA","Hall No.:","Hall 5FG","Stand No.							 	:","5F-C16","Category:","Point-of-Sales and Related Systems, Retail Solutions, Mobile Apps & Website Solutions, E-Commerce Solution","",""
"https://exhibitors.informamarkets-info.com/event/RBHK2026/en-US/exhibitor/485997/eat-the-kiwi","https://oemfile.informamarkets-info.com/FileUpload/RBHK2026_44490/RBHK20260217420260716103136061Company.png","EAT THE KIWI","EAT THE KIWI","Eat The Kiwi focused on finding the freshest and finest ingredients from across New Zealand, a country with a  worldwide reputation for its unspoilt natural environment, pure water supply, fertile soils, clean air and lush  pastures. Its ability to grow and nourish premium ingredients is something we are tremendously proud of.","Hong Kong,S.A.R.,China","Hall No.:","Hall 5FG","Stand No.							 	:","5G-D28","Category:","Juices & Concentrates, Frozen Seafood, Sauces / Dressings, Jams & Spreads, Soup,","Yoghurt, Eggs / Egg Products, Dried Fruits, Cereals & Cereal Products, Fresh Seafood, Chilled / Frozen Meat, Beef & Beef Products, Wagyu, Lamb & Lamb Products, Poultry & Poultry Products","etc..."
"https://exhibitors.informamarkets-info.com/event/RBHK2026/en-US/exhibitor/485981/eats365-hong-kong-limited","https://oemfile.informamarkets-info.com/FileUpload/RBHK2026_44490/RBHK20260319120260707161533184Company.png","Eats365 Hong Kong Limited","Eats365 Hong Kong Limited","Founded in 2014, Eats365 is a leading cloud-based F&B technology platform serving over 10,000 restaurants across 34 markets with a scalable iPad POS and modular ecosystem. From self-ordering modules to integrated local payment gateways, their comprehensive solutions empower restaurants to build tailored solution that completely streamline operations, eliminate human errors, and scale effortlessly as business grows.","Hong Kong,S.A.R.,China","Hall No.:","Hall 5FG","Stand No.							 	:","5F-D01","Category:","Point-of-Sales and Related Systems, Retail Solutions, Mobile Apps & Website Solutions","",""
"https://exhibitors.informamarkets-info.com/event/RBHK2026/en-US/exhibitor/486054/ebara-foods-hong-kong-limited","https://oemfile.informamarkets-info.com/FileUpload/RBHK2026_44490/RBHK20260178620260710145659703Company.jpg","Ebara Foods Hong Kong Limited","荏原食品香港有限公司","We have a long history of reading people's needs accurately, and developing highly original products using modern technology and fresh perspectives to bring you new meal ideas.
At Ebara foods, we will continue to provide a new kind of goodness that supports the foundations of the food service industry with the kind of ""exciting taste sensation"".","Hong Kong,S.A.R.,China","Hall No.:","Hall 5FG","Stand No.							 	:","5G-D15","Category:","Sauces / Dressings","",""
"https://exhibitors.informamarkets-info.com/event/RBHK2026/en-US/exhibitor/485995/eco-park-holdings-limited","https://oemfile.informamarkets-info.com/FileUpload/RBHK2026_44490/RBHK20260040320260714114205131Company.jpg","Eco-Park Holdings Limited","Eco-Park Holdings Limited","Established in 2005, Eco-Park own a 600,000 sq. ft facility. We wholesale and supply high-quality Water-based coating and Bagasse takeaway tableware. All goods can meet the recyclability percentage standard require by the HKSAR Green Platform. ISO, FSC, GB and EU。","Hong Kong,S.A.R.,China","Hall No.:","Hall 5FG","Stand No.							 	:","5F-C21","Category:","Packaging Equipment / Materials, Disposables, Biodegradable Kitchenware, Recycled Papers, Compostable Bowls / Cutlery / Plates","",""
"https://exhibitors.informamarkets-info.com/event/RBHK2026/en-US/exhibitor/493849/elite-fresh-food-company-limited","https://oemfile.informamarkets-info.com/FileUpload/RBHK2026_44490/RBHK20260239720260729124311961Company.png","Elite Fresh Food Company Limited","Elite Fresh Food Company Limited","Since 1985, Elite Fresh Food Co. Ltd has been Hong Kong's trusted partner in food. Now family-run across three generations, we import and distribute premium Beef, Seafood, Dairy, and Pork worldwide, with exclusive partnerships including SRF, JA Wagyu, Hanwoo Korean Beef, and Isigny Ste Mère. Guided by trust, integrity, and quality, food is our passion and quality is our promise.","Hong Kong,S.A.R.,China","Hall No.:","Hall 5FG","Stand No.							 	:","5G-A11","Category:","Coffee Beans / Grounds, Canned / Processed Seafood, Chilled / Frozen Meat, Frozen Seafood, Canned / Processed Meat,","Chilled / Frozen Meat, Beef & Beef Products, Wagyu, Cold Cut / Dried / Preserved Meat, Foie Gras, Lamb & Lamb Products, Pork & Pork Products, Poultry & Poultry Products, Cheese","etc..."
"https://exhibitors.informamarkets-info.com/event/RBHK2026/en-US/exhibitor/486003/jit-foods-company-limited","https://oemfile.informamarkets-info.com/FileUpload/RBHK2026_44490/RBHK20260459620260731164243212Company.png","JIT Foods Company Limited","JIT Foods Company Limited","JIT Foods is a frozen food import company in Hong Kong. We import frozen meat and processed food directly from overseas origins and distribute in HK and Macau market.","Hong Kong,S.A.R.,China","Hall No.:","Hall 5FG","Stand No.							 	:","5G-F16","Category:","Canned / Processed Meat, Canned / Processed Vegetables, Chilled / Frozen Fruits & Vegetables, Chilled / Frozen Meat, Instant Food,","Canned / Processed Meat, Chilled / Frozen Meat, Beef & Beef Products, Pork & Pork Products, Poultry & Poultry Products","etc..."
"https://exhibitors.informamarkets-info.com/event/RBHK2026/en-US/exhibitor/485989/kanezen-hong-kong-company-limited","https://oemfile.informamarkets-info.com/FileUpload/RBHK2026_44490/RBHK20260080220260703113136694Company.jpg","Kanezen Hong Kong Company Limited","Kanezen Hong Kong Company Limited","Kanezen Hong Kong Company Limited was established in July 2011.
Over the past 15 years, we have been committed to promoting Japanese food culture and bringing a variety of high-quality Japanese ingredients into Hong Kong to serve customers from all over Hong Kong.","Hong Kong,S.A.R.,China","Hall No.:","Hall 5FG","Stand No.							 	:","5G-D01","Category:","Instant Coffee / Tea, Sauces / Dressings, Instant Food","",""
"https://exhibitors.informamarkets-info.com/event/RBHK2026/en-US/exhibitor/487875/karoo-south-africa-(hk)-pty-limited","https://oemfile.informamarkets-info.com/FileUpload/RBHK2026_44490/RBHK20260400520260708124032145Company.png","Karoo South Africa (HK) PTY Limited","Karoo South Africa (HK) PTY Limited","","Hong Kong,S.A.R.,China","Hall No.:","Hall 5FG","Stand No.							 	:","5G-E01","Category:","Chilled / Frozen Meat, Beef & Beef Products, Wagyu, Lamb & Lamb Products","",""
"https://exhibitors.informamarkets-info.com/event/RBHK2026/en-US/exhibitor/493846/king-sun-industrial-co---ltd-","https://oemfile.informamarkets-info.com/FileUpload/RBHK2026_44490/RBHK20260082220260801123312777Company.jpeg","King Sun Industrial Co., Ltd.","King Sun Industrial Co., Ltd.","As one of Hong Kong’s leading disposable food container producers, The King Sun Industrial Company has operated successfully in Hong Kong for more than forty-six years. It offers a broad product range, including lunch and breakfast boxes, bowls, trays, and plant bagasse tableware, suited to all customer needs.","Hong Kong,S.A.R.,China","Stand No.							 	:","5F-E21","Category:","Disposables, Tabletop, Environmental Protection Engineering & Waste Reduction","","","",""
"https://exhibitors.informamarkets-info.com/event/RBHK2026/en-US/exhibitor/503282/kolb-life-limited","https://oemfile.informamarkets-info.com/FileUpload/RBHK2026_44490/RBHK20260465620260817225037695Company.png","KOLB Life Limited","網煮有限公司","As a social enterprise, KOLB·LIFE upholds a production philosophy of no additives and implements strict quality control measures, producing over a hundred product skus. The products include Chinese and Western soups, care food, pet food, non-herbal beverages, and other food items.","Hong Kong,S.A.R.,China","Hall No.:","Hall 5FG","Stand No.							 	:","5F-A25","Category:","Ready Meals, Soup, Health / Natural / Organic Food, Herbs & Herbal Products, Consultancy & Management,","Education / Institution / Training, Sustainable Products, Functional Foods & Drinks, Functional Drinks / Foods, Health Beverage","etc..."
"https://exhibitors.informamarkets-info.com/event/RBHK2026/en-US/exhibitor/486039/lam-kie-yuen-tea-company-limited","https://oemfile.informamarkets-info.com/FileUpload/RBHK2026_44490/RBHK20260085520260618095343966Company.png","Lam Kie Yuen Tea Company Limited","林奇苑茶行有限公司","Lam Kie Yuen Tea Company was established in 1955 as a retailer, wholesaler of tealeaves. The shop endeavours to promote Chinese tea culture. It believes in making friends through tea gatherings and encourages customers to taste the tea before making any purchase. We also provide one-stop OEM service, which is suitable for suppliers of various catering groups.","Hong Kong,S.A.R.,China","Hall No.:","Hall 5FG","Stand No.							 	:","5G-E07","Category:","Tea Bags, Tea Leaves, Tea Equipment,  Supplies & Accessories","",""
"https://exhibitors.informamarkets-info.com/event/RBHK2026/en-US/exhibitor/486020/lbs-corporation-limited","https://oemfile.informamarkets-info.com/FileUpload/RBHK2026_44490/RBHK20260366720260624174353202Company.png","LBS Corporation Limited","史偉莎集團","Founded in Hong Kong in 1998, LBS Group introduced professional restroom hygiene management concepts and technology to elevate hygiene standards. Now operating in over 30 cities across the Cross-strait four regions and Southeast Asia. We listen and analyze customer needs, continuously innovate, and provide “Total Hygiene Solutions” that meet diverse customer needs.","Hong Kong,S.A.R.,China","Hall No.:","Hall 5FG","Stand No.							 	:","5F-E15","Category:","Cleaning / Maintenance Equipment, Waste Management, Cleaning Products and Accessories, Pest Control Services","",""
"https://exhibitors.informamarkets-info.com/event/RBHK2026/en-US/exhibitor/486050/long-river-seafood-trading-company-limited","https://oemfile.informamarkets-info.com/FileUpload/RBHK2026_44490/RBHK20260460420260727153040562Company.png","Long River Seafood Trading Company Limited","Long River Seafood Trading Company Limited","Long River is Hong Kong's newly established seafood supplier based in Aberdeen. Leveraging our direct global sourcing network, we continuously expand our horizons to deliver an exceptionally cost-effective line of premium products to restaurants and hospitality groups across the city.","Hong Kong,S.A.R.,China","Hall No.:","Hall 5FG","Stand No.							 	:","5G-B06","Category:","Canned / Processed Seafood, Frozen Seafood, Abalone, Fresh Seafood","",""
"https://exhibitors.informamarkets-info.com/event/RBHK2026/en-US/exhibitor/486007/longo-enterprises-company-limited","https://oemfile.informamarkets-info.com/FileUpload/RBHK2026_44490/RBHK20260088320260618100433344Company.png","Longo Enterprises Company Limited","盈豐企業有限公司","Longo Enterprises leads the market, supplying premium beverage and baking ingredients. We closely track trends to source competitive, emerging products across Asia, including Taiwan, Japan, Korea, China, Thailand, Malaysia, and the Philippines. We also tailor bespoke, customized products for our clients.","Hong Kong,S.A.R.,China","Hall No.:","Hall 5FG","Stand No.							 	:","5G-F26","Category:","Baking Supplies & Accessories, Tea Bags, Tea Leaves, Juices & Concentrates, Canned / Processed Fruits","",""
"https://exhibitors.informamarkets-info.com/event/RBHK2026/en-US/exhibitor/486027/luoxie-food-trading-(shanghai)-co---ltd-","https://oemfile.informamarkets-info.com/FileUpload/RBHK2026_44490/RBHK20260460920260730160557943Company.jpg","Luoxie Food Trading (Shanghai) Co., Ltd.","Luoxie Food Trading (Shanghai) Co., Ltd.","Russian Crab (Vladivostok) harvests king & snow crab, a major live crab supplier to China.","CHINA","Hall No.:","Hall 5FG","Stand No.							 	:","5G-F01","Category:","Frozen Seafood, Fresh Seafood","",""
"https://exhibitors.informamarkets-info.com/event/RBHK2026/en-US/exhibitor/486033/man-sang-envelope-manufacturing-company-limited","https://oemfile.informamarkets-info.com/FileUpload/RBHK2026_44490/RBHK2026035472026072212391692Company.jpg","Man Sang Envelope Manufacturing Company Limited","Man Sang Envelope Manufacturing Company Limited","Packaging Taste, Elevating Brands - Man Sang, established in 1981, transforms ideas into packaging that elevates the F&B experience. With dual production bases, we provide complete solutions - design, prototyping, printing, and logistics, ensuring every box, label, and gift set reflects innovation, taste, and trust.","Hong Kong,S.A.R.,China","Hall No.:","Hall 5FG","Stand No.							 	:","5F-E23","Category:","Packaging Equipment / Materials, Packaging Equipment / Materials, Gifts & Souvenirs, Hotel & Guestroom Amenities, Commercial Design,","Stationery made from Recycled materials, Design / Project Management","etc..."
"https://exhibitors.informamarkets-info.com/event/RBHK2026/en-US/exhibitor/502530/master-concept-(hong-kong)-limited","https://oemfile.informamarkets-info.com/FileUpload/RBHK2026_44490/RBHK20260465420260818100905412Company.png","Master Concept (Hong Kong) Limited","思想科技（香港）有限公司","","Hong Kong,S.A.R.,China","Stand No.							 	:","5F-B21","Category:","Automation, Data Processing, Retail Solutions, Consultancy & Management, E-Commerce Solution,","","Business Intelligence / Business Analytics / Management System, Communication & Information Technology Equipment & Supplies, Database Management / Database Marketing, Digital Marketing / Solution","etc...",""
"https://exhibitors.informamarkets-info.com/event/RBHK2026/en-US/exhibitor/486740/matterport-pte-ltd","https://oemfile.informamarkets-info.com/FileUpload/RBHK2026_44490/RBHK20260461620260624154701506Company.png","Matterport Pte Ltd","Matterport Pte Ltd","Matterport, a CoStar Group company, is the global leader in 3D spatial data and digital twin technology. Its AI-powered platform transforms physical spaces into immersive, dimensionally accurate virtual experiences — helping retailers enhance remote store design, operations management, and customer engagement. With over 41 billion square feet digitized across 178 countries, Matterport is redefining how retail spaces are experienced.","SINGAPORE","Hall No.:","Hall 5FG","Stand No.							 	:","5F-C26","Category:","Automation, Retail Solutions, Computer Hardware / Technology Services, Commercial Design, Advertising / Branding,","Design / Project Management, Display / Visual Merchandising / POP Marketing, Shop Fitting / Fixture, Communication & Information Technology Equipment & Supplies, Digital Marketing / Solution, Inventory / Logistic / Supply Chain Management","etc..."
"https://exhibitors.informamarkets-info.com/event/RBHK2026/en-US/exhibitor/485990/most-bright-international-limited","https://oemfile.informamarkets-info.com/FileUpload/RBHK2026_44490/RBHK20260182520260730094821818Company.jpg","Most Bright International Limited","Most Bright International Limited","Ocean Harvest Frozen Food Limited is a professional frozen seafood importer with over 20 years of history with a good reputation in Hong Kong. Our suppliers are located all over the world and with strict quality control mechanisms. We provide rigorous price control and reputable customer services to meet the needs of all types of customers.","Hong Kong,S.A.R.,China","Hall No.:","Hall 5FG","Stand No.							 	:","5F-G11","Category:","Canned / Processed Meat, Canned / Processed Seafood, Frozen Seafood, Confectionery / Snacks / Candy, Ready Meals,","Instant Food, Preserved Food, Abalone, Fresh Seafood, Canned / Processed Meat, Chilled / Frozen Meat, Cold Cut / Dried / Preserved Meat, Foie Gras, Lamb & Lamb Products","etc..."
"https://exhibitors.informamarkets-info.com/event/RBHK2026/en-US/exhibitor/486359/multy-dynamics-global-seafood-trading-limited","https://oemfile.informamarkets-info.com/FileUpload/RBHK2026_44490/RBHK20260460820260731132945958Company.jpeg","Multy-Dynamics Global Seafood Trading Limited","Multy-Dynamics Global Seafood Trading Limited","Based in Hong Kong, Meida Global Seafood supplies premium Fujian farmed abalone and diverse global seafood. Blending tech and tradition, we deliver safe, traceable, and sustainable products worldwide.","Hong Kong,S.A.R.,China","Hall No.:","Hall 5FG","Stand No.							 	:","5G-E06","Category:","Frozen Seafood, Abalone","",""
"https://exhibitors.informamarkets-info.com/event/RBHK2026/en-US/exhibitor/486031/neon-tiger-hk-limited","https://oemfile.informamarkets-info.com/FileUpload/RBHK2026_44490/RBHK20260406620260730012619599Company.png","Neon Tiger HK Limited","Neon Tiger HK Limited","NEON TIGER REAL FRUIT SODAS - THE SODA REALVOLUTION
Soda reinvented with real fruit for full flavor and natural refreshment. No fake sweeteners, nothing artificial. Drink Real. Drink Better.

Try our delicious Asian-inspired flavours, great standalone or as mixers:
Passion Fruit & Calamansi
Mekong Delta Mango
Pink Guava","Hong Kong,S.A.R.,China","Hall No.:","Hall 5FG","Stand No.							 	:","5G-G12","Category:","Carbonated Drinks, Health / Organic Drinks, Cocktails, Free from-Artificial Ingredients, Functional Foods & Drinks,","Health Beverage","etc..."
"https://exhibitors.informamarkets-info.com/event/RBHK2026/en-US/exhibitor/485888/nutrilink-limited","https://oemfile.informamarkets-info.com/FileUpload/RBHK2026_44490/RBHK20260164820260720153822796Company.jpg","Nutrilink Limited","營滙食品有限公司","Nutrilink Limited imports high quality food items, mainly seafood and meats from around the world to our customers in Hong Kong, Macau and Mainland China. To ensure food safety and quality, our professional purchasing team selects good quality food items from Japan, USA, Australia and Europe etc. Our current customers include hotel groups, restaurants and boutique supermarkets in Hong Kong.","Hong Kong,S.A.R.,China","Hall No.:","Hall 5FG","Stand No.							 	:","5G-A01","Category:","Canned / Processed Seafood, Chilled / Frozen Meat, Frozen Seafood, Sauces / Dressings, Pasta,","Caviar, Chilled / Frozen Meat, Beef & Beef Products, Foie Gras, Lamb & Lamb Products, Pork & Pork Products, Poultry & Poultry Products","etc..."
"https://exhibitors.informamarkets-info.com/event/RBHK2026/en-US/exhibitor/486002/omnichat-limited","https://oemfile.informamarkets-info.com/FileUpload/RBHK2026_44490/RBHK20260402720260728181728812Company.png","Omnichat Limited","Omnichat Limited","Omnichat, founded in 2017, is a Business Partner and WhatsApp Business Solution Provider of META. It centralises customer conversations from various platforms into one system, enhancing marketing and customer experience. With tools like automation, AI, and CRM integration, Omnichat supports over 5,000 retail and e-commerce brands in achieving digital transformation and personalised shopping experiences.","Hong Kong,S.A.R.,China","Hall No.:","Hall 5FG,","Stand No.							 	:","5F-C15,5F-C15.","Category:","Automation, Retail Solutions, Mobile Apps & Website Solutions, E-Commerce Solution, Advertising / Branding,","Communication & Information Technology Equipment & Supplies, Digital Marketing / Solution","etc..."
"https://exhibitors.informamarkets-info.com/event/RBHK2026/en-US/exhibitor/486742/omniwe-limited","https://oemfile.informamarkets-info.com/FileUpload/RBHK2026_44490/RBHK20260406220260729111959609Company.png","OmniWe Limited","OmniWe Limited","OmniWe & FlexSystem are collaborating this year to converge retail and catering, aiming to reshape the customer experience. With FlexSystem serving over 2,000 clients across 37 countries - we deliver cross-industry solutions that enhance brand experiences and operational excellence.","Hong Kong,S.A.R.,China","Hall No.:","Hall 5FG","Stand No.							 	:","5F-D06","Category:","Automation, Point-of-Sales and Related Systems, Bar Coding / Scanners, Computer Hardware / Technology Services, Access Management & Supplies,","Business Intelligence / Business Analytics / Management System, Digital Marketing / Solution, Price Labelling / Tagging","etc..."
"https://exhibitors.informamarkets-info.com/event/RBHK2026/en-US/exhibitor/490634/organic-land-company-limited","https://oemfile.informamarkets-info.com/FileUpload/RBHK2026_44490/RBHK20260462720260729192810618Company.png","Organic Land Company Limited","Organic Land Company Limited","","Hong Kong,S.A.R.,China","Hall No.:","Hall 5FG","Stand No.							 	:","5G-A26","Category:","Yoghurt, Instant Food, Yoghurt, Noodles","",""
"https://exhibitors.informamarkets-info.com/event/RBHK2026/en-US/exhibitor/490722/organic-plus","https://oemfile.informamarkets-info.com/FileUpload/RBHK2026_44490/RBHK20260182420260804161211874Company.jpeg","ORGANIC PLUS","ORGANIC PLUS","Organic Plus aims to provide healthy, natural and environmentally friendly products to the neighborhood and our community. Our goal is to supply the highest quality products and we intimately tied to the neighborhood. Organic Plus recently have 2 branches and distributing over 30 brands in HONG KONG and China for over 2000 outlets.","Hong Kong,S.A.R.,China","Hall No.:","Hall 5FG","Stand No.							 	:","5F-G27","Category:","Juices & Concentrates, Oil, Sauces / Dressings, Biscuits & Crackers, Grains,","Rice & Rice Products, Health / Natural / Organic Food, Abalone, Eco Laundry Detergent, Natural Houseware, Sports Nutrition Products, Certified Organic Products, Functional Drinks / Foods, Health & Fitness Supplies, Sports Nutrition Products","etc..."
"https://exhibitors.informamarkets-info.com/event/RBHK2026/en-US/exhibitor/486019/palron-new-materials-company-limited","https://oemfile.informamarkets-info.com/FileUpload/RBHK2026_44490/RBHK20260108220260622100758712Company.png","Palron New Materials Company Limited","寶菱新材料有限公司","Palron is a leading manufacturer of aluminum foil container and plastic thermoform and injection
 products. Our product categories also involved with paper cup, cling wrap, and various food 
packaging products. We are supplying to hotels, airlines, fast food chain stores, supermarkets,
 household ware, bakery and many snack shop for worldwide.","Hong Kong,S.A.R.,China","Hall No.:","Hall 5FG","Stand No.							 	:","5F-F22","Category:","Baking Equipment, Packaging Equipment / Materials, Packaging Equipment / Materials","",""
"https://exhibitors.informamarkets-info.com/event/RBHK2026/en-US/exhibitor/486014/peter-seafood-company-limited","https://oemfile.informamarkets-info.com/FileUpload/RBHK2026_44490/RBHK20260424120260727124336604Company.png","Peter Seafood Company Limited","Peter Seafood Company Limited","Peter Seafood is a renowned Hong Kong seafood supplier based in Aberdeen.Started humbly in 2014 by Peter Kam,it has grown into the #1 seafood source for Michelin starred,Asia 50 best restaurants,hotels,small independent and large hospitality groups in Hong Kong.Peter Seafood operates out of the world famous Aberdeen Wholesale Seafood Market as well as importing from all over the world.","Hong Kong,S.A.R.,China","Hall No.:","Hall 5FG","Stand No.							 	:","5G-A05","Category:","Canned / Processed Meat, Canned / Processed Seafood, Chilled / Frozen Meat, Frozen Seafood, Sauces / Dressings,","Instant Food, Soup, Pasta, Abalone, Fresh Seafood, Chilled / Frozen Meat, Beef & Beef Products, Lamb & Lamb Products, Pork & Pork Products, Poultry & Poultry Products","etc..."
"https://exhibitors.informamarkets-info.com/event/RBHK2026/en-US/exhibitor/485983/pro-one-catering-limited","https://oemfile.informamarkets-info.com/FileUpload/RBHK2026_44490/RBHK20260191420260710121936131Company.jpg","Pro One Catering Limited","天一餐飲有限公司","Pro One Catering Limited is a one-stop catering service provider. We offer a complete service from procurement, sourcing, agency, sales to online direct sales. We have a diverse selection of products and a wide variety of ingredients to meet the diverse dining needs of our clients and satisfy the diverse product demands of modern people.","Hong Kong,S.A.R.,China","Hall No.:","Hall 5FG","Stand No.							 	:","5G-E11","Category:","Honey / Sugar / Syrups / Sweeteners, Milk & Milk Products, Coffee Beans / Grounds, Tea Bags, Tea Leaves,","Juices & Concentrates, Canned / Processed Fruits, Other Canned / Processed Food, Honey / Sugar / Syrups / Sweeteners, Sorbets & Smoothies, Confectionery / Snacks / Candy, Jams & Spreads, Instant Food, Milk & Milk Products, Health / Natural / Organic Food","etc..."
"https://exhibitors.informamarkets-info.com/event/RBHK2026/en-US/exhibitor/486533/qualicom-innovations-(asia)-limited","https://oemfile.informamarkets-info.com/FileUpload/RBHK2026_44490/RBHK20260195820260710103410058Company.png","Qualicom Innovations (Asia) Limited","Qualicom Innovations (Asia) Limited","Retailarc, developed by Qualicom Innovations, is an all-in-one platform that unifies sales, operations, inventory, and customer engagement. By streamlining daily workflows, it empowers restaurants, retailers, and beauty businesses to enhance customer experiences and scale their operations effectively.","Hong Kong,S.A.R.,China","Stand No.							 	:","5F-D14","Category:","Point-of-Sales and Related Systems, Retail Solutions, Mobile Apps & Website Solutions, E-Commerce Solution, Inventory / Logistic / Supply Chain Management,","","Mobile Apps & Website Solutions, Inventory / Logistic / Supply Chain Management","etc...",""
"https://exhibitors.informamarkets-info.com/event/RBHK2026/en-US/exhibitor/486036/quooker-hong-kong-limited","https://oemfile.informamarkets-info.com/FileUpload/RBHK2026_44490/RBHK2026042842026070311591822Company.png","Quooker Hong Kong Limited","Quooker Hong Kong Limited","Quooker is the original all-in-one tap that delivers filtered boiling, chilled and sparkling water from a single system. Designed and manufactured in the Netherlands, Quooker combines elegant design, innovative technology and exceptional convenience, helping restaurants, cafés and bars streamline daily operations while enhancing the guest experience.","Hong Kong,S.A.R.,China","Hall No.:","Hall 5FG","Stand No.							 	:","5F-D11","Category:","Filtering Product","",""
"https://exhibitors.informamarkets-info.com/event/RBHK2026/en-US/exhibitor/486009/robot-coupe-hong-kong-limited","https://oemfile.informamarkets-info.com/FileUpload/RBHK2026_44490/RBHK20260187120260714191004858Company.png","Robot Coupe Hong Kong Limited","Robot Coupe","","Hong Kong,S.A.R.,China","Hall No.:","Hall 5FG","Stand No.							 	:","5F-E25","Category:","Baking Equipment, Baking Supplies & Accessories","",""
"https://exhibitors.informamarkets-info.com/event/RBHK2026/en-US/exhibitor/486739/sailboat-food-company","https://oemfile.informamarkets-info.com/FileUpload/RBHK2026_44490/RBHK202601345S0022026071008370673Company.png","Sailboat Food Company","度小月","Founded in Tainan in 1895, Du Hsiao Yueh is renowned for its century-old braised minced pork. Made with carefully selected Taiwanese ingredients and no chemical additives, our products have earned international taste awards. We proudly bring authentic Taiwanese flavors to the world through our minced pork, crispy shallots, and ready-to-eat specialties.","TAIWAN,CHINA","Hall No.:","Hall 5FG","Stand No.							 	:","5G-D22","Category:","Canned / Processed Meat, Canned / Processed Meat","",""
"https://exhibitors.informamarkets-info.com/event/RBHK2026/en-US/exhibitor/486034/sam-sam-development-limited","https://oemfile.informamarkets-info.com/FileUpload/RBHK2026_44490/RBHK20260417120260702184501992Company.jpeg","Sam Sam Development Limited","森森發展有限公司","Our company's brand ""Jinghua Fish Balls"" began in 1862, focusing on the research and development, packaging and sales of high-quality seafood and meat processing products.The company and brand have successfully applied for ""Intangible Cultural Heritage"" and ""Geographical Indication of the People's Republic of China"". In order to cooperate with business development, the company has passed (HACCP) certification in 2024.","Hong Kong,S.A.R.,China","Hall No.:","Hall 5FG","Stand No.							 	:","5G-E27","Category:","Canned / Processed Meat, Canned / Processed Seafood, Chilled / Frozen Meat, Frozen Seafood, Instant Food,","Canned / Processed Meat, Chilled / Frozen Meat, Beef & Beef Products, Pork & Pork Products","etc..."
"https://exhibitors.informamarkets-info.com/event/RBHK2026/en-US/exhibitor/486049/shanghai-heading-information-engineering-co---ltd-","https://oemfile.informamarkets-info.com/FileUpload/RBHK2026_44490/RBHK20260459920260622101920138Company.png","Shanghai HEADING information Engineering Co., Ltd.","Shanghai HEADING information Engineering Co., Ltd.","Founded in 1995 in Shanghai,HEADING provides smart digital solutions for logistics and retail. We help over 1,000 global enterprises achieve efficient digital transformation and value chain upgrades.","CHINA","Hall No.:","Hall 5","Stand No.							 	:","5F-C13","Category:","E-Commerce Solution, Inventory / Logistic / Supply Chain Management, Mobile Apps & Website Solutions, Payment System, Consultancy & Professional Services","",""
"https://exhibitors.informamarkets-info.com/event/RBHK2026/en-US/exhibitor/487103/shenzhen-minew-technologies-co---ltd-","https://oemfile.informamarkets-info.com/FileUpload/RBHK2026_44490/RBHK20260461320260706154715629Company.png","SHENZHEN MINEW TECHNOLOGIES CO., LTD.","深圳云里物里科技股份有限公司","Minew Technologies is a professional turnkey supplier offering end-to-end customized IoT solutions—from conceptualization to physical product realization. Our high-quality electronic shelf label (ESL) products, available in multiple sizes and featuring unique functionalities, help clients improve operational efficiency and achieve superior user experiences.","CHINA","Hall No.:","Hall 5FG","Stand No.							 	:","5F-C05","Category:","Electronic Labelling","",""
"https://exhibitors.informamarkets-info.com/event/RBHK2026/en-US/exhibitor/488322/shun-hing-technology-company-limited","https://oemfile.informamarkets-info.com/FileUpload/RBHK2026_44490/RBHK20260462620260723122014835Company.png","Shun Hing Technology Company Limited","信興科技有限公司","Shun Hing Technology provides professional commercial cold chain solutions, offering a comprehensive range of high-quality refrigerators, freezers, beverage cooler, and supermarket freezer to guarantee food freshness, minimize operational shrinkage, and save energy costs. We also deliver one-stop professional team services—including site survey, design and installation, and after-sales maintenance—with dedicated support guiding you through every step of the process.","Hong Kong,S.A.R.,China","Hall No.:","Hall 5FG","Stand No.							 	:","5F-E01","Category:","Baking Equipment, Ice-Making Machines, Refrigerators / Cold Storage Equipment & Accessories, Water, Rice & Rice Products,","Baking Equipment, Cooking Equipment, Bar / Beverage Equipment & Accessories, Ice-Making Machines, Refrigerators / Cold Storage Equipment & Accessories, Audio Systems, Beer / Craft Beer / Cider / Shandy / Stout, Wine Equipment & Accessories, Display / Visual Merchandising / POP Marketing, Refrigerators / Ice & Cold Storage Equipment & Accessories","etc..."
"https://exhibitors.informamarkets-info.com/event/RBHK2026/en-US/exhibitor/486001/shun-lung-food-development-company-limited","https://oemfile.informamarkets-info.com/FileUpload/RBHK2026_44490/RBHK20260406420260618115243479Company.jpg","Shun Lung Food Development Company Limited","順隆食品發展有限公司","All our products are 100% made in Hong Kong. Our factory mainly produces high-quality meatballs, local salt-baked flathead grey mullet. In addition to the well-known meatballs, we have also developed our own products that are especially suitable for the taste of Hong Kong people. To ensure food quality and safety, our factory has been continuously certified with ISO22000:2018 and HACCP","Hong Kong,S.A.R.,China","Hall No.:","Hall 5FG","Stand No.							 	:","5G-D31","Category:","Canned / Processed Meat, Canned / Processed Seafood, Chilled / Frozen Meat, Frozen Seafood, Canned / Processed Meat","",""
"https://exhibitors.informamarkets-info.com/event/RBHK2026/en-US/exhibitor/486013/simplot-(china)-food-co---ltd","https://oemfile.informamarkets-info.com/FileUpload/RBHK2026_44490/RBHK20260460320260709110837084Company.png","Simplot (China) Food Co., Ltd","辛普劳（中国）食品有限公司","Feeding Your Ambition™
Craveable frozen foodservice products. Crowd-pleasing insights. Real-world guidance.","CHINA","Hall No.:","Hall 5FG","Stand No.							 	:","5G-B27","Category:","Canned / Processed Vegetables, Chilled / Frozen Fruits & Vegetables","",""
"https://exhibitors.informamarkets-info.com/event/RBHK2026/en-US/exhibitor/485979/sleekflow-technologies-limited","https://oemfile.informamarkets-info.com/FileUpload/RBHK2026_44490/RBHK20260460520260714130051155Company.png","Sleekflow Technologies Limited","承峰科技集團有限公司","SleekFlow is the AI Suite for Revenue-Driving Conversations. Trusted by 2,000+ enterprises across 70+ countries, SleekFlow unifies WhatsApp, Instagram, Messenger, SMS, Live Chat, Email, and more into one AI operating system. Powered by AgentFlow, its AI workforce qualifies leads, drives conversions, and retains customers — turning every conversation into a data-backed growth opportunity.","Hong Kong,S.A.R.,China","Hall No.:","Hall 5FG","Stand No.							 	:","5F-C22","Category:","E-Commerce Solution","",""
"https://exhibitors.informamarkets-info.com/event/RBHK2026/en-US/exhibitor/486025/star-industrial-company-limited","https://oemfile.informamarkets-info.com/FileUpload/RBHK2026_44490/RBHK20260129920260706111104346Company.png","Star Industrial Company Limited","Star Industrial Co., Ltd","Founded in 1949, Star Industrial Co., Ltd. is Hong Kong’s largest plasticware manufacturer. Renowned for top-tier quality, its iconic “Red A” logo symbolizes high-standard products worldwide. The company offers a diversified range catering to households, hotels, professional kitchens, industries, and medical facilities, consistently maintaining excellence in production and management.","Hong Kong,S.A.R.,China","Hall No.:","Hall 5FG","Stand No.							 	:","5F-F01","Category:","Coffee Grinders, Cooking Equipment, Minibars, Smallwares & Accessories, Tabletop,","Cleaning Products and Accessories, Dishwasher, Environmental Protection Engineering & Waste Reduction, Furniture and Fittings (Outdoor), Bathroom Fittings and Accessories, Furniture and Fittings (Indoor), Minibars, Cookware & Hollowware, Flatware, Sustainable Products","etc..."
"https://exhibitors.informamarkets-info.com/event/RBHK2026/en-US/exhibitor/485994/sun-cheong-hong-stationery---paper","https://oemfile.informamarkets-info.com/FileUpload/RBHK2026_44490/RBHK20260130720260731004310783Company.jpg","Sun Cheong Hong Stationery & Paper","Sun Cheong Hong Stationery & Paper","Sun Cheong Hong Stationery & Paper was founded in 1992, and has been specializing in paper and stationery for over 30 years. We especially focus on food and beverage paper products and have become the preferred supplier for many prime catering groups and chain restaurants in Hong Kong.","Hong Kong,S.A.R.,China","Hall No.:","Hall 5FG","Stand No.							 	:","5F-G12","Category:","Baking Supplies & Accessories, Packaging Equipment / Materials, Coffee Supplies & Accessories, Cookware & Kitchen Supplies, Disposables,","Biodegradable Kitchenware, Sustainable Products, Packaging Equipment / Materials","etc..."
"https://exhibitors.informamarkets-info.com/event/RBHK2026/en-US/exhibitor/486047/sun-fat-heung-food-products-limited","https://oemfile.informamarkets-info.com/FileUpload/RBHK2026_44490/RBHK20260130820260716102739202Company.png","Sun Fat Heung Food Products Limited","新佛香食品有限公司","Sun Fat Heung, established in 1958, is a leading Hong Kong manufacturer of premium soya products. We specialize in daily fresh-made soymilk, tofu, and bean curd for restaurants, supermarket & wet market. Using non-GMO Canadian soybeans with no additives or preservatives, we deliver quality and authenticity.","Hong Kong,S.A.R.,China","Hall No.:","Hall 5FG","Stand No.							 	:","5G-E16","Category:","Health / Organic Drinks, Beans & Bean Products, Health / Natural / Organic Food","",""
"https://exhibitors.informamarkets-info.com/event/RBHK2026/en-US/exhibitor/486046/sun-wah-japanese-food-limited","https://oemfile.informamarkets-info.com/FileUpload/RBHK2026_44490/RBHK20260131120260716150454725Company.jpg","Sun Wah Japanese Food Limited","新華日本食品有限公司","Sun Wah Japanese Food Ltd. mainly supplies imported Japanese food wholesale to hotels, clubhouses, restaurants and supermarkets. Products includes frozen seafood such as Hiroshima Oyster ""FUKU"", Hokkaido Scallop, Japan's ""Four Famous Crabs"" (Horsehair, Red King, Snow and Sping King), Botan Shrimp, Sweet Shrimp and items including Hakata Chicken, Daikichi Pork Soup, Gokujou Husako Udon & Ramen, Sake and Fresh Food.","Hong Kong,S.A.R.,China","Hall No.:","Hall 5FG","Stand No.							 	:","5G-B22","Category:","Tea Bags, Juices & Concentrates, Chilled / Frozen Fruits & Vegetables, Chilled / Frozen Meat, Frozen Seafood,","Sauces / Dressings, Confectionery / Snacks / Candy, Noodles, Health / Natural / Organic Food, Wagyu, Pork & Pork Products, Poultry & Poultry Products, Japanese Wine, Sake, Natural Houseware","etc..."
"https://exhibitors.informamarkets-info.com/event/RBHK2026/en-US/exhibitor/486053/sunsweet-public-company-limited","https://oemfile.informamarkets-info.com/FileUpload/RBHK2026_44490/RBHK20260452420260710144200567Company.png","Sunsweet Public Company Limited","Sunsweet PLC","The company has operated its business of manufacturing and distribution of processed sweet corn and other agricultural products under the brand “KC”.
Currently, the Company and its subsidiaries continuously strive to expand its market which provides a wider range of products to customers over more than 50 countries, such as Japan, Korea, Taiwan, Russia, Saudi Arabia, Switzerland, Germany, etc.","THAILAND","Hall No.:","Hall 5FG","Stand No.							 	:","5G-A28","Category:","Canned / Processed Vegetables","",""
"https://exhibitors.informamarkets-info.com/event/RBHK2026/en-US/exhibitor/486008/supermax-global-(hk)-limited","https://oemfile.informamarkets-info.com/FileUpload/RBHK2026_44490/RBHK20260293020260623143650043Company.jpg","Supermax Global (HK) Limited","速柏瑪環球(香港)有限公司","Supermax is a world-class manufacturer of medical latex and nitrile examination and surgical gloves. 
We are exporting to 163 countries around the world. 
Supermax and Aurelia leads the market in quality and affordability.","Hong Kong,S.A.R.,China","Hall No.:","Hall 5FG","Stand No.							 	:","5F-F23","Category:","Disposables, Clothing / Protective Wears / Uniforms, Clothing / Protective Wears / Uniforms, Clothing / Protective Wears / Uniforms","",""
"https://exhibitors.informamarkets-info.com/event/RBHK2026/en-US/exhibitor/490721/supy","https://oemfile.informamarkets-info.com/FileUpload/RBHK2026_44490/RBHK20260462820260813181039515Company.png","Supy","Supy","Supy is a leading AI-powered inventory management, procurement, and business intelligence software for multi-branch restaurants.
Trusted by 4500+ restaurant groups in 48 countries. With offices in Hong Kong, Australia, United Arab Emirates, Saudi Arabia & the UK.","AUSTRALIA","Hall No.:","Hall 5FG","Stand No.							 	:","5F-B25","Category:","Automation, Bar Coding / Scanners, Business Intelligence / Business Analytics / Management System, Inventory / Logistic / Supply Chain Management","",""
"https://exhibitors.informamarkets-info.com/event/RBHK2026/en-US/exhibitor/494371/tai-fung-group-global-limited","https://oemfile.informamarkets-info.com/FileUpload/RBHK2026_44490/RBHK20260456920260731164127702Company.png","Tai Fung Group Global Limited","Tai Fung Group Global Limited","Thai Fung Group's Golden Thai specializes in import-export business and Smart Automatic Self-Serve Fruit Blender rentals. Cocoberry supplies fruit cups and is Hong Kong’s first individually-packaged ice cream ball manufacturer. It features fully automated production, a water purification system, and high-temperature sterilization, holding FSSC 22000 and ISO 22000 food safety certifications.","Hong Kong,S.A.R.,China","Hall No.:","Hall 5FG,","Stand No.							 	:","5G-G01.,5G-G01","Category:","Chocolate / Cocoa / Pralines, Honey / Sugar / Syrups / Sweeteners, Yoghurt, Ice-cream / Gelato","",""
"https://exhibitors.informamarkets-info.com/event/RBHK2026/en-US/exhibitor/485988/taiwan-frozen-meat-packers-association","https://oemfile.informamarkets-info.com/FileUpload/RBHK2026_44490/RBHK20260134520260722151652961Company.jpg","Taiwan Frozen Meat Packers Association","台灣冷凍肉品工業同業公會","Taiwan Frozen Meat Packers Association is a professional organization for the frozen and processed pork industry. It currently has 36 member companies, covering the production and marketing of everything from fresh pork to various types of frozen processed meat products.","TAIWAN,CHINA","Hall No.:","Hall 5FG","Stand No.							 	:","5G-B21.","Category:","Canned / Processed Meat, Organic Meat, Beef & Beef Products, Pork & Pork Products, Poultry & Poultry Products","",""
"https://exhibitors.informamarkets-info.com/event/RBHK2026/en-US/exhibitor/491957/tao-bin-smart-beverage-machine-(hk)-limited","https://oemfile.informamarkets-info.com/FileUpload/RBHK2026_44490/RBHK20260462920260717150551861Company.PNG","Tao Bin Smart Beverage Machine (HK) Limited","Tao Bin Smart Beverage Machine (HK) Limited","By combining the best specialty ingredients with modern technology, cloud computing, and robotics, we are transforming the entire coffee and beverage experience. Quality, consistency, and convenience…
all in a square meter.  
Tao Bin Smart beverage machine serves over 100+ hot/ice/blend ice drinks including coffee/tea/milk product and soda, freshly made and ready to serve in 1-2 minutes.","Hong Kong,S.A.R.,China","Stand No.							 	:","5F-D20","Category:","Coffee Beans / Grounds, Instant Coffee / Tea, Coffee Brewing Equipment, Coffee Grinders, Espresso Machines,","","Coffee Brewing Equipment, Espresso Machines","etc...",""
"https://exhibitors.informamarkets-info.com/event/RBHK2026/en-US/exhibitor/486018/taste-charming-international-trading-limited","https://oemfile.informamarkets-info.com/FileUpload/RBHK2026_44490/RBHK20260332420260716182232564Company.jpg","Taste Charming International Trading Limited","味之都國際貿易有限公司","Taste Charming(TCI) is the subsidiary of Lis Foods and sole agent of Caterlink in HK specialized in fruity products and solutions. Lis Foods was established in 2011 and became the leading fruit enterprises, including planting, production and supply chain systems in full-service in South Asia. We committed to the development for healthy and delicious fruity products around the world.","Hong Kong,S.A.R.,China","Hall No.:","Hall 5FG","Stand No.							 	:","5G-E15","Category:","Cakes & Waffles, Honey / Sugar / Syrups / Sweeteners, Chilled / Frozen Fruits & Vegetables, Cakes & Waffles, Dried Fruits,","Pork & Pork Products, Coconut Products","etc..."
"https://exhibitors.informamarkets-info.com/event/RBHK2026/en-US/exhibitor/486010/thenaeun-f-b-co---ltd-","https://oemfile.informamarkets-info.com/FileUpload/RBHK2026_44490/RBHK20260459420260713105008776Company.jpg","Thenaeun F&B Co., Ltd.","Thenaeun F&B Co., Ltd.","THENAEUN F&B is a leading Korean manufacturer of premium beverage powders. We supply beverage powders to leading café franchise brands through OEM partnerships while also marketing over 40 beverage powder products under our own brand, THE CARROT, to the HoReCa market across Korea. With extensive OEM and ODM expertise, we deliver customized beverage solutions tailored to our customers' needs.","KOREA","Hall No.:","Hall 5FG","Stand No.							 	:","5G-G16","Category:","Instant Coffee / Tea, Juices & Concentrates, Honey / Sugar / Syrups / Sweeteners, Chocolate / Cocoa / Pralines, Milk & Milk Products,","Free from-Sugars","etc..."
"https://exhibitors.informamarkets-info.com/event/RBHK2026/en-US/exhibitor/486038/ting-tai-industrial-limited","https://oemfile.informamarkets-info.com/FileUpload/RBHK2026_44490/RBHK20260139320260622103747456Company.png","Ting Tai Industrial Limited","Ting Tai Industrial Limited","We are a manufacturer of tissues products; we specialize in advertising wet wipes, alcohol tissues, baby wipes. Our main brand ""HIROTA"" products and advertising wet wipes are widely distributed, covering nearly 75% of Hong Kong Restaurants. Over the years, we have won the trust of most of the well-known companies in Hong Kong, and also obtained various quality certifications.","Hong Kong,S.A.R.,China","Hall No.:","Hall 5FG","Stand No.							 	:","5F-F25","Category:","Disposables, Tabletop, Biodegradable / Disposable Waste Bag","",""
"https://exhibitors.informamarkets-info.com/event/RBHK2026/en-US/exhibitor/486015/total-nutrition-center-ltd","https://oemfile.informamarkets-info.com/FileUpload/RBHK2026_44490/RBHK20260456020260717150427508Company.jpg","Total Nutrition Center Ltd","Total Nutrition Center Ltd","Total Nutrition Center Limited (TNCL) is the authorized distributor of Purezza Premium Water Chilled & Sparkling Water System. We are dedicated to provide innovative drinking water solutions for restaurants, hotels, and offices, helping you to boost customer and employee satisfaction while achieving significant cost savings.","Hong Kong,S.A.R.,China","Hall No.:","Hall 5FG","Stand No.							 	:","5F-G16","Category:","Bar / Beverage Equipment & Accessories","",""
"https://exhibitors.informamarkets-info.com/event/RBHK2026/en-US/exhibitor/486041/wai-fat-seafood-international-limited","https://oemfile.informamarkets-info.com/FileUpload/RBHK2026_44490/RBHK20260147920260707160000858Company.png","Wai Fat Seafood International Limited","偉發海產食品有限公司","WAI FAT SEAFOOD INTERNATIONAL LTD is a Hong Kong based Seafood Company. Our philosophy is to supply safe, high quality and fresh seafood to our customers. We have many years seafood industry experience which enable us to gain good reputation in the market of Hong Kong and China.","Hong Kong,S.A.R.,China","Hall No.:","Hall 5FG","Stand No.							 	:","5G-D11","Category:","Canned / Processed Seafood, Frozen Seafood, Abalone, Canned / Processed Meat, Chilled / Frozen Meat","",""
"https://exhibitors.informamarkets-info.com/event/RBHK2026/en-US/exhibitor/486012/wealth-top-industrial-limited","https://oemfile.informamarkets-info.com/FileUpload/RBHK2026_44490/RBHK20260309420260721143936337Company.jpg","Wealth Top Industrial Limited","長潤實業有限公司","With business focus towards overseas markets, our export business in food packaging products has expanded globally to South East Area, Europe, America, Australia and Africa, etc, with annual turnovers could be up to USD10 million. We hope to meet more clients from Thailand, Australia, Singapore, Malaysia and Philippine at RBHK 2026.","Hong Kong,S.A.R.,China","Hall No.:","Hall 5FG","Stand No.							 	:","5F-G01","Category:","Baking Supplies & Accessories, Coffee Supplies & Accessories, Tea Equipment,  Supplies & Accessories, Confectionery Equipment & Supplies,","Packaging Equipment / Materials, Coffee Supplies & Accessories, Disposables, Packaging Equipment / Materials, Wine Equipment & Accessories, Sustainable Products, Packaging Equipment / Materials","etc..."
"https://exhibitors.informamarkets-info.com/event/RBHK2026/en-US/exhibitor/486532/wee-creation-company-limited","https://oemfile.informamarkets-info.com/FileUpload/RBHK2026_44490/RBHK20260356120260722104040365Company.png","Wee Creation Company Limited","Wee Creation Company Limited","Mobile.Cards is a membership solution tailored for restaurants, retailers, and service providers. Serving over 1,500 merchants in Hong Kong, Taiwan, Singapore and Southeast Asia, we enable businesses to create personalized membership apps. Our platform simplifies customer engagement with features like member discounts, promotional offers, and points-based rewards, all conveniently accessible through a single app.","Hong Kong,S.A.R.,China","Stand No.							 	:","5F-D12","Category:","Mobile Apps & Website Solutions, E-Commerce Solution, Mobile Apps & Website Solutions, Digital Marketing / Solution","","","",""
"https://exhibitors.informamarkets-info.com/event/RBHK2026/en-US/exhibitor/497413/well-synergy-international-limited","https://oemfile.informamarkets-info.com/FileUpload/RBHK2026_44490/RBHK20260162720260804161022409Company.jpg","Well Synergy International Limited","Well Synergy International Limited","","Hong Kong,S.A.R.,China","Hall No.:","Hall 5FG","Stand No.							 	:","5F-G05","Category:","Canned / Processed Fruits, Oil, Sauces / Dressings, Instant Food, Milk & Milk Products","",""
"https://exhibitors.informamarkets-info.com/event/RBHK2026/en-US/exhibitor/486005/wufangzhai-(hong-kong)-company-limited","https://oemfile.informamarkets-info.com/FileUpload/RBHK2026_44490/RBHK20260152920260629114304232Company.png","WuFangZhai (Hong Kong) Company Limited","五芳齋（香港）有限公司","WUFANGZHAI, established in 1921, preserves Chinese festive food heritage with century-old mastery, celebrated globally for its zongzi. Merging time-honored techniques with contemporary quality standards, it innovates beyond classics to include mooncakes, rice cakes, mung bean pastries, and other seasonal delicacies that revive traditional festivities.","Hong Kong,S.A.R.,China","Hall No.:","Hall 5FG","Stand No.							 	:","5G-A25","Category:","Eggs / Egg Products, Other Canned / Processed Food, Tartlet / Pastry / Pie / Pastry Products, Confectionery / Snacks / Candy, Eggs / Egg Products,","Rice & Rice Products, Preserved Food, Chilled / Frozen Meat, Pork & Pork Products, Speciality Foods","etc..."
"https://exhibitors.informamarkets-info.com/event/RBHK2026/en-US/exhibitor/486023/yee-wah-global-trading-company-limited","https://oemfile.informamarkets-info.com/FileUpload/RBHK2026_44490/RBHK20260407220260720173514179Company.jpg","Yee Wah Global Trading Company Limited","意華環球貿易有限公司","Yee Wah Global Trading Company Limited aims to provide high quality disposable catering products and services to local food caterers. We built our own factory in China to manufacture various ECO-friendly disposable catering products. China factory has been featured in major media outlets, including TVB and NOW TV. Quality, Integrity and Prompt Delivery are our company principles.","Hong Kong,S.A.R.,China","Hall No.:","Hall 5FG","Stand No.							 	:","5F-A11","Category:","","",""
"https://exhibitors.informamarkets-info.com/event/RBHK2026/en-US/exhibitor/486011/zhejiang-cullinan-exhibition-co---ltd-","https://oemfile.informamarkets-info.com/FileUpload/RBHK2026_44490/RBHK20260459520260723104412376Company.jpg","Zhejiang Cullinan Exhibition Co., Ltd.","WUXI ACCOBIO BIOTECH INC.","Founded years ago, Supman has long focused on the R&D, production and sales of organic raw materials and finished products. Its product line covers medicinal and edible homologous powders, seasonings, health food ingredients and more, which are exported to numerous countries and regions at home and abroad.","CHINA","Hall No.:","Hall 5FG","Stand No.							 	:","5G-D27.","Category:","Functional Drinks / Foods, Botanical / Herbal, Probiotics","",""
"https://exhibitors.informamarkets-info.com/event/RBHK2026/en-US/exhibitor/487497/zhejiang-pando-ep-technology-co---ltd-","https://oemfile.informamarkets-info.com/FileUpload/RBHK2026_44490/RBHK202604354S00120260710133252052Company.jpg","Zhejiang Pando EP Technology Co., Ltd.","浙江庞度环保科技股份有限公司","Pando specializes in paper-based food packaging with nearly 30 years of expertise. Offering cups, bowls, bags, and boxes, Pando serves foodservice, coffee, and retail sectors across 60+ countries with 8 production bases. Through sustainable innovation, Pando delivers recyclable, biodegradable, and plastic-free packaging solutions.","CHINA","Hall No.:","Hall 5FG","Stand No.							 	:","5F-A23","Category:","Coffee Supplies & Accessories, Packaging Equipment / Materials, Disposables, Biodegradable Kitchenware, Sustainable Products,","Recycled Papers, Compostable Bowls / Cutlery / Plates","etc..."
"https://exhibitors.informamarkets-info.com/event/RBHK2026/en-US/exhibitor/491956/billion-dragon-(hk)-tread-limited","https://exhibitors.informamarkets-info.com/layout-Fresh/assets/images/ads/RBHK22/RBHK2026_empty.png","Billion Dragon (HK) Tread Limited","Billion Dragon (HK) Tread Limited","","Hong Kong,S.A.R.,China","Hall No.:","Hall 5FG","Stand No.							 	:","5F-F27","Category:","","",""
"https://exhibitors.informamarkets-info.com/event/RBHK2026/en-US/exhibitor/486035/biotek-ozone-hong-kong-limited","https://exhibitors.informamarkets-info.com/layout-Fresh/assets/images/ads/RBHK22/RBHK2026_empty.png","Biotek Ozone Hong Kong Limited","Biotek Ozone Hong Kong Limited","","Hong Kong,S.A.R.,China","Hall No.:","Hall 5FG","Stand No.							 	:","5F-D19","Category:","","",""
"https://exhibitors.informamarkets-info.com/event/RBHK2026/en-US/exhibitor/486043/bountiful-n-gourmet","https://exhibitors.informamarkets-info.com/layout-Fresh/assets/images/ads/RBHK22/RBHK2026_empty.png","Bountiful N Gourmet","Bountiful N Gourmet","","Hong Kong,S.A.R.,China","Hall No.:","Hall 5FG","Stand No.							 	:","5G-E32","Category:","","",""
"https://exhibitors.informamarkets-info.com/event/RBHK2026/en-US/exhibitor/487436/brandwerk-limited","https://exhibitors.informamarkets-info.com/layout-Fresh/assets/images/ads/RBHK22/RBHK2026_empty.png","Brandwerk Limited","Brandwerk Limited","","Hong Kong,S.A.R.,China","Hall No.:","Hall 5FG","Stand No.							 	:","5F-E31","Category:","","",""
"https://exhibitors.informamarkets-info.com/event/RBHK2026/en-US/exhibitor/495037/carrier-car-service-co---ltd-","https://exhibitors.informamarkets-info.com/layout-Fresh/assets/images/ads/RBHK22/RBHK2026_empty.png","Carrier Car Service Co., Ltd.","Carrier Car Service Co., Ltd.","In addition to our transportation and warehousing business, we started selling sake three years ago. Currently, we are focusing our efforts on expanding sales of sake.","JAPAN","Hall No.:","Hall 5FG","Stand No.							 	:","5F-G37","Category:","Sake","",""
"https://exhibitors.informamarkets-info.com/event/RBHK2026/en-US/exhibitor/495033/choya-umeshu-co---ltd-","https://exhibitors.informamarkets-info.com/layout-Fresh/assets/images/ads/RBHK22/RBHK2026_empty.png","Choya Umeshu Co., Ltd.","Choya Umeshu Co., Ltd.","CHOYA began as a grape grower in 1914 and started producing UMESHU in 1959 to preserve Japanese culture. We focus on quality from ume cultivation to production, developing “The CHOYA” using advanced aging techniques that capture the fruit’s natural components. We also created non‑alcoholic UMESHU to share ume’s benefits with more people.","JAPAN","Hall No.:","Hall 5FG","Stand No.							 	:","5F-G35","Category:","Spirits","",""
"https://exhibitors.informamarkets-info.com/event/RBHK2026/en-US/exhibitor/502528/coffee-omakase","https://exhibitors.informamarkets-info.com/layout-Fresh/assets/images/ads/RBHK22/RBHK2026_empty.png","Coffee Omakase","Coffee Omakase","","Hong Kong,S.A.R.,China","Hall No.:","Hall 5FG","Stand No.							 	:","5G-Z09","Category:","Coffee Beans / Grounds, Coffee Pods / Capsules, Coffee Brewing Equipment, Coffee Grinders, Coffee Supplies & Accessories,","Filtering Product, Coffee Brewing Equipment, Coffee Grinders, Coffee Supplies & Accessories","etc..."
"https://exhibitors.informamarkets-info.com/event/RBHK2026/en-US/exhibitor/495035/cypher-co---ltd-","https://exhibitors.informamarkets-info.com/layout-Fresh/assets/images/ads/RBHK22/RBHK2026_empty.png","Cypher Co., Ltd.","Cypher Co., Ltd.","Operating under the philosophy of ""Exploring the infinite possibilities of ever-changing sake,"" HENGE is a brand that brews truly one-of-a-kind Japanese sake.  Within just its first year of launch, HENGE has established itself as an up-and-coming brand, earning adoption by 3-star Michelin restaurants and 5-star hotels, as well as winning a Gold Medal at the IWC 2026.","JAPAN","Hall No.:","Hall 5FG","Stand No.							 	:","5F-G36","Category:","Sake","",""
"https://exhibitors.informamarkets-info.com/event/RBHK2026/en-US/exhibitor/494147/eat-first-gourmet-limited","https://exhibitors.informamarkets-info.com/layout-Fresh/assets/images/ads/RBHK22/RBHK2026_empty.png","Eat First Gourmet Limited","Eat First Gourmet Limited","","Hong Kong,S.A.R.,China","Hall No.:","Hall 5FG","Stand No.							 	:","5F-G15","Category:","","",""
"https://exhibitors.informamarkets-info.com/event/RBHK2026/en-US/exhibitor/503548/eurofins-food-testing-hong-kong-limited","https://exhibitors.informamarkets-info.com/layout-Fresh/assets/images/ads/RBHK22/RBHK2026_empty.png","Eurofins Food Testing Hong Kong Limited","Eurofins Food Testing Hong Kong Limited","","Hong Kong,S.A.R.,China","Hall No.:","Hall 5FG","Stand No.							 	:","5F-G28","Category:","","",""
"https://exhibitors.informamarkets-info.com/event/RBHK2026/en-US/exhibitor/501582/ever-rich-food-development-limited","https://exhibitors.informamarkets-info.com/layout-Fresh/assets/images/ads/RBHK22/RBHK2026_empty.png","Ever Rich Food Development Limited","Ever Rich Food Development Limited","","Hong Kong,S.A.R.,China","Hall No.:","Hall 5FG","Stand No.							 	:","5G-E05","Category:","","",""
"https://exhibitors.informamarkets-info.com/event/RBHK2026/en-US/exhibitor/501416/fengtu-yanle-(wuhan)-technology-co---ltd-","https://exhibitors.informamarkets-info.com/layout-Fresh/assets/images/ads/RBHK22/RBHK2026_empty.png","Fengtu Yanle (Wuhan) Technology Co., Ltd.","Fengtu Yanle (Wuhan) Technology Co., Ltd.","Mission:
Every vehicle carries the aroma of coffee and bread. One vehicle, one store—rent-free, utilities built-in, following the crowd. We deliver not vehicles, but dreams within reach for entrepreneurs, bringing great taste to every high-traffic corner.
Vision:
Pioneering efficiency, perfecting flavor, restoring freshness, one-stop service, pushing limits, crazy for customers.","CHINA","Hall No.:","Hall 5FG","Stand No.							 	:","5G-G11","Category:","Coffee Beans / Grounds, Coffee Roasting Equipment, Coffee Brewing Equipment, Coffee Supplies & Accessories, Juices & Concentrates,","Bread & Pizzas, Milk & Milk Products, Ice-Making Machines, Design / Project Management, Display / Visual Merchandising / POP Marketing","etc..."
"https://exhibitors.informamarkets-info.com/event/RBHK2026/en-US/exhibitor/496957/food-export-northeast-seafood-usa","https://exhibitors.informamarkets-info.com/layout-Fresh/assets/images/ads/RBHK22/RBHK2026_empty.png","FOOD EXPORT NORTHEAST SEAFOOD USA","FOOD EXPORT NORTHEAST SEAFOOD USA","","Hong Kong,S.A.R.,China","Hall No.:","Hall 5FG","Stand No.							 	:","5G-E14","Category:","","",""
"https://exhibitors.informamarkets-info.com/event/RBHK2026/en-US/exhibitor/503546/food-for-good-limited","https://exhibitors.informamarkets-info.com/layout-Fresh/assets/images/ads/RBHK22/RBHK2026_empty.png","Food For Good Limited","Food For Good Limited","","Hong Kong,S.A.R.,China","Hall No.:","Hall 5FG","Stand No.							 	:","5F-B11","Category:","","",""
"https://exhibitors.informamarkets-info.com/event/RBHK2026/en-US/exhibitor/486026/foshan-fuyingli-furniture-co---ltd-","https://exhibitors.informamarkets-info.com/layout-Fresh/assets/images/ads/RBHK22/RBHK2026_empty.png","Foshan Fuyingli Furniture Co., Ltd.","佛山市富盈利家具有限公司","Yingxin Xiqi (Fuyingli) Furniture Co., Ltd. is a large‑scale furniture enterprise integrating R&D, design, production and manufacturing, and marketing services. The company’s main products cover hardware‑series furniture, solid‑wood‑series furniture, as well as customized commercial furniture for restaurants, hotels and other premises.","CHINA","Hall No.:","Hall 5FG","Stand No.							 	:","5F-A15","Category:","Furniture and Fittings (Outdoor), Furniture and Fittings (Indoor), Flatware, Decorations / Furnishings","",""
"https://exhibitors.informamarkets-info.com/event/RBHK2026/en-US/exhibitor/498066/gioia-unico-limited","https://exhibitors.informamarkets-info.com/layout-Fresh/assets/images/ads/RBHK22/RBHK2026_empty.png","Gioia Unico Limited","Gioia Unico Limited","","Hong Kong,S.A.R.,China","Hall No.:","Hall 5FG","Stand No.							 	:","5F-E36","Category:","","",""
"https://exhibitors.informamarkets-info.com/event/RBHK2026/en-US/exhibitor/493290/global-greens-international-limited","https://exhibitors.informamarkets-info.com/layout-Fresh/assets/images/ads/RBHK22/RBHK2026_empty.png","Global Greens International Limited","Global Greens International Limited","","Hong Kong,S.A.R.,China","Hall No.:","Hall 5FG","Stand No.							 	:","5F-E24","Category:","","",""
"https://exhibitors.informamarkets-info.com/event/RBHK2026/en-US/exhibitor/485985/golden-howard-foods-hong-kong-limited","https://exhibitors.informamarkets-info.com/layout-Fresh/assets/images/ads/RBHK22/RBHK2026_empty.png","Golden Howard Foods Hong Kong Limited","Golden Howard Foods Hong Kong Limited","","Hong Kong,S.A.R.,China","Hall No.:","Hall 5FG","Stand No.							 	:","5G-E22","Category:","","",""
"https://exhibitors.informamarkets-info.com/event/RBHK2026/en-US/exhibitor/487499/guangdong-eagle-coin-haibao-foods-co---ltd-","https://exhibitors.informamarkets-info.com/layout-Fresh/assets/images/ads/RBHK22/RBHK2026_empty.png","Guangdong Eagle Coin Haibao Foods Co., Ltd.","Guangdong Eagle Coin Haibao Foods Co., Ltd.","Guangdong Eagle Coin Haibao Foods Co., Ltd. is a professional canned food and aquati priducts manufacturer, which located in Maoming City， Guangdong Province. It has official registration by FDA and EU approved, and BRCGS, HACCP, HALAL certification.","CHINA","Hall No.:","Hall 5FG","Stand No.							 	:","5G-E25","Category:","Canned / Processed Fruits, Canned / Processed Seafood, Frozen Seafood","",""
"https://exhibitors.informamarkets-info.com/event/RBHK2026/en-US/exhibitor/486044/ho-fung-food-limited","https://exhibitors.informamarkets-info.com/layout-Fresh/assets/images/ads/RBHK22/RBHK2026_empty.png","Ho Fung Food Limited","Ho Fung Food Limited","","Hong Kong,S.A.R.,China","Hall No.:","Hall 5FG","Stand No.							 	:","5G-H01","Category:","","",""
"https://exhibitors.informamarkets-info.com/event/RBHK2026/en-US/exhibitor/503284/hong-kong-bakery---confectionery-association-limited","https://exhibitors.informamarkets-info.com/layout-Fresh/assets/images/ads/RBHK22/RBHK2026_empty.png","Hong Kong Bakery & Confectionery Association Limited","Hong Kong Bakery & Confectionery Association Limited","","Hong Kong,S.A.R.,China","Hall No.:","Hall 5FG","Stand No.							 	:","5G-G14","Category:","","",""
"https://exhibitors.informamarkets-info.com/event/RBHK2026/en-US/exhibitor/503281/hong-kong-federation-of-restaurants---related-trades","https://exhibitors.informamarkets-info.com/layout-Fresh/assets/images/ads/RBHK22/RBHK2026_empty.png","Hong Kong Federation of Restaurants & Related Trades","Hong Kong Federation of Restaurants & Related Trades","","Hong Kong,S.A.R.,China","Hall No.:","Hall 5FG","Stand No.							 	:","5G-F28","Category:","","",""
"https://exhibitors.informamarkets-info.com/event/RBHK2026/en-US/exhibitor/487498/hunan-tongda-bamboo-industry-technology-co---ltd","https://exhibitors.informamarkets-info.com/layout-Fresh/assets/images/ads/RBHK22/RBHK2026_empty.png","Hunan Tongda Bamboo Industry Technology Co., Ltd","湖南通达竹业科技有限公司","Hunan Tongda Bamboo Technology Co., Ltd., established in 2021 and located in Yiyang City, Hunan Province, is a company primarily engaged in wood processing and the production of wood bamboo hand fan, bamboo chopsticks, cutlery, and BBQ skewers toothpicks.","CHINA","Hall No.:","Hall 5FG","Stand No.							 	:","5F-D15","Category:","Smallwares & Accessories, Tabletop","",""
"https://exhibitors.informamarkets-info.com/event/RBHK2026/en-US/exhibitor/491958/jetcool-commercial-refrigeration-company","https://exhibitors.informamarkets-info.com/layout-Fresh/assets/images/ads/RBHK22/RBHK2026_empty.png","Jetcool Commercial Refrigeration Company","Jetcool Commercial Refrigeration Company","","Hong Kong,S.A.R.,China","Stand No.							 	:","5F-F05","Category:","","","","",""
"https://exhibitors.informamarkets-info.com/event/RBHK2026/en-US/exhibitor/487501/kerisom-food-enterprises-limited","https://exhibitors.informamarkets-info.com/layout-Fresh/assets/images/ads/RBHK22/RBHK2026_empty.png","Kerisom Food Enterprises Limited","伽力森食品生物科技(江苏)有限公司","Kerisom foods, national high-tech & agricultural leader, provincial green factory, quality award winner.","CHINA","Hall No.:","Hall 5FG","Stand No.							 	:","5G-B31","Category:","Instant Food","",""
"https://exhibitors.informamarkets-info.com/event/RBHK2026/en-US/exhibitor/486032/king-thai-vegetable-limited","https://exhibitors.informamarkets-info.com/layout-Fresh/assets/images/ads/RBHK22/RBHK2026_empty.png","King Thai Vegetable Limited","King Thai Vegetable Limited","","Hong Kong,S.A.R.,China","Hall No.:","Hall 5FG","Stand No.							 	:","5G-B15","Category:","","",""
"https://exhibitors.informamarkets-info.com/event/RBHK2026/en-US/exhibitor/495464/kyo-exh-connections","https://exhibitors.informamarkets-info.com/layout-Fresh/assets/images/ads/RBHK22/RBHK2026_empty.png","Kyo Exh Connections","Kyo Exh Connections","","MALAYSIA","Hall No.:","Hall 5FG","Stand No.							 	:","5G-F13","Category:","","",""
"https://exhibitors.informamarkets-info.com/event/RBHK2026/en-US/exhibitor/486017/life-gourmet-limited","https://exhibitors.informamarkets-info.com/layout-Fresh/assets/images/ads/RBHK22/RBHK2026_empty.png","Life Gourmet Limited","Life Gourmet Limited","LifeX Gourmet brings the finest wild seafood from New Zealand's pristine, unpolluted waters. Committed to premium quality, freshness and sustainability, we serve chefs, retailers and seafood lovers with unforgettable gourmet experiences.","Hong Kong,S.A.R.,China","Hall No.:","Hall 5FG","Stand No.							 	:","5G-A31","Category:","Instant Coffee / Tea, Health / Organic Drinks, Frozen Seafood, Oil, Nuts & Seeds,","Soup, Health / Natural / Organic Food, Fresh Seafood, Coconut Products, Free from-Artificial Ingredients, Free from-Sugars, Certified Organic Products","etc..."
"https://exhibitors.informamarkets-info.com/event/RBHK2026/en-US/exhibitor/495034/mitsugen-co---ltd-","https://exhibitors.informamarkets-info.com/layout-Fresh/assets/images/ads/RBHK22/RBHK2026_empty.png","Mitsugen Co., Ltd.","Mitsugen Co., Ltd.","We specialize in the branding, sales, and import/export of alcoholic beverages, with a focus on Japanese sake and whisky. By working directly with breweries across Japan, we carefully select high-quality products that reflect the passion and craftsmanship of their producers. Our business includes wholesale distribution, OEM and private brand development, and support for overseas market expansion.","JAPAN","Hall No.:","Hall 5FG","Stand No.							 	:","5F-G33","Category:","Spirits, Sake","",""
"https://exhibitors.informamarkets-info.com/event/RBHK2026/en-US/exhibitor/500214/oatly-hong-kong-holding-limited","https://exhibitors.informamarkets-info.com/layout-Fresh/assets/images/ads/RBHK22/RBHK2026_empty.png","Oatly Hong Kong Holding Limited","Oatly Hong Kong Holding Limited","","Hong Kong,S.A.R.,China","Hall No.:","Hall 5FG","Stand No.							 	:","5G-Z03","Category:","","",""
"https://exhibitors.informamarkets-info.com/event/RBHK2026/en-US/exhibitor/485984/one-stop-medical-limited","https://exhibitors.informamarkets-info.com/layout-Fresh/assets/images/ads/RBHK22/RBHK2026_empty.png","One Stop Medical Limited","One Stop Medical Limited","","Hong Kong,S.A.R.,China","Hall No.:","Hall 5FG","Stand No.							 	:","5F-C25","Category:","","",""
"https://exhibitors.informamarkets-info.com/event/RBHK2026/en-US/exhibitor/500244/organic---fresh-food-industry-sdn-bhd","https://exhibitors.informamarkets-info.com/layout-Fresh/assets/images/ads/RBHK22/RBHK2026_empty.png","Organic & Fresh Food Industry Sdn Bhd","Organic & Fresh Food Industry Sdn Bhd","","MALAYSIA","Hall No.:","Hall 5FG","Stand No.							 	:","5G-F13-1","Category:","","",""
"https://exhibitors.informamarkets-info.com/event/RBHK2026/en-US/exhibitor/486640/perfekta-toys-lda-","https://exhibitors.informamarkets-info.com/layout-Fresh/assets/images/ads/RBHK22/RBHK2026_empty.png","Perfekta Toys LDA.","Perfekta Toys LDA.","","Macau,S.A.R.,China","Hall No.:","Hall 5FG","Stand No.							 	:","5F-G14","Category:","","",""
"https://exhibitors.informamarkets-info.com/event/RBHK2026/en-US/exhibitor/486738/pioneer-trading-company","https://exhibitors.informamarkets-info.com/layout-Fresh/assets/images/ads/RBHK22/RBHK2026_empty.png","Pioneer Trading Company","Advance Food Limited","","Hong Kong,S.A.R.,China","Hall No.:","Hall 5FG","Stand No.							 	:","5F-G25","Category:","Canned / Processed Fruits, Frozen Seafood, Sorbets & Smoothies, Confectionery / Snacks / Candy, Fresh Fruits & Vegetables,","Organic Fruits & Vegetables, Fresh Seafood, Disposables, Bar Coding / Scanners, Electronic Labelling, Packaging Equipment / Materials, Environmental Protection Engineering & Waste Reduction, Compostable Bowls / Cutlery / Plates, Price Labelling / Tagging, Packaging Equipment / Materials","etc..."
"https://exhibitors.informamarkets-info.com/event/RBHK2026/en-US/exhibitor/486052/roka-service","https://exhibitors.informamarkets-info.com/layout-Fresh/assets/images/ads/RBHK22/RBHK2026_empty.png","Roka Service","Roka Service","","Hong Kong,S.A.R.,China","Hall No.:","Hall 5FG","Stand No.							 	:","5F-C12","Category:","","",""
"https://exhibitors.informamarkets-info.com/event/RBHK2026/en-US/exhibitor/486856/roy-mark-(asia)-limited","https://exhibitors.informamarkets-info.com/layout-Fresh/assets/images/ads/RBHK22/RBHK2026_empty.png","Roy Mark (Asia) Limited","禾麥(亞洲)有限公司","Roy Mark (Asia) Ltd has over 30 years experience in design & packaging product manufacturing with a 1,500m² computerized office design & pre-production team in Hong Kong, as well as a 60,000m² fully equipped factory in Mainland China. Our business covers full range printed matters such as calendars & red packets and packaging gift boxes, paper bags & gift premiums.","Hong Kong,S.A.R.,China","Hall No.:","Hall 5FG","Stand No.							 	:","5F-F18","Category:","Gifts & Souvenirs, Commercial Design","",""
"https://exhibitors.informamarkets-info.com/event/RBHK2026/en-US/exhibitor/495032/royal-of-japan-ltd-","https://exhibitors.informamarkets-info.com/layout-Fresh/assets/images/ads/RBHK22/RBHK2026_empty.png","Royal Of Japan Ltd.","Royal Of Japan Ltd.","We work with a wide network of manufacturers and suppliers across Japan, handling over 3,000 products spanning seasonings, fresh foods, dried goods, processed foods, alcoholic beverages, confectionery, and kitchenware. In recent years, we have seen growing demand for Japanese sake, liqueurs, craft beer, and craft gin, and our exports in these categories continue to expand.","JAPAN","Hall No.:","Hall 5FG","Stand No.							 	:","5F-G32","Category:","Beer / Craft Beer / Cider / Shandy / Stout, Spirits, Sake","",""
"https://exhibitors.informamarkets-info.com/event/RBHK2026/en-US/exhibitor/495031/sachihime-shuzo-co---ltd-","https://exhibitors.informamarkets-info.com/layout-Fresh/assets/images/ads/RBHK22/RBHK2026_empty.png","Sachihime Shuzo Co., Ltd.","Sachihime Shuzo Co., Ltd.","We are Sachihime Shuzo, a sake brewery established in 1934, in Kashima City, Saga Prefecture. Our flagship brand is ""Sachihime,"" which embodies the wish for daughters to find happiness. We wish Sachihime will expand more, and that you will enjoy drinking it as much as possible.","JAPAN","Hall No.:","Hall 5FG","Stand No.							 	:","5F-G38","Category:","Spirits, Sake","",""
"https://exhibitors.informamarkets-info.com/event/RBHK2026/en-US/exhibitor/503550/sanconsultanci-limited","https://exhibitors.informamarkets-info.com/layout-Fresh/assets/images/ads/RBHK22/RBHK2026_empty.png","Sanconsultanci Limited","Sanconsultanci Limited","","UK","Hall No.:","Hall 5FG","Stand No.							 	:","5F-G30","Category:","","",""
"https://exhibitors.informamarkets-info.com/event/RBHK2026/en-US/exhibitor/486000/sapori-international-limited","https://exhibitors.informamarkets-info.com/layout-Fresh/assets/images/ads/RBHK22/RBHK2026_empty.png","Sapori International Limited","Sapori International Limited","","Hong Kong,S.A.R.,China","Hall No.:","Hall 5FG","Stand No.							 	:","5G-F07","Category:","","",""
"https://exhibitors.informamarkets-info.com/event/RBHK2026/en-US/exhibitor/487500/shanghai-huahe-expo-co---ltd","https://exhibitors.informamarkets-info.com/layout-Fresh/assets/images/ads/RBHK22/RBHK2026_empty.png","Shanghai Huahe Expo Co., Ltd","Shanghai Huahe Expo Co., Ltd","","CHINA","Hall No.:","Hall 5FG,,,,,","Stand No.							 	:","5F-D15.,5G-E25.,5G-E34.,5G-D32.,5G-B31.,5F-A23.","Category:","","",""
"https://exhibitors.informamarkets-info.com/event/RBHK2026/en-US/exhibitor/502529/studio-caffeine-company-limited","https://exhibitors.informamarkets-info.com/layout-Fresh/assets/images/ads/RBHK22/RBHK2026_empty.png","Studio Caffeine Company Limited","Studio Caffeine Company Limited","","Hong Kong,S.A.R.,China","Hall No.:","Hall 5FG","Stand No.							 	:","5G-Z07","Category:","","",""
"https://exhibitors.informamarkets-info.com/event/RBHK2026/en-US/exhibitor/495036/takamasamune-co---ltd-","https://exhibitors.informamarkets-info.com/layout-Fresh/assets/images/ads/RBHK22/RBHK2026_empty.png","Takamasamune Co., Ltd.","Takamasamune Co., Ltd.","Takamasamune has started brewing Sake in 1880s and established the company in 1935. We manufacture Sake and Shochu which is Japanese traditional distilled beverage using Koji yeast. The products are Junmai Sake, GinjoSake, Regular Sake/FutsuShu, Barley Shochu, Rice Shocu, RTD sake and RTD Shochu. Our company offers not only our national brand of products but also OEMs and private  brands.","JAPAN","Hall No.:","Hall 5FG","Stand No.							 	:","5F-G31","Category:","Spirits, Sake","",""
"https://exhibitors.informamarkets-info.com/event/RBHK2026/en-US/exhibitor/494146/techtop-asia-limited","https://exhibitors.informamarkets-info.com/layout-Fresh/assets/images/ads/RBHK22/RBHK2026_empty.png","Techtop Asia Limited","Techtop Asia Limited","","Hong Kong,S.A.R.,China","Hall No.:","Hall 5FG","Stand No.							 	:","5F-C18","Category:","","",""
"https://exhibitors.informamarkets-info.com/event/RBHK2026/en-US/exhibitor/500161/tropical-fruit-manufacturing-sdn-bhd","https://exhibitors.informamarkets-info.com/layout-Fresh/assets/images/ads/RBHK22/RBHK2026_empty.png","Tropical Fruit Manufacturing Sdn Bhd","Tropical Fruit Manufacturing Sdn Bhd","The company specializes in manufacturing and customizing seasonal and frozen fruit products, including fruit purées, concentrates, and juices. It also provides a range of food additives and ingredients, such as food colourings and flavour enhancers. With extensive expertise in fruit-based products and food ingredients, the company offers quality solutions tailored to meet the diverse needs of customers across various food.","MALAYSIA","Hall No.:","Hall 5FG","Stand No.							 	:","5G-F13-3","Category:","Juices & Concentrates, Herbs / Spices / Seasonings","",""
"https://exhibitors.informamarkets-info.com/event/RBHK2026/en-US/exhibitor/486016/valuedshow-management-llc-","https://exhibitors.informamarkets-info.com/layout-Fresh/assets/images/ads/RBHK22/RBHK2026_empty.png","Valuedshow Management LLC.","Valuedshow Management LLC.","","CHINA","Hall No.:","Hall 5FG","Stand No.							 	:","5G-F22.","Category:","","",""
"https://exhibitors.informamarkets-info.com/event/RBHK2026/en-US/exhibitor/503547/wa-kee-vegetable-stall-limited","https://exhibitors.informamarkets-info.com/layout-Fresh/assets/images/ads/RBHK22/RBHK2026_empty.png","Wa Kee Vegetable Stall Limited","Wa Kee Vegetable Stall Limited","","Hong Kong,S.A.R.,China","Hall No.:","Hall 5FG","Stand No.							 	:","5G-D06","Category:","","",""
"https://exhibitors.informamarkets-info.com/event/RBHK2026/en-US/exhibitor/486994/worldmate-group-holdings-limited","https://exhibitors.informamarkets-info.com/layout-Fresh/assets/images/ads/RBHK22/RBHK2026_empty.png","Worldmate Group Holdings Limited","Worldmate Group Holdings Limited","","Hong Kong,S.A.R.,China","Hall No.:","Hall 5FG","Stand No.							 	:","5F-F35","Category:","","",""
"https://exhibitors.informamarkets-info.com/event/RBHK2026/en-US/exhibitor/503285/ws-media-concepts-limited","https://exhibitors.informamarkets-info.com/layout-Fresh/assets/images/ads/RBHK22/RBHK2026_empty.png","WS Media Concepts Limited","WS Media Concepts Limited","","Hong Kong,S.A.R.,China","Hall No.:","Hall 5FG","Stand No.							 	:","5F-F32","Category:","","",""
"https://exhibitors.informamarkets-info.com/event/RBHK2026/en-US/exhibitor/492548/wuxi-accobio-biotech-inc-","https://exhibitors.informamarkets-info.com/layout-Fresh/assets/images/ads/RBHK22/RBHK2026_empty.png","Wuxi Accobio Biotech Inc.","Wuxi Accobio Biotech Inc.","","CHINA","Hall No.:","Hall 5FG","Stand No.							 	:","5G-D27","Category:","","",""
"https://exhibitors.informamarkets-info.com/event/RBHK2026/en-US/exhibitor/485993/yick-fung-marine-products-company","https://exhibitors.informamarkets-info.com/layout-Fresh/assets/images/ads/RBHK22/RBHK2026_empty.png","Yick Fung Marine Products Company","Yick Fung Marine Products Company","","Hong Kong,S.A.R.,China","Hall No.:","Hall 5FG","Stand No.							 	:","5G-B13","Category:","","",""