"generic-option-link","generic-option-link href","generic-option-link 2","generic-option-link href 2","img-avatar src"
"Agroittica Lombarda – Calvisius Caviar","https://sea2026.smallworldlabs.com/co/agroittica-lombarda-calvisius-caviar","Booth #E26","https://s23.a2zinc.net/clients/diversified/sea2026/Public/EventMap.aspx?EventId=137&MapItBoothID=280512&MapItBooth=E26&MapID=262","https://static.prod01.ue1.p.pcomm.net/sea2026/content/images/badges-content/e79df95b9a03022bdbb12ee981423bb1-sea-new-icon1.png"
"Alaska Seafood Marketing Institute","https://sea2026.smallworldlabs.com/co/alaska-seafood-marketing-institute","Booth #D02","https://s23.a2zinc.net/clients/diversified/sea2026/Public/EventMap.aspx?EventId=137&MapItBoothID=257277&MapItBooth=D02&MapID=262",""
"American Seafoods Japan K.K.","https://sea2026.smallworldlabs.com/co/american-seafoods-japan-k-k","Booth #D02","https://s23.a2zinc.net/clients/diversified/sea2026/Public/EventMap.aspx?EventId=137&MapItBoothID=279659&MapItBooth=D02&MapID=262","https://static.prod01.ue1.p.pcomm.net/sea2026/content/images/badges-content/e79df95b9a03022bdbb12ee981423bb1-sea-new-icon1.png"
"AMMARUNI","https://sea2026.smallworldlabs.com/co/ammaruni","Booth #E26","https://s23.a2zinc.net/clients/diversified/sea2026/Public/EventMap.aspx?EventId=137&MapItBoothID=280516&MapItBooth=E26&MapID=262","https://static.prod01.ue1.p.pcomm.net/sea2026/content/images/badges-content/e79df95b9a03022bdbb12ee981423bb1-sea-new-icon1.png"
"AquaChile","https://sea2026.smallworldlabs.com/co/aquachile","Booth #M20","https://s23.a2zinc.net/clients/diversified/sea2026/Public/EventMap.aspx?EventId=137&MapItBoothID=257287&MapItBooth=M20&MapID=262",""
"Aquatic Life Industries Pty Ltd","https://sea2026.smallworldlabs.com/co/aquatic-life-industries-pty-ltd","Booth #F30","https://s23.a2zinc.net/clients/diversified/sea2026/Public/EventMap.aspx?EventId=137&MapItBoothID=280657&MapItBooth=F30&MapID=262",""
"Austral Fisheries Pty Ltd","https://sea2026.smallworldlabs.com/co/austral-fisheries-pty-ltd","Booth #M22","https://s23.a2zinc.net/clients/diversified/sea2026/Public/EventMap.aspx?EventId=137&MapItBoothID=276201&MapItBooth=M22&MapID=262",""
"BAADER, Nordischer Maschinenbau Rud. Baader","https://sea2026.smallworldlabs.com/co/baader-nordischer-maschinenbau-rud-baader","Booth #E20","https://s23.a2zinc.net/clients/diversified/sea2026/Public/EventMap.aspx?EventId=137&MapItBoothID=254034&MapItBooth=E20&MapID=262","https://static.prod01.ue1.p.pcomm.net/sea2026/content/images/badges-content/e6e871e891c12b6e404279a8fc1f4178-sea-processing-icon.png"
"BADASOPUNG","https://sea2026.smallworldlabs.com/co/badasopung","Booth #F09","https://s23.a2zinc.net/clients/diversified/sea2026/Public/EventMap.aspx?EventId=137&MapItBoothID=276845&MapItBooth=F09&MapID=262","https://static.prod01.ue1.p.pcomm.net/sea2026/content/images/badges-content/e79df95b9a03022bdbb12ee981423bb1-sea-new-icon1.png"
"Baek-Hwa Co., LTD.","https://sea2026.smallworldlabs.com/co/baek-hwa-co-ltd","Booth #E09","https://s23.a2zinc.net/clients/diversified/sea2026/Public/EventMap.aspx?EventId=137&MapItBoothID=276681&MapItBooth=E09&MapID=262","https://static.prod01.ue1.p.pcomm.net/sea2026/content/images/badges-content/e79df95b9a03022bdbb12ee981423bb1-sea-new-icon1.png"
"Barramundi Group (B) Sdn Bhd","https://sea2026.smallworldlabs.com/co/barramundi-group-b-sdn-bhd","Booth #C01","https://s23.a2zinc.net/clients/diversified/sea2026/Public/EventMap.aspx?EventId=137&MapItBoothID=280409&MapItBooth=C01&MapID=262","https://static.prod01.ue1.p.pcomm.net/sea2026/content/images/badges-content/e79df95b9a03022bdbb12ee981423bb1-sea-new-icon1.png"
"BC Crab Fishermen's Association","https://sea2026.smallworldlabs.com/co/bc-crab-fishermen-s-association","Booth #G20","https://s23.a2zinc.net/clients/diversified/sea2026/Public/EventMap.aspx?EventId=137&MapItBoothID=280389&MapItBooth=G20&MapID=262",""
"Beihai Evergreen Aquatic Product Science & Technology Co. Ltd","https://sea2026.smallworldlabs.com/co/beihai-evergreen-aquatic-product-science-te","Booth #K02","https://s23.a2zinc.net/clients/diversified/sea2026/Public/EventMap.aspx?EventId=137&MapItBoothID=276116&MapItBooth=K02&MapID=262","https://static.prod01.ue1.p.pcomm.net/sea2026/content/images/badges-content/e79df95b9a03022bdbb12ee981423bb1-sea-new-icon1.png"
"Beihai Quality Aquatic Products Ltd.","https://sea2026.smallworldlabs.com/co/beihai-quality-aquatic-products-ltd","Booth #M05","https://s23.a2zinc.net/clients/diversified/sea2026/Public/EventMap.aspx?EventId=137&MapItBoothID=277863&MapItBooth=M05&MapID=262","https://static.prod01.ue1.p.pcomm.net/sea2026/content/images/badges-content/e79df95b9a03022bdbb12ee981423bb1-sea-new-icon1.png"
"Beijing Shipuller Co, Ltd","https://sea2026.smallworldlabs.com/co/beijing-shipuller-co-ltd","Booth #M02","https://s23.a2zinc.net/clients/diversified/sea2026/Public/EventMap.aspx?EventId=137&MapItBoothID=279655&MapItBooth=M02&MapID=262","https://static.prod01.ue1.p.pcomm.net/sea2026/content/images/badges-content/e79df95b9a03022bdbb12ee981423bb1-sea-new-icon1.png"
"Beijing Yinqicheng International Exhibition Co.,ltd","https://sea2026.smallworldlabs.com/co/beijing-yinqicheng-international-exhibition-c","Booth #J20, L12, M02","https://s23.a2zinc.net/clients/diversified/sea2026/Public/EventMap.aspx?EventId=137&MapItBoothID=254185%2C254120%2C254219&MapItBooth=L12%2CJ20%2CM02&MapID=262",""
"Best Honour Seafood","https://sea2026.smallworldlabs.com/co/best-honour-seafood","Booth #G20","https://s23.a2zinc.net/clients/diversified/sea2026/Public/EventMap.aspx?EventId=137&MapItBoothID=279942&MapItBooth=G20&MapID=262","https://static.prod01.ue1.p.pcomm.net/sea2026/content/images/badges-content/e79df95b9a03022bdbb12ee981423bb1-sea-new-icon1.png"
"Blumar Seafoods","https://sea2026.smallworldlabs.com/co/blumar-seafoods","Booth #C17","https://s23.a2zinc.net/clients/diversified/sea2026/Public/EventMap.aspx?EventId=137&MapItBoothID=253963&MapItBooth=C17&MapID=262","https://static.prod01.ue1.p.pcomm.net/sea2026/content/images/badges-content/e79df95b9a03022bdbb12ee981423bb1-sea-new-icon1.png"
"Byul Food","https://sea2026.smallworldlabs.com/co/byul-food","Booth #N02","https://s23.a2zinc.net/clients/diversified/sea2026/Public/EventMap.aspx?EventId=137&MapItBoothID=280364&MapItBooth=N02&MapID=262","https://static.prod01.ue1.p.pcomm.net/sea2026/content/images/badges-content/e79df95b9a03022bdbb12ee981423bb1-sea-new-icon1.png"
"Captain Little Seafood Ltd","https://sea2026.smallworldlabs.com/co/captain-little-seafood-ltd","Booth #G12","https://s23.a2zinc.net/clients/diversified/sea2026/Public/EventMap.aspx?EventId=137&MapItBoothID=279952&MapItBooth=G12&MapID=262","https://static.prod01.ue1.p.pcomm.net/sea2026/content/images/badges-content/e79df95b9a03022bdbb12ee981423bb1-sea-new-icon1.png"
"Captainbong Co.,Ltd","https://sea2026.smallworldlabs.com/co/captainbong-co-ltd","Booth #N02","https://s23.a2zinc.net/clients/diversified/sea2026/Public/EventMap.aspx?EventId=137&MapItBoothID=280362&MapItBooth=N02&MapID=262","https://static.prod01.ue1.p.pcomm.net/sea2026/content/images/badges-content/e79df95b9a03022bdbb12ee981423bb1-sea-new-icon1.png"
"CARIBBEAN GOLDEN PEARL LLC","https://sea2026.smallworldlabs.com/co/caribbean-golden-pearl-llc","Booth #D05","https://s23.a2zinc.net/clients/diversified/sea2026/Public/EventMap.aspx?EventId=137&MapItBoothID=254320&MapItBooth=D05&MapID=262",""
"Caviar Giaveri","https://sea2026.smallworldlabs.com/co/caviar-giaveri","Booth #E26","https://s23.a2zinc.net/clients/diversified/sea2026/Public/EventMap.aspx?EventId=137&MapItBoothID=280514&MapItBooth=E26&MapID=262","https://static.prod01.ue1.p.pcomm.net/sea2026/content/images/badges-content/e79df95b9a03022bdbb12ee981423bb1-sea-new-icon1.png"
"Central Pacific Producers Limited","https://sea2026.smallworldlabs.com/co/central-pacific-producers-limited","Booth #F11","https://s23.a2zinc.net/clients/diversified/sea2026/Public/EventMap.aspx?EventId=137&MapItBoothID=280650&MapItBooth=F11&MapID=262",""
"Champion Pacific Co., Ltd.","https://sea2026.smallworldlabs.com/co/champion-pacific-co-ltd","Booth #E02","https://s23.a2zinc.net/clients/diversified/sea2026/Public/EventMap.aspx?EventId=137&MapItBoothID=276103&MapItBooth=E02&MapID=262",""
"Champlain Seafood","https://sea2026.smallworldlabs.com/co/champlain-seafood","Booth #G12","https://s23.a2zinc.net/clients/diversified/sea2026/Public/EventMap.aspx?EventId=137&MapItBoothID=279908&MapItBooth=G12&MapID=262","https://static.prod01.ue1.p.pcomm.net/sea2026/content/images/badges-content/e79df95b9a03022bdbb12ee981423bb1-sea-new-icon1.png"
"China Aquatic Products Processing & Marketing Alliance (CAPPMA)","https://sea2026.smallworldlabs.com/co/china-aquatic-products-processing-marketing","Booth #K20, M12","https://s23.a2zinc.net/clients/diversified/sea2026/Public/EventMap.aspx?EventId=137&MapItBoothID=254193%2C254243&MapItBooth=M12%2CK20&MapID=262",""
"Chun Cheng Fishery Enterprise Pte Ltd","https://sea2026.smallworldlabs.com/co/chun-cheng-fishery-enterprise-pte-ltd","Booth #J02","https://s23.a2zinc.net/clients/diversified/sea2026/Public/EventMap.aspx?EventId=137&MapItBoothID=276163&MapItBooth=J02&MapID=262",""
"Chungsan Fishermen's Organization","https://sea2026.smallworldlabs.com/co/chungsan-fishermen-s-organization","Booth #N02","https://s23.a2zinc.net/clients/diversified/sea2026/Public/EventMap.aspx?EventId=137&MapItBoothID=280365&MapItBooth=N02&MapID=262","https://static.prod01.ue1.p.pcomm.net/sea2026/content/images/badges-content/e79df95b9a03022bdbb12ee981423bb1-sea-new-icon1.png"
"Coldfish Seafood Co. Inc.","https://sea2026.smallworldlabs.com/co/coldfish-seafood-co-inc","Booth #G20","https://s23.a2zinc.net/clients/diversified/sea2026/Public/EventMap.aspx?EventId=137&MapItBoothID=279943&MapItBooth=G20&MapID=262","https://static.prod01.ue1.p.pcomm.net/sea2026/content/images/badges-content/e79df95b9a03022bdbb12ee981423bb1-sea-new-icon1.png"
"COLDIRETTI","https://sea2026.smallworldlabs.com/co/coldiretti","Booth #E26","https://s23.a2zinc.net/clients/diversified/sea2026/Public/EventMap.aspx?EventId=137&MapItBoothID=280579&MapItBooth=E26&MapID=262",""
"CONSORZIO PESCATORI DI GORO","https://sea2026.smallworldlabs.com/co/consorzio-pescatori-di-goro","Booth #E26","https://s23.a2zinc.net/clients/diversified/sea2026/Public/EventMap.aspx?EventId=137&MapItBoothID=280507&MapItBooth=E26&MapID=262","https://static.prod01.ue1.p.pcomm.net/sea2026/content/images/badges-content/e79df95b9a03022bdbb12ee981423bb1-sea-new-icon1.png"
"COSVAP-DISTRETTO DELLA PESCA E CRESCITA BLU","https://sea2026.smallworldlabs.com/co/cosvap-distretto-della-pesca-e-crescita-blu","Booth #E26","https://s23.a2zinc.net/clients/diversified/sea2026/Public/EventMap.aspx?EventId=137&MapItBoothID=280503&MapItBooth=E26&MapID=262","https://static.prod01.ue1.p.pcomm.net/sea2026/content/images/badges-content/e79df95b9a03022bdbb12ee981423bb1-sea-new-icon1.png"
"Daeyang Corporation","https://sea2026.smallworldlabs.com/co/daeyang-corporation","Booth #E16","https://s23.a2zinc.net/clients/diversified/sea2026/Public/EventMap.aspx?EventId=137&MapItBoothID=277864&MapItBooth=E16&MapID=262","https://static.prod01.ue1.p.pcomm.net/sea2026/content/images/badges-content/e79df95b9a03022bdbb12ee981423bb1-sea-new-icon1.png"
"Dalian Gaishi Food Co., Ltd.","https://sea2026.smallworldlabs.com/co/dalian-gaishi-food-co-ltd","Booth #M02","https://s23.a2zinc.net/clients/diversified/sea2026/Public/EventMap.aspx?EventId=137&MapItBoothID=279903&MapItBooth=M02&MapID=262","https://static.prod01.ue1.p.pcomm.net/sea2026/content/images/badges-content/e79df95b9a03022bdbb12ee981423bb1-sea-new-icon1.png"
"Dalian Haixiang Food Co., Ltd","https://sea2026.smallworldlabs.com/co/dalian-haixiang-food-co-ltd","Booth #L12","https://s23.a2zinc.net/clients/diversified/sea2026/Public/EventMap.aspx?EventId=137&MapItBoothID=280376&MapItBooth=L12&MapID=262",""
"Dalian Huihetong Exhibition & Display Co., Ltd.","https://sea2026.smallworldlabs.com/co/dalian-huihetong-exhibition-display-co-lt","Booth #H20-1, H20-2, H20-3, H20-5","https://s23.a2zinc.net/clients/diversified/sea2026/Public/EventMap.aspx?EventId=137&MapItBoothID=275036%2C272371%2C272374%2C275037&MapItBooth=H20-5%2CH20-3%2CH20-2%2CH20-1&MapID=262",""
"Dalian Joy Share Foods Co., Ltd.","https://sea2026.smallworldlabs.com/co/dalian-joy-share-foods-co-ltd","Booth #M02","https://s23.a2zinc.net/clients/diversified/sea2026/Public/EventMap.aspx?EventId=137&MapItBoothID=275683&MapItBooth=M02&MapID=262",""
"Dalian Lucky Seafood Co Ltd","https://sea2026.smallworldlabs.com/co/dalian-lucky-seafood-co-ltd","Booth #J26","https://s23.a2zinc.net/clients/diversified/sea2026/Public/EventMap.aspx?EventId=137&MapItBoothID=276507&MapItBooth=J26&MapID=262",""
"Dalian Minghua Seafoods Co., Ltd","https://sea2026.smallworldlabs.com/co/dalian-minghua-seafoods-co-ltd","Booth #F20","https://s23.a2zinc.net/clients/diversified/sea2026/Public/EventMap.aspx?EventId=137&MapItBoothID=276537&MapItBooth=F20&MapID=262",""
"DALIAN RICH FOODS CO., LTD.","https://sea2026.smallworldlabs.com/co/dalian-rich-foods-co-ltd","Booth #M12","https://s23.a2zinc.net/clients/diversified/sea2026/Public/EventMap.aspx?EventId=137&MapItBoothID=276578&MapItBooth=M12&MapID=262",""
"Dalian Tailian Foods Co.,Ltd","https://sea2026.smallworldlabs.com/co/dalian-tailian-foods-co-ltd","Booth #H20-2","https://s23.a2zinc.net/clients/diversified/sea2026/Public/EventMap.aspx?EventId=137&MapItBoothID=276575&MapItBooth=H20-2&MapID=262",""
"Dalian Yihe Food Co., Ltd","https://sea2026.smallworldlabs.com/co/dalian-yihe-food-co-ltd","Booth #M02","https://s23.a2zinc.net/clients/diversified/sea2026/Public/EventMap.aspx?EventId=137&MapItBoothID=279651&MapItBooth=M02&MapID=262","https://static.prod01.ue1.p.pcomm.net/sea2026/content/images/badges-content/e79df95b9a03022bdbb12ee981423bb1-sea-new-icon1.png"
"Dalian Yingdong Aquatic Products Co., Ltd.","https://sea2026.smallworldlabs.com/co/dalian-yingdong-aquatic-products-co-ltd","Booth #M02","https://s23.a2zinc.net/clients/diversified/sea2026/Public/EventMap.aspx?EventId=137&MapItBoothID=279652&MapItBooth=M02&MapID=262","https://static.prod01.ue1.p.pcomm.net/sea2026/content/images/badges-content/e79df95b9a03022bdbb12ee981423bb1-sea-new-icon1.png"
"Dalian Yingsheng Foods Co., Ltd.","https://sea2026.smallworldlabs.com/co/dalian-yingsheng-foods-co-ltd","Booth #K20","https://s23.a2zinc.net/clients/diversified/sea2026/Public/EventMap.aspx?EventId=137&MapItBoothID=276576&MapItBooth=K20&MapID=262","https://static.prod01.ue1.p.pcomm.net/sea2026/content/images/badges-content/e79df95b9a03022bdbb12ee981423bb1-sea-new-icon1.png"
"Dalian Zhihui Fishery Group Co.,Ltd","https://sea2026.smallworldlabs.com/co/dalian-zhihui-fishery-group-co-ltd","Booth #M12","https://s23.a2zinc.net/clients/diversified/sea2026/Public/EventMap.aspx?EventId=137&MapItBoothID=276577&MapItBooth=M12&MapID=262","https://static.prod01.ue1.p.pcomm.net/sea2026/content/images/badges-content/e79df95b9a03022bdbb12ee981423bb1-sea-new-icon1.png"
"Dandong Ande Biotechnology Co., Ltd.","https://sea2026.smallworldlabs.com/co/dandong-ande-biotechnology-co-ltd","Booth #H12","https://s23.a2zinc.net/clients/diversified/sea2026/Public/EventMap.aspx?EventId=137&MapItBoothID=276333&MapItBooth=H12&MapID=262","https://static.prod01.ue1.p.pcomm.net/sea2026/content/images/badges-content/e79df95b9a03022bdbb12ee981423bb1-sea-new-icon1.png"
"Dandong Zhengrun Food Co.,ltd","https://sea2026.smallworldlabs.com/co/dandong-zhengrun-food-co-ltd","Booth #K12","https://s23.a2zinc.net/clients/diversified/sea2026/Public/EventMap.aspx?EventId=137&MapItBoothID=276115&MapItBooth=K12&MapID=262","https://static.prod01.ue1.p.pcomm.net/sea2026/content/images/badges-content/e79df95b9a03022bdbb12ee981423bb1-sea-new-icon1.png"
"Dashimachonbok Fishery Corp.","https://sea2026.smallworldlabs.com/co/dashimachonbok-fishery-corp","Booth #N02","https://s23.a2zinc.net/clients/diversified/sea2026/Public/EventMap.aspx?EventId=137&MapItBoothID=280363&MapItBooth=N02&MapID=262","https://static.prod01.ue1.p.pcomm.net/sea2026/content/images/badges-content/e79df95b9a03022bdbb12ee981423bb1-sea-new-icon1.png"
"DEBAO (FUJIAN) INDUSTRIAL CO.,LTD.","https://sea2026.smallworldlabs.com/co/debao-fujian-industrial-co-ltd","Booth #J20","https://s23.a2zinc.net/clients/diversified/sea2026/Public/EventMap.aspx?EventId=137&MapItBoothID=275686&MapItBooth=J20&MapID=262",""
"Delta Fish srl","https://sea2026.smallworldlabs.com/co/delta-fish-srl","Booth #E26","https://s23.a2zinc.net/clients/diversified/sea2026/Public/EventMap.aspx?EventId=137&MapItBoothID=280510&MapItBooth=E26&MapID=262","https://static.prod01.ue1.p.pcomm.net/sea2026/content/images/badges-content/e79df95b9a03022bdbb12ee981423bb1-sea-new-icon1.png"
"Department of Fisheries - Brunei Darussalam","https://sea2026.smallworldlabs.com/co/department-of-fisheries-brunei-darussalam","Booth #C01","https://s23.a2zinc.net/clients/diversified/sea2026/Public/EventMap.aspx?EventId=137&MapItBoothID=255365&MapItBooth=C01&MapID=262","https://static.prod01.ue1.p.pcomm.net/sea2026/content/images/badges-content/e79df95b9a03022bdbb12ee981423bb1-sea-new-icon1.png"
"Dhofar Fisheries","https://sea2026.smallworldlabs.com/co/dhofar-fisheries","Booth #G26","https://s23.a2zinc.net/clients/diversified/sea2026/Public/EventMap.aspx?EventId=137&MapItBoothID=280706&MapItBooth=G26&MapID=262",""
"DNV","https://sea2026.smallworldlabs.com/co/dnv","Booth #H02","https://s23.a2zinc.net/clients/diversified/sea2026/Public/EventMap.aspx?EventId=137&MapItBoothID=276170&MapItBooth=H02&MapID=262","https://static.prod01.ue1.p.pcomm.net/sea2026/content/images/badges-content/e6e871e891c12b6e404279a8fc1f4178-sea-processing-icon.png"
"DON GAMBERO","https://sea2026.smallworldlabs.com/co/don-gambero","Booth #E26","https://s23.a2zinc.net/clients/diversified/sea2026/Public/EventMap.aspx?EventId=137&MapItBoothID=280580&MapItBooth=E26&MapID=262",""
"Donggang City Jinwei Aquatic Technology Co., Ltd","https://sea2026.smallworldlabs.com/co/donggang-city-jinwei-aquatic-technology-co","Booth #M12","https://s23.a2zinc.net/clients/diversified/sea2026/Public/EventMap.aspx?EventId=137&MapItBoothID=280371&MapItBooth=M12&MapID=262",""
"Dongshan HuaChang Foodstuff Co., Ltd","https://sea2026.smallworldlabs.com/co/dongshan-huachang-foodstuff-co-ltd","Booth #H12","https://s23.a2zinc.net/clients/diversified/sea2026/Public/EventMap.aspx?EventId=137&MapItBoothID=275676&MapItBooth=H12&MapID=262",""
"E & E Foods","https://sea2026.smallworldlabs.com/co/e-e-foods","Booth #D02","https://s23.a2zinc.net/clients/diversified/sea2026/Public/EventMap.aspx?EventId=137&MapItBoothID=279662&MapItBooth=D02&MapID=262","https://static.prod01.ue1.p.pcomm.net/sea2026/content/images/badges-content/e79df95b9a03022bdbb12ee981423bb1-sea-new-icon1.png"
"E.C. Phillips and Son Inc.","https://sea2026.smallworldlabs.com/co/e-c-phillips-and-son-inc","Booth #D02","https://s23.a2zinc.net/clients/diversified/sea2026/Public/EventMap.aspx?EventId=137&MapItBoothID=279661&MapItBooth=D02&MapID=262","https://static.prod01.ue1.p.pcomm.net/sea2026/content/images/badges-content/e79df95b9a03022bdbb12ee981423bb1-sea-new-icon1.png"
"Everlasting A-One Trading Co.,Ltd.","https://sea2026.smallworldlabs.com/co/everlasting-a-one-trading-co-ltd","Booth #G10","https://s23.a2zinc.net/clients/diversified/sea2026/Public/EventMap.aspx?EventId=137&MapItBoothID=257295&MapItBooth=G10&MapID=262",""
"Famille Beaulieu","https://sea2026.smallworldlabs.com/co/famille-beaulieu","Booth #M19","https://s23.a2zinc.net/clients/diversified/sea2026/Public/EventMap.aspx?EventId=137&MapItBoothID=276586&MapItBooth=M19&MapID=262","https://static.prod01.ue1.p.pcomm.net/sea2026/content/images/badges-content/e79df95b9a03022bdbb12ee981423bb1-sea-new-icon1.png"
"Fanny Bay Oysters","https://sea2026.smallworldlabs.com/co/fanny-bay-oysters","Booth #G20","https://s23.a2zinc.net/clients/diversified/sea2026/Public/EventMap.aspx?EventId=137&MapItBoothID=279948&MapItBooth=G20&MapID=262",""
"FAO GLOBEFISH","https://sea2026.smallworldlabs.com/co/fao-globefish","Booth #A13","https://s23.a2zinc.net/clients/diversified/sea2026/Public/EventMap.aspx?EventId=137&MapItBoothID=253880&MapItBooth=A13&MapID=262","https://static.prod01.ue1.p.pcomm.net/sea2026/content/images/badges-content/e6e871e891c12b6e404279a8fc1f4178-sea-processing-icon.png"
"Fish International Sourcing House","https://sea2026.smallworldlabs.com/co/fish-international-sourcing-house","Booth #J02","https://s23.a2zinc.net/clients/diversified/sea2026/Public/EventMap.aspx?EventId=137&MapItBoothID=276161&MapItBooth=J02&MapID=262",""
"Food Export - Northeast","https://sea2026.smallworldlabs.com/co/food-export-northeast","Booth #G11","https://s23.a2zinc.net/clients/diversified/sea2026/Public/EventMap.aspx?EventId=137&MapItBoothID=272488&MapItBooth=G11&MapID=262",""
"Foodman Optoelectronic (Zhongshan) Co., Ltd","https://sea2026.smallworldlabs.com/co/foodman-optoelectronic-zhongshan-co-ltd","Booth #X07","https://s23.a2zinc.net/clients/diversified/sea2026/Public/EventMap.aspx?EventId=137&MapItBoothID=258557&MapItBooth=X07&MapID=262","https://static.prod01.ue1.p.pcomm.net/sea2026/content/images/badges-content/e6e871e891c12b6e404279a8fc1f4178-sea-processing-icon.png"
"French Creek Seafood Ltd.","https://sea2026.smallworldlabs.com/co/french-creek-seafood-ltd","Booth #G20","https://s23.a2zinc.net/clients/diversified/sea2026/Public/EventMap.aspx?EventId=137&MapItBoothID=279944&MapItBooth=G20&MapID=262","https://static.prod01.ue1.p.pcomm.net/sea2026/content/images/badges-content/e79df95b9a03022bdbb12ee981423bb1-sea-new-icon1.png"
"Friultrota - La Regina di San Daniele","https://sea2026.smallworldlabs.com/co/friultrota-la-regina-di-san-daniele","Booth #E26","https://s23.a2zinc.net/clients/diversified/sea2026/Public/EventMap.aspx?EventId=137&MapItBoothID=280515&MapItBooth=E26&MapID=262","https://static.prod01.ue1.p.pcomm.net/sea2026/content/images/badges-content/e79df95b9a03022bdbb12ee981423bb1-sea-new-icon1.png"
"Fujian Hanxiang Food Co., Ltd.","https://sea2026.smallworldlabs.com/co/fujian-hanxiang-food-co-ltd","Booth #K12","https://s23.a2zinc.net/clients/diversified/sea2026/Public/EventMap.aspx?EventId=137&MapItBoothID=275675&MapItBooth=K12&MapID=262",""
"Fujian Huanong Food Co.,Ltd.","https://sea2026.smallworldlabs.com/co/fujian-huanong-food-co-ltd","Booth #L12","https://s23.a2zinc.net/clients/diversified/sea2026/Public/EventMap.aspx?EventId=137&MapItBoothID=280488&MapItBooth=L12&MapID=262","https://static.prod01.ue1.p.pcomm.net/sea2026/content/images/badges-content/e79df95b9a03022bdbb12ee981423bb1-sea-new-icon1.png"
"Fujian Maiyu Food Co., Ltd","https://sea2026.smallworldlabs.com/co/fujian-maiyu-food-co-ltd","Booth #H12","https://s23.a2zinc.net/clients/diversified/sea2026/Public/EventMap.aspx?EventId=137&MapItBoothID=280492&MapItBooth=H12&MapID=262",""
"Fujian Mingwang Food Co.,Ltd","https://sea2026.smallworldlabs.com/co/fujian-mingwang-food-co-ltd","Booth #K25","https://s23.a2zinc.net/clients/diversified/sea2026/Public/EventMap.aspx?EventId=137&MapItBoothID=280577&MapItBooth=K25&MapID=262",""
"Fujian Topsheng Import & Export Co., Ltd","https://sea2026.smallworldlabs.com/co/fujian-topsheng-import-export-co-ltd","Booth #H12","https://s23.a2zinc.net/clients/diversified/sea2026/Public/EventMap.aspx?EventId=137&MapItBoothID=275680&MapItBooth=H12&MapID=262",""
"Fuzhou Rixing Aquatic Food Co., Ltd.","https://sea2026.smallworldlabs.com/co/fuzhou-rixing-aquatic-food-co-ltd","Booth #K02","https://s23.a2zinc.net/clients/diversified/sea2026/Public/EventMap.aspx?EventId=137&MapItBoothID=276200&MapItBooth=K02&MapID=262",""
"Fuzhou Yongxi Biological Technology Co., Ltd.","https://sea2026.smallworldlabs.com/co/fuzhou-yongxi-biological-technology-co-ltd","Booth #K12","https://s23.a2zinc.net/clients/diversified/sea2026/Public/EventMap.aspx?EventId=137&MapItBoothID=275677&MapItBooth=K12&MapID=262","https://static.prod01.ue1.p.pcomm.net/sea2026/content/images/badges-content/e79df95b9a03022bdbb12ee981423bb1-sea-new-icon1.png"
"Fuzhou Yufengyuan Group Co., Ltd.","https://sea2026.smallworldlabs.com/co/fuzhou-yufengyuan-group-co-ltd","Booth #K12","https://s23.a2zinc.net/clients/diversified/sea2026/Public/EventMap.aspx?EventId=137&MapItBoothID=275678&MapItBooth=K12&MapID=262",""
"Fuzhou Zelin Food Co., Ltd","https://sea2026.smallworldlabs.com/co/fuzhou-zelin-food-co-ltd","Booth #H12","https://s23.a2zinc.net/clients/diversified/sea2026/Public/EventMap.aspx?EventId=137&MapItBoothID=275679&MapItBooth=H12&MapID=262",""
"Gadre Marine Export Pvt Ltd, India","https://sea2026.smallworldlabs.com/co/gadre-marine-export-pvt-ltd-india","Booth #C07","https://s23.a2zinc.net/clients/diversified/sea2026/Public/EventMap.aspx?EventId=137&MapItBoothID=255364&MapItBooth=C07&MapID=262",""
"Gerret Enterprises Inc.","https://sea2026.smallworldlabs.com/co/gerret-enterprises-inc","Booth #G12","https://s23.a2zinc.net/clients/diversified/sea2026/Public/EventMap.aspx?EventId=137&MapItBoothID=279954&MapItBooth=G12&MapID=262","https://static.prod01.ue1.p.pcomm.net/sea2026/content/images/badges-content/e79df95b9a03022bdbb12ee981423bb1-sea-new-icon1.png"
"Global Seafood Alliance","https://sea2026.smallworldlabs.com/co/global-seafood-alliance","Booth #C23","https://s23.a2zinc.net/clients/diversified/sea2026/Public/EventMap.aspx?EventId=137&MapItBoothID=255376&MapItBooth=C23&MapID=262","https://static.prod01.ue1.p.pcomm.net/sea2026/content/images/badges-content/e6e871e891c12b6e404279a8fc1f4178-sea-processing-icon.png"
"Golden Corporation SDN BHD","https://sea2026.smallworldlabs.com/co/golden-corporation-sdn-bhd","Booth #C01","https://s23.a2zinc.net/clients/diversified/sea2026/Public/EventMap.aspx?EventId=137&MapItBoothID=280408&MapItBooth=C01&MapID=262","https://static.prod01.ue1.p.pcomm.net/sea2026/content/images/badges-content/e79df95b9a03022bdbb12ee981423bb1-sea-new-icon1.png"
"GST Marine Products Sdn. Bhd.","https://sea2026.smallworldlabs.com/co/gst-marine-products-sdn-bhd","Booth #H12","https://s23.a2zinc.net/clients/diversified/sea2026/Public/EventMap.aspx?EventId=137&MapItBoothID=275674&MapItBooth=H12&MapID=262",""
"GUCHENG SHOUAN NEW MATERIAL TECHNOLOGY CO., LTD","https://sea2026.smallworldlabs.com/co/gucheng-shouan-new-material-technology-co-l","Booth #B18","https://s23.a2zinc.net/clients/diversified/sea2026/Public/EventMap.aspx?EventId=137&MapItBoothID=253960&MapItBooth=B18&MapID=262","https://static.prod01.ue1.p.pcomm.net/sea2026/content/images/badges-content/e6e871e891c12b6e404279a8fc1f4178-sea-processing-icon.png"
"GUMUSDOGA SEAFOOD","https://sea2026.smallworldlabs.com/co/gumusdoga-seafood","Booth #F26","https://s23.a2zinc.net/clients/diversified/sea2026/Public/EventMap.aspx?EventId=137&MapItBoothID=254368&MapItBooth=F26&MapID=262",""
"Guy Cotten SA","https://sea2026.smallworldlabs.com/co/guy-cotten-sa","Booth #B10","https://s23.a2zinc.net/clients/diversified/sea2026/Public/EventMap.aspx?EventId=137&MapItBoothID=255361&MapItBooth=B10&MapID=262","https://static.prod01.ue1.p.pcomm.net/sea2026/content/images/badges-content/e6e871e891c12b6e404279a8fc1f4178-sea-processing-icon.png"
"HAE CHEONG JEONG CO., LTD.","https://sea2026.smallworldlabs.com/co/hae-cheong-jeong-co-ltd","Booth #N02","https://s23.a2zinc.net/clients/diversified/sea2026/Public/EventMap.aspx?EventId=137&MapItBoothID=280370&MapItBooth=N02&MapID=262","https://static.prod01.ue1.p.pcomm.net/sea2026/content/images/badges-content/e79df95b9a03022bdbb12ee981423bb1-sea-new-icon1.png"
"Haeyeareum Co., Ltd.","https://sea2026.smallworldlabs.com/co/haeyeareum-co-ltd","Booth #N02","https://s23.a2zinc.net/clients/diversified/sea2026/Public/EventMap.aspx?EventId=137&MapItBoothID=280361&MapItBooth=N02&MapID=262",""
"Hai Sia Seafood Pte Ltd","https://sea2026.smallworldlabs.com/co/hai-sia-seafood-pte-ltd","Booth #H02","https://s23.a2zinc.net/clients/diversified/sea2026/Public/EventMap.aspx?EventId=137&MapItBoothID=276162&MapItBooth=H02&MapID=262",""
"Haikou InVision International Trade Co., Ltd.","https://sea2026.smallworldlabs.com/co/haikou-invision-international-trade-co-ltd","Booth #F02-4","https://s23.a2zinc.net/clients/diversified/sea2026/Public/EventMap.aspx?EventId=137&MapItBoothID=276678&MapItBooth=F02-4&MapID=262","https://static.prod01.ue1.p.pcomm.net/sea2026/content/images/badges-content/e79df95b9a03022bdbb12ee981423bb1-sea-new-icon1.png"
"Hainan Fuchang Exhibition Service Co., Ltd","https://sea2026.smallworldlabs.com/co/hainan-fuchang-exhibition-service-co-ltd","Booth #F02, F02-1, F02-4, F02-5, F02-6, F02-7, F02-8, F12-1, F12-2, G15","https://s23.a2zinc.net/clients/diversified/sea2026/Public/EventMap.aspx?EventId=137&MapItBoothID=272490%2C272489%2C272491%2C276530%2C276531%2C276532%2C276534%2C279664%2C276535%2C280644&MapItBooth=F12-1%2CF12-2%2CG15%2CF02-1%2CF02%2CF02-4%2CF02-6%2CF02-5%2CF02-7%2CF02-8&MapID=262",""
"Hainan Huishi Food Co., Ltd.","https://sea2026.smallworldlabs.com/co/hainan-huishi-food-co-ltd","Booth #F02-6","https://s23.a2zinc.net/clients/diversified/sea2026/Public/EventMap.aspx?EventId=137&MapItBoothID=276679&MapItBooth=F02-6&MapID=262","https://static.prod01.ue1.p.pcomm.net/sea2026/content/images/badges-content/e79df95b9a03022bdbb12ee981423bb1-sea-new-icon1.png"
"Hainan Jiadexin Foodstuff Co., Ltd","https://sea2026.smallworldlabs.com/co/hainan-jiadexin-foodstuff-co-ltd","Booth #F02-1","https://s23.a2zinc.net/clients/diversified/sea2026/Public/EventMap.aspx?EventId=137&MapItBoothID=276544&MapItBooth=F02-1&MapID=262",""
"Hainan Jiangxin Haowu Commerce & Tech Co., Ltd.","https://sea2026.smallworldlabs.com/co/hainan-jiangxin-haowu-commerce-tech-co-lt","Booth #F02-7","https://s23.a2zinc.net/clients/diversified/sea2026/Public/EventMap.aspx?EventId=137&MapItBoothID=279905&MapItBooth=F02-7&MapID=262",""
"Hainan Oceanfishery Ocean-Tech Co., Ltd","https://sea2026.smallworldlabs.com/co/hainan-oceanfishery-ocean-tech-co-ltd","Booth #F02","https://s23.a2zinc.net/clients/diversified/sea2026/Public/EventMap.aspx?EventId=137&MapItBoothID=276584&MapItBooth=F02&MapID=262","https://static.prod01.ue1.p.pcomm.net/sea2026/content/images/badges-content/e79df95b9a03022bdbb12ee981423bb1-sea-new-icon1.png"
"Hainan Tasty Food Technology Co., LTD","https://sea2026.smallworldlabs.com/co/hainan-tasty-food-technology-co-ltd","Booth #F02-8","https://s23.a2zinc.net/clients/diversified/sea2026/Public/EventMap.aspx?EventId=137&MapItBoothID=280646&MapItBooth=F02-8&MapID=262",""
"Hainan Xiangtai Fishery Co., Ltd","https://sea2026.smallworldlabs.com/co/hainan-xiangtai-fishery-co-ltd","Booth #F12-1","https://s23.a2zinc.net/clients/diversified/sea2026/Public/EventMap.aspx?EventId=137&MapItBoothID=276547&MapItBooth=F12-1&MapID=262",""
"HAIZHIMEI (DALIAN) INTERNATIONAL TRADE CO., LTD.","https://sea2026.smallworldlabs.com/co/haizhimei-dalian-international-trade-co-l","Booth #H20-5","https://s23.a2zinc.net/clients/diversified/sea2026/Public/EventMap.aspx?EventId=137&MapItBoothID=276385&MapItBooth=H20-5&MapID=262",""
"Hangton Pacific Company Pte Ltd","https://sea2026.smallworldlabs.com/co/hangton-pacific-company-pte-ltd","Booth #F11","https://s23.a2zinc.net/clients/diversified/sea2026/Public/EventMap.aspx?EventId=137&MapItBoothID=280649&MapItBooth=F11&MapID=262",""
"Hong Cheng Seafood Supplies Sdn Bhd","https://sea2026.smallworldlabs.com/co/hong-cheng-seafood-supplies-sdn-bhd","Booth #C06","https://s23.a2zinc.net/clients/diversified/sea2026/Public/EventMap.aspx?EventId=137&MapItBoothID=254325&MapItBooth=C06&MapID=262","https://static.prod01.ue1.p.pcomm.net/sea2026/content/images/badges-content/e79df95b9a03022bdbb12ee981423bb1-sea-new-icon1.png"
"Hong Seafood Pte Ltd","https://sea2026.smallworldlabs.com/co/hong-seafood-pte-ltd","Booth #H02","https://s23.a2zinc.net/clients/diversified/sea2026/Public/EventMap.aspx?EventId=137&MapItBoothID=276167&MapItBooth=H02&MapID=262",""
"Hong Yu Foods Co., Ltd.","https://sea2026.smallworldlabs.com/co/hong-yu-foods-co-ltd","Booth #E04","https://s23.a2zinc.net/clients/diversified/sea2026/Public/EventMap.aspx?EventId=137&MapItBoothID=276102&MapItBooth=E04&MapID=262",""
"HUBEI NEW LIUWU FOODS GROUP CO. ,LTD.","https://sea2026.smallworldlabs.com/co/hubei-new-liuwu-foods-group-co-ltd","Booth #M02","https://s23.a2zinc.net/clients/diversified/sea2026/Public/EventMap.aspx?EventId=137&MapItBoothID=279650&MapItBooth=M02&MapID=262","https://static.prod01.ue1.p.pcomm.net/sea2026/content/images/badges-content/e79df95b9a03022bdbb12ee981423bb1-sea-new-icon1.png"
"HUIHAI HAIYE (QINGDAO) CO LTD","https://sea2026.smallworldlabs.com/co/huihai-haiye-qingdao-co-ltd","Booth #M02","https://s23.a2zinc.net/clients/diversified/sea2026/Public/EventMap.aspx?EventId=137&MapItBoothID=279656&MapItBooth=M02&MapID=262","https://static.prod01.ue1.p.pcomm.net/sea2026/content/images/badges-content/e79df95b9a03022bdbb12ee981423bb1-sea-new-icon1.png"
"Huîtres Poget","https://sea2026.smallworldlabs.com/co/hu-tres-poget","Booth #M19","https://s23.a2zinc.net/clients/diversified/sea2026/Public/EventMap.aspx?EventId=137&MapItBoothID=276585&MapItBooth=M19&MapID=262","https://static.prod01.ue1.p.pcomm.net/sea2026/content/images/badges-content/e79df95b9a03022bdbb12ee981423bb1-sea-new-icon1.png"
"Huludao Chunhe Food Co. Ltd","https://sea2026.smallworldlabs.com/co/huludao-chunhe-food-co-ltd","Booth #M12","https://s23.a2zinc.net/clients/diversified/sea2026/Public/EventMap.aspx?EventId=137&MapItBoothID=276579&MapItBooth=M12&MapID=262",""
"HUNCHUN LAOJI MARINE PRODUCT DEVELOPEMENT CO., LTD.","https://sea2026.smallworldlabs.com/co/hunchun-laoji-marine-product-developement-co","Booth #J20","https://s23.a2zinc.net/clients/diversified/sea2026/Public/EventMap.aspx?EventId=137&MapItBoothID=275688&MapItBooth=J20&MapID=262","https://static.prod01.ue1.p.pcomm.net/sea2026/content/images/badges-content/e79df95b9a03022bdbb12ee981423bb1-sea-new-icon1.png"
"Hung Ca 2 Development Corporation","https://sea2026.smallworldlabs.com/co/hung-ca-2-development-corporation","Booth #C19","https://s23.a2zinc.net/clients/diversified/sea2026/Public/EventMap.aspx?EventId=137&MapItBoothID=255375&MapItBooth=C19&MapID=262",""
"I. Deveau Fisheries Ltd","https://sea2026.smallworldlabs.com/co/i-deveau-fisheries-ltd","Booth #G12","https://s23.a2zinc.net/clients/diversified/sea2026/Public/EventMap.aspx?EventId=137&MapItBoothID=279953&MapItBooth=G12&MapID=262","https://static.prod01.ue1.p.pcomm.net/sea2026/content/images/badges-content/e79df95b9a03022bdbb12ee981423bb1-sea-new-icon1.png"
"International Seafood and Bait Ltd.","https://sea2026.smallworldlabs.com/co/international-seafood-and-bait-ltd","Booth #G12","https://s23.a2zinc.net/clients/diversified/sea2026/Public/EventMap.aspx?EventId=137&MapItBoothID=279951&MapItBooth=G12&MapID=262","https://static.prod01.ue1.p.pcomm.net/sea2026/content/images/badges-content/e79df95b9a03022bdbb12ee981423bb1-sea-new-icon1.png"
"Ito Seafoods Ltd.","https://sea2026.smallworldlabs.com/co/ito-seafoods-ltd","Booth #G12","https://s23.a2zinc.net/clients/diversified/sea2026/Public/EventMap.aspx?EventId=137&MapItBoothID=279959&MapItBooth=G12&MapID=262",""
"Japan Farmed Fish Export Association","https://sea2026.smallworldlabs.com/co/japan-farmed-fish-export-association","Booth #H26","https://s23.a2zinc.net/clients/diversified/sea2026/Public/EventMap.aspx?EventId=137&MapItBoothID=254104&MapItBooth=H26&MapID=262",""
"JCS Shrimps Pte Ltd","https://sea2026.smallworldlabs.com/co/jcs-shrimps-pte-ltd","Booth #H02","https://s23.a2zinc.net/clients/diversified/sea2026/Public/EventMap.aspx?EventId=137&MapItBoothID=276164&MapItBooth=H02&MapID=262",""
"Jeju Technopark","https://sea2026.smallworldlabs.com/co/jeju-technopark","Booth #E16","https://s23.a2zinc.net/clients/diversified/sea2026/Public/EventMap.aspx?EventId=137&MapItBoothID=269364&MapItBooth=E16&MapID=262","https://static.prod01.ue1.p.pcomm.net/sea2026/content/images/badges-content/e79df95b9a03022bdbb12ee981423bb1-sea-new-icon1.png"
"jejumami","https://sea2026.smallworldlabs.com/co/jejumami","Booth #E16","https://s23.a2zinc.net/clients/diversified/sea2026/Public/EventMap.aspx?EventId=137&MapItBoothID=277867&MapItBooth=E16&MapID=262","https://static.prod01.ue1.p.pcomm.net/sea2026/content/images/badges-content/e79df95b9a03022bdbb12ee981423bb1-sea-new-icon1.png"
"KAIGO","https://sea2026.smallworldlabs.com/co/kaigo","Booth #D02","https://s23.a2zinc.net/clients/diversified/sea2026/Public/EventMap.aspx?EventId=137&MapItBoothID=279658&MapItBooth=D02&MapID=262","https://static.prod01.ue1.p.pcomm.net/sea2026/content/images/badges-content/e79df95b9a03022bdbb12ee981423bb1-sea-new-icon1.png"
"King Chou Marine Technology Co., Ltd.","https://sea2026.smallworldlabs.com/co/king-chou-marine-technology-co-ltd","Booth #F01","https://s23.a2zinc.net/clients/diversified/sea2026/Public/EventMap.aspx?EventId=137&MapItBoothID=276107&MapItBooth=F01&MapID=262","https://static.prod01.ue1.p.pcomm.net/sea2026/content/images/badges-content/e6e871e891c12b6e404279a8fc1f4178-sea-processing-icon.png"
"KINGSUN FOODS CO.,LIMITED","https://sea2026.smallworldlabs.com/co/kingsun-foods-co-limited","Booth #L12","https://s23.a2zinc.net/clients/diversified/sea2026/Public/EventMap.aspx?EventId=137&MapItBoothID=275682&MapItBooth=L12&MapID=262",""
"Kochi Seafood Export Promotion Association","https://sea2026.smallworldlabs.com/co/kochi-seafood-export-promotion-association","Booth #F05","https://s23.a2zinc.net/clients/diversified/sea2026/Public/EventMap.aspx?EventId=137&MapItBoothID=276104&MapItBooth=F05&MapID=262",""
"Korea Asia Industrial Limited","https://sea2026.smallworldlabs.com/co/korea-asia-industrial-limited","Booth #X04","https://s23.a2zinc.net/clients/diversified/sea2026/Public/EventMap.aspx?EventId=137&MapItBoothID=253903&MapItBooth=X04&MapID=262",""
"K’awat’si Shellfish Company","https://sea2026.smallworldlabs.com/co/k-awat-si-shellfish-company","Booth #G20","https://s23.a2zinc.net/clients/diversified/sea2026/Public/EventMap.aspx?EventId=137&MapItBoothID=279946&MapItBooth=G20&MapID=262","https://static.prod01.ue1.p.pcomm.net/sea2026/content/images/badges-content/e79df95b9a03022bdbb12ee981423bb1-sea-new-icon1.png"
"Lam Kee Fisheries Pte Ltd","https://sea2026.smallworldlabs.com/co/lam-kee-fisheries-pte-ltd","Booth #J12","https://s23.a2zinc.net/clients/diversified/sea2026/Public/EventMap.aspx?EventId=137&MapItBoothID=276165&MapItBooth=J12&MapID=262",""
"Longyang Fresh (Qinghai) Co., Ltd.","https://sea2026.smallworldlabs.com/co/longyang-fresh-qinghai-co-ltd","Booth #K20","https://s23.a2zinc.net/clients/diversified/sea2026/Public/EventMap.aspx?EventId=137&MapItBoothID=276581&MapItBooth=K20&MapID=262",""
"Louisbourg Seafoods LTD","https://sea2026.smallworldlabs.com/co/louisbourg-seafoods-ltd","Booth #G12","https://s23.a2zinc.net/clients/diversified/sea2026/Public/EventMap.aspx?EventId=137&MapItBoothID=279978&MapItBooth=G12&MapID=262",""
"Luo Xie Food Trading (Shanghai) Co., Ltd.","https://sea2026.smallworldlabs.com/co/luo-xie-food-trading-shanghai-co-ltd","Booth #C20","https://s23.a2zinc.net/clients/diversified/sea2026/Public/EventMap.aspx?EventId=137&MapItBoothID=267631&MapItBooth=C20&MapID=262","https://static.prod01.ue1.p.pcomm.net/sea2026/content/images/badges-content/e79df95b9a03022bdbb12ee981423bb1-sea-new-icon1.png"
"Luxing Food Co.,Limited","https://sea2026.smallworldlabs.com/co/luxing-food-co-limited","Booth #X10","https://s23.a2zinc.net/clients/diversified/sea2026/Public/EventMap.aspx?EventId=137&MapItBoothID=254397&MapItBooth=X10&MapID=262",""
"Lyntta International Co.,Ltd.","https://sea2026.smallworldlabs.com/co/lyntta-international-co-ltd","Booth #F12-2","https://s23.a2zinc.net/clients/diversified/sea2026/Public/EventMap.aspx?EventId=137&MapItBoothID=276548&MapItBooth=F12-2&MapID=262","https://static.prod01.ue1.p.pcomm.net/sea2026/content/images/badges-content/e79df95b9a03022bdbb12ee981423bb1-sea-new-icon1.png"
"Mac's Oysters Ltd","https://sea2026.smallworldlabs.com/co/mac-s-oysters-ltd","Booth #G20","https://s23.a2zinc.net/clients/diversified/sea2026/Public/EventMap.aspx?EventId=137&MapItBoothID=279945&MapItBooth=G20&MapID=262","https://static.prod01.ue1.p.pcomm.net/sea2026/content/images/badges-content/e79df95b9a03022bdbb12ee981423bb1-sea-new-icon1.png"
"Maldives Industrial Fisheries Co. Ltd.","https://sea2026.smallworldlabs.com/co/maldives-industrial-fisheries-co-ltd","Booth #F07","https://s23.a2zinc.net/clients/diversified/sea2026/Public/EventMap.aspx?EventId=137&MapItBoothID=276844&MapItBooth=F07&MapID=262",""
"Marennes Oleron Oysters","https://sea2026.smallworldlabs.com/co/marennes-oleron-oysters","Booth #D07","https://s23.a2zinc.net/clients/diversified/sea2026/Public/EventMap.aspx?EventId=137&MapItBoothID=254322&MapItBooth=D07&MapID=262",""
"Mark Foods Singapore Pte Ltd","https://sea2026.smallworldlabs.com/co/mark-foods-singapore-pte-ltd","Booth #M22","https://s23.a2zinc.net/clients/diversified/sea2026/Public/EventMap.aspx?EventId=137&MapItBoothID=257289&MapItBooth=M22&MapID=262",""
"Mega Marine Frozen Seafood Company limited","https://sea2026.smallworldlabs.com/co/mega-marine-frozen-seafood-company-limited","Booth #G19","https://s23.a2zinc.net/clients/diversified/sea2026/Public/EventMap.aspx?EventId=137&MapItBoothID=276540&MapItBooth=G19&MapID=262","https://static.prod01.ue1.p.pcomm.net/sea2026/content/images/badges-content/e79df95b9a03022bdbb12ee981423bb1-sea-new-icon1.png"
"MERCATO ITTICO DI MUGNANO S.R.L.","https://sea2026.smallworldlabs.com/co/mercato-ittico-di-mugnano-s-r-l","Booth #E26","https://s23.a2zinc.net/clients/diversified/sea2026/Public/EventMap.aspx?EventId=137&MapItBoothID=280506&MapItBooth=E26&MapID=262","https://static.prod01.ue1.p.pcomm.net/sea2026/content/images/badges-content/e79df95b9a03022bdbb12ee981423bb1-sea-new-icon1.png"
"MIDA TRADE VENTURES PTE. LTD.","https://sea2026.smallworldlabs.com/co/mida-trade-ventures-pte-ltd","Booth #C02","https://s23.a2zinc.net/clients/diversified/sea2026/Public/EventMap.aspx?EventId=137&MapItBoothID=255359&MapItBooth=C02&MapID=262",""
"Ministero dell'Agricoltura della Sovranità Alimentare e delle foreste (MASAF)","https://sea2026.smallworldlabs.com/co/ministero-dell-agricoltura-della-sovranit-a","Booth #E26","https://s23.a2zinc.net/clients/diversified/sea2026/Public/EventMap.aspx?EventId=137&MapItBoothID=254040&MapItBooth=E26&MapID=262","https://static.prod01.ue1.p.pcomm.net/sea2026/content/images/badges-content/e79df95b9a03022bdbb12ee981423bb1-sea-new-icon1.png"
"MinNan Aquatic Development Co. Ltd Jinjiang City","https://sea2026.smallworldlabs.com/co/minnan-aquatic-development-co-ltd-jinjiang-c","Booth #F02-7","https://s23.a2zinc.net/clients/diversified/sea2026/Public/EventMap.aspx?EventId=137&MapItBoothID=280647&MapItBooth=F02-7&MapID=262",""
"MIOMARE General Trading DWC-LLC","https://sea2026.smallworldlabs.com/co/miomare-general-trading-dwc-llc","Booth #G26","https://s23.a2zinc.net/clients/diversified/sea2026/Public/EventMap.aspx?EventId=137&MapItBoothID=258215&MapItBooth=G26&MapID=262",""
"Miomare Marine Products LLC","https://sea2026.smallworldlabs.com/co/miomare-marine-products-llc","Booth #G26","https://s23.a2zinc.net/clients/diversified/sea2026/Public/EventMap.aspx?EventId=137&MapItBoothID=280705&MapItBooth=G26&MapID=262",""
"Muara International Fish Landing Sdn Bhd","https://sea2026.smallworldlabs.com/co/muara-international-fish-landing-sdn-bhd","Booth #C01","https://s23.a2zinc.net/clients/diversified/sea2026/Public/EventMap.aspx?EventId=137&MapItBoothID=280410&MapItBooth=C01&MapID=262","https://static.prod01.ue1.p.pcomm.net/sea2026/content/images/badges-content/e79df95b9a03022bdbb12ee981423bb1-sea-new-icon1.png"
"Nanjing HUADEAX Automation Equipment Manufacturing Co., Ltd","https://sea2026.smallworldlabs.com/co/nanjing-huadeax-automation-equipment-manufact","Booth #K20","https://s23.a2zinc.net/clients/diversified/sea2026/Public/EventMap.aspx?EventId=137&MapItBoothID=276582&MapItBooth=K20&MapID=262","https://static.prod01.ue1.p.pcomm.net/sea2026/content/images/badges-content/e6e871e891c12b6e404279a8fc1f4178-sea-processing-icon.png"
"Nantong Worldbase Refrigeration Equipment Co., Ltd.","https://sea2026.smallworldlabs.com/co/nantong-worldbase-refrigeration-equipment-co","Booth #X14","https://s23.a2zinc.net/clients/diversified/sea2026/Public/EventMap.aspx?EventId=137&MapItBoothID=253893&MapItBooth=X14&MapID=262","https://static.prod01.ue1.p.pcomm.net/sea2026/content/images/badges-content/e6e871e891c12b6e404279a8fc1f4178-sea-processing-icon.png"
"Nantucket Sound Seafood","https://sea2026.smallworldlabs.com/co/nantucket-sound-seafood","Booth #G11","https://s23.a2zinc.net/clients/diversified/sea2026/Public/EventMap.aspx?EventId=137&MapItBoothID=277860&MapItBooth=G11&MapID=262","https://static.prod01.ue1.p.pcomm.net/sea2026/content/images/badges-content/e79df95b9a03022bdbb12ee981423bb1-sea-new-icon1.png"
"National Federation of Fisheries Cooperatives","https://sea2026.smallworldlabs.com/co/national-federation-of-fisheries-cooperatives","Booth #N02, N12","https://s23.a2zinc.net/clients/diversified/sea2026/Public/EventMap.aspx?EventId=137&MapItBoothID=254381%2C255259&MapItBooth=N12%2CN02&MapID=262",""
"National Fishing Corporation of Tuvalu","https://sea2026.smallworldlabs.com/co/national-fishing-corporation-of-tuvalu","Booth #F11","https://s23.a2zinc.net/clients/diversified/sea2026/Public/EventMap.aspx?EventId=137&MapItBoothID=280648&MapItBooth=F11&MapID=262",""
"Nawras Marine Products Co. LLC","https://sea2026.smallworldlabs.com/co/nawras-marine-products-co-llc","Booth #G26","https://s23.a2zinc.net/clients/diversified/sea2026/Public/EventMap.aspx?EventId=137&MapItBoothID=280707&MapItBooth=G26&MapID=262",""
"New Brunswick - Deliciously Canadian","https://sea2026.smallworldlabs.com/co/new-brunswick-deliciously-canadian","Booth #G12","https://s23.a2zinc.net/clients/diversified/sea2026/Public/EventMap.aspx?EventId=137&MapItBoothID=279999&MapItBooth=G12&MapID=262",""
"NGUYEN-X Company Limited","https://sea2026.smallworldlabs.com/co/nguyen-x-company-limited","Booth #E12","https://s23.a2zinc.net/clients/diversified/sea2026/Public/EventMap.aspx?EventId=137&MapItBoothID=280402&MapItBooth=E12&MapID=262","https://static.prod01.ue1.p.pcomm.net/sea2026/content/images/badges-content/e79df95b9a03022bdbb12ee981423bb1-sea-new-icon1.png"
"Ningde Caishi Aquatic Co., Ltd","https://sea2026.smallworldlabs.com/co/ningde-caishi-aquatic-co-ltd","Booth #L12","https://s23.a2zinc.net/clients/diversified/sea2026/Public/EventMap.aspx?EventId=137&MapItBoothID=279653&MapItBooth=L12&MapID=262",""
"North Pacific Seafood Pte Ltd","https://sea2026.smallworldlabs.com/co/north-pacific-seafood-pte-ltd","Booth #H02","https://s23.a2zinc.net/clients/diversified/sea2026/Public/EventMap.aspx?EventId=137&MapItBoothID=276168&MapItBooth=H02&MapID=262",""
"Nova Scotia Seafood","https://sea2026.smallworldlabs.com/co/nova-scotia-seafood","Booth #G12","https://s23.a2zinc.net/clients/diversified/sea2026/Public/EventMap.aspx?EventId=137&MapItBoothID=279998&MapItBooth=G12&MapID=262",""
"Ocean Bros Seafood (Yancheng) Co., Ltd.","https://sea2026.smallworldlabs.com/co/ocean-bros-seafood-yancheng-co-ltd","Booth #D10","https://s23.a2zinc.net/clients/diversified/sea2026/Public/EventMap.aspx?EventId=137&MapItBoothID=276680&MapItBooth=D10&MapID=262","https://static.prod01.ue1.p.pcomm.net/sea2026/content/images/badges-content/e79df95b9a03022bdbb12ee981423bb1-sea-new-icon1.png"
"Ocean Bros Seafood(Yancheng) Co., Ltd","https://sea2026.smallworldlabs.com/exhibitors/exhibitor/219","Booth #D10","https://s23.a2zinc.net/clients/diversified/sea2026/Public/EventMap.aspx?EventId=137&MapItBoothID=280374&MapItBooth=D10&MapID=262",""
"Ocean Pioneer Co.,Ltd.","https://sea2026.smallworldlabs.com/co/ocean-pioneer-co-ltd","Booth #E08","https://s23.a2zinc.net/clients/diversified/sea2026/Public/EventMap.aspx?EventId=137&MapItBoothID=276133&MapItBooth=E08&MapID=262","https://static.prod01.ue1.p.pcomm.net/sea2026/content/images/badges-content/e79df95b9a03022bdbb12ee981423bb1-sea-new-icon1.png"
"Ocean Story Fishing Group Inc","https://sea2026.smallworldlabs.com/co/ocean-story-fishing-group-inc","Booth #G20","https://s23.a2zinc.net/clients/diversified/sea2026/Public/EventMap.aspx?EventId=137&MapItBoothID=279947&MapItBooth=G20&MapID=262","https://static.prod01.ue1.p.pcomm.net/sea2026/content/images/badges-content/e79df95b9a03022bdbb12ee981423bb1-sea-new-icon1.png"
"Oceanus International Trading Limited","https://sea2026.smallworldlabs.com/co/oceanus-international-trading-limited","Booth #E06","https://s23.a2zinc.net/clients/diversified/sea2026/Public/EventMap.aspx?EventId=137&MapItBoothID=276099&MapItBooth=E06&MapID=262",""
"Okamura Trading Singapore Pte Ltd","https://sea2026.smallworldlabs.com/co/okamura-trading-singapore-pte-ltd","Booth #J12","https://s23.a2zinc.net/clients/diversified/sea2026/Public/EventMap.aspx?EventId=137&MapItBoothID=279648&MapItBooth=J12&MapID=262",""
"OLLEBADANG FISHERMEN'S UNION CORPORATION","https://sea2026.smallworldlabs.com/co/ollebadang-fishermen-s-union-corporation","Booth #E16","https://s23.a2zinc.net/clients/diversified/sea2026/Public/EventMap.aspx?EventId=137&MapItBoothID=277865&MapItBooth=E16&MapID=262","https://static.prod01.ue1.p.pcomm.net/sea2026/content/images/badges-content/e79df95b9a03022bdbb12ee981423bb1-sea-new-icon1.png"
"OMARSA S.A.","https://sea2026.smallworldlabs.com/co/omarsa-s-a","Booth #A11","https://s23.a2zinc.net/clients/diversified/sea2026/Public/EventMap.aspx?EventId=137&MapItBoothID=253882&MapItBooth=A11&MapID=262",""
"Omega Seafood / PHR Processing Limited","https://sea2026.smallworldlabs.com/co/omega-seafood-phr-processing-limited","Booth #F22","https://s23.a2zinc.net/clients/diversified/sea2026/Public/EventMap.aspx?EventId=137&MapItBoothID=276538&MapItBooth=F22&MapID=262","https://static.prod01.ue1.p.pcomm.net/sea2026/content/images/badges-content/e79df95b9a03022bdbb12ee981423bb1-sea-new-icon1.png"
"Onagawa Town Oyster Export Expansion Council","https://sea2026.smallworldlabs.com/co/onagawa-town-oyster-export-expansion-council","Booth #J24","https://s23.a2zinc.net/clients/diversified/sea2026/Public/EventMap.aspx?EventId=137&MapItBoothID=276789&MapItBooth=J24&MapID=262","https://static.prod01.ue1.p.pcomm.net/sea2026/content/images/badges-content/e79df95b9a03022bdbb12ee981423bb1-sea-new-icon1.png"
"One De9ree Fish Pte Ltd","https://sea2026.smallworldlabs.com/co/one-de9ree-fish-pte-ltd","Booth #J12","https://s23.a2zinc.net/clients/diversified/sea2026/Public/EventMap.aspx?EventId=137&MapItBoothID=280491&MapItBooth=J12&MapID=262","https://static.prod01.ue1.p.pcomm.net/sea2026/content/images/badges-content/e79df95b9a03022bdbb12ee981423bb1-sea-new-icon1.png"
"OP Del Pesce Benefit Societa Consortile a r.l.","https://sea2026.smallworldlabs.com/co/op-del-pesce-benefit-societa-consortile-a-r-l","Booth #E26","https://s23.a2zinc.net/clients/diversified/sea2026/Public/EventMap.aspx?EventId=137&MapItBoothID=280511&MapItBooth=E26&MapID=262","https://static.prod01.ue1.p.pcomm.net/sea2026/content/images/badges-content/e79df95b9a03022bdbb12ee981423bb1-sea-new-icon1.png"
"Oriental Chunfu Agricultural products Trading Co.,Ltd.","https://sea2026.smallworldlabs.com/co/oriental-chunfu-agricultural-products-trading","Booth #F02-5","https://s23.a2zinc.net/clients/diversified/sea2026/Public/EventMap.aspx?EventId=137&MapItBoothID=279902&MapItBooth=F02-5&MapID=262","https://static.prod01.ue1.p.pcomm.net/sea2026/content/images/badges-content/e79df95b9a03022bdbb12ee981423bb1-sea-new-icon1.png"
"Oshenz Fisheries Co. LLC","https://sea2026.smallworldlabs.com/co/oshenz-fisheries-co-llc","Booth #G26","https://s23.a2zinc.net/clients/diversified/sea2026/Public/EventMap.aspx?EventId=137&MapItBoothID=280708&MapItBooth=G26&MapID=262",""
"Pacific Islands Forum Fisheries Agency (FFA)","https://sea2026.smallworldlabs.com/co/pacific-islands-forum-fisheries-agency-ffa","Booth #F11","https://s23.a2zinc.net/clients/diversified/sea2026/Public/EventMap.aspx?EventId=137&MapItBoothID=280475&MapItBooth=F11&MapID=262",""
"Pacific Rim Shellfish Corp","https://sea2026.smallworldlabs.com/co/pacific-rim-shellfish-corp","Booth #G20","https://s23.a2zinc.net/clients/diversified/sea2026/Public/EventMap.aspx?EventId=137&MapItBoothID=279950&MapItBooth=G20&MapID=262","https://static.prod01.ue1.p.pcomm.net/sea2026/content/images/badges-content/e79df95b9a03022bdbb12ee981423bb1-sea-new-icon1.png"
"Pacific Sea Cucumber Harvesters Association","https://sea2026.smallworldlabs.com/co/pacific-sea-cucumber-harvesters-association","Booth #G20","https://s23.a2zinc.net/clients/diversified/sea2026/Public/EventMap.aspx?EventId=137&MapItBoothID=280388&MapItBooth=G20&MapID=262",""
"Pacific Urchin Harvesters Association","https://sea2026.smallworldlabs.com/co/pacific-urchin-harvesters-association","Booth #G20","https://s23.a2zinc.net/clients/diversified/sea2026/Public/EventMap.aspx?EventId=137&MapItBoothID=276519&MapItBooth=G20&MapID=262",""
"Pescadores Products Inc. / SoCal Seafoods","https://sea2026.smallworldlabs.com/co/pescadores-products-inc-socal-seafoods","Booth #L24","https://s23.a2zinc.net/clients/diversified/sea2026/Public/EventMap.aspx?EventId=137&MapItBoothID=272492&MapItBooth=L24&MapID=262","https://static.prod01.ue1.p.pcomm.net/sea2026/content/images/badges-content/e79df95b9a03022bdbb12ee981423bb1-sea-new-icon1.png"
"Pescafacil, S.L.","https://sea2026.smallworldlabs.com/co/pescafacil-s-l","Booth #A11","https://s23.a2zinc.net/clients/diversified/sea2026/Public/EventMap.aspx?EventId=137&MapItBoothID=279901&MapItBooth=A11&MapID=262","https://static.prod01.ue1.p.pcomm.net/sea2026/content/images/badges-content/e79df95b9a03022bdbb12ee981423bb1-sea-new-icon1.png"
"PINKLAGOON INTERNATIONAL","https://sea2026.smallworldlabs.com/co/pinklagoon-international","Booth #N12","https://s23.a2zinc.net/clients/diversified/sea2026/Public/EventMap.aspx?EventId=137&MapItBoothID=280367&MapItBooth=N12&MapID=262","https://static.prod01.ue1.p.pcomm.net/sea2026/content/images/badges-content/e79df95b9a03022bdbb12ee981423bb1-sea-new-icon1.png"
"QINGDAO OCEAN FISHERY CO.,LTD","https://sea2026.smallworldlabs.com/co/qingdao-ocean-fishery-co-ltd","Booth #J20","https://s23.a2zinc.net/clients/diversified/sea2026/Public/EventMap.aspx?EventId=137&MapItBoothID=275684&MapItBooth=J20&MapID=262",""
"Qinhuangdao Huiyang Aquatic Products Co., Ltd.","https://sea2026.smallworldlabs.com/co/qinhuangdao-huiyang-aquatic-products-co-ltd","Booth #J20","https://s23.a2zinc.net/clients/diversified/sea2026/Public/EventMap.aspx?EventId=137&MapItBoothID=279657&MapItBooth=J20&MapID=262",""
"QINHUANGDAO MEIYE FOOD CO., LTD.","https://sea2026.smallworldlabs.com/co/qinhuangdao-meiye-food-co-ltd","Booth #M02","https://s23.a2zinc.net/clients/diversified/sea2026/Public/EventMap.aspx?EventId=137&MapItBoothID=275681&MapItBooth=M02&MapID=262",""
"QQ Supreme Sdn Bhd","https://sea2026.smallworldlabs.com/co/qq-supreme-sdn-bhd","Booth #B20","https://s23.a2zinc.net/clients/diversified/sea2026/Public/EventMap.aspx?EventId=137&MapItBoothID=275244&MapItBooth=B20&MapID=262","https://static.prod01.ue1.p.pcomm.net/sea2026/content/images/badges-content/e79df95b9a03022bdbb12ee981423bb1-sea-new-icon1.png"
"Quanzhou Zhengqisheng Foods Technology Co., Ltd","https://sea2026.smallworldlabs.com/co/quanzhou-zhengqisheng-foods-technology-co-l","Booth #H12","https://s23.a2zinc.net/clients/diversified/sea2026/Public/EventMap.aspx?EventId=137&MapItBoothID=276113&MapItBooth=H12&MapID=262","https://static.prod01.ue1.p.pcomm.net/sea2026/content/images/badges-content/e79df95b9a03022bdbb12ee981423bb1-sea-new-icon1.png"
"Rappahannock Oyster Company","https://sea2026.smallworldlabs.com/co/rappahannock-oyster-company","Booth #G02","https://s23.a2zinc.net/clients/diversified/sea2026/Public/EventMap.aspx?EventId=137&MapItBoothID=280372&MapItBooth=G02&MapID=262",""
"Remile co.ltd.","https://sea2026.smallworldlabs.com/co/remile-co-ltd","Booth #L20","https://s23.a2zinc.net/clients/diversified/sea2026/Public/EventMap.aspx?EventId=137&MapItBoothID=272404&MapItBooth=L20&MapID=262","https://static.prod01.ue1.p.pcomm.net/sea2026/content/images/badges-content/e79df95b9a03022bdbb12ee981423bb1-sea-new-icon1.png"
"ROSA SUDAMERICA ALIMENTOS ROSASUD S.A.S.","https://sea2026.smallworldlabs.com/co/rosa-sudamerica-alimentos-rosasud-s-a-s","Booth #L08","https://s23.a2zinc.net/clients/diversified/sea2026/Public/EventMap.aspx?EventId=137&MapItBoothID=276005&MapItBooth=L08&MapID=262","https://static.prod01.ue1.p.pcomm.net/sea2026/content/images/badges-content/e79df95b9a03022bdbb12ee981423bb1-sea-new-icon1.png"
"SALMON CLUB S.R.L. - VIS COMPANY","https://sea2026.smallworldlabs.com/co/salmon-club-s-r-l-vis-company","Booth #E26","https://s23.a2zinc.net/clients/diversified/sea2026/Public/EventMap.aspx?EventId=137&MapItBoothID=280513&MapItBooth=E26&MapID=262","https://static.prod01.ue1.p.pcomm.net/sea2026/content/images/badges-content/e79df95b9a03022bdbb12ee981423bb1-sea-new-icon1.png"
"SEAC AB","https://sea2026.smallworldlabs.com/co/seac-ab","Booth #E20","https://s23.a2zinc.net/clients/diversified/sea2026/Public/EventMap.aspx?EventId=137&MapItBoothID=276110&MapItBooth=E20&MapID=262","https://static.prod01.ue1.p.pcomm.net/sea2026/content/images/badges-content/e6e871e891c12b6e404279a8fc1f4178-sea-processing-icon.png"
"Seafood Expo Asia","https://sea2026.smallworldlabs.com/co/seafood-expo-asia","Booth #A01","https://s23.a2zinc.net/clients/diversified/sea2026/Public/EventMap.aspx?EventId=137&MapItBoothID=253875&MapItBooth=A01&MapID=262",""
"Seafood Expo Global","https://sea2026.smallworldlabs.com/co/seafood-expo-global","Booth #A01","https://s23.a2zinc.net/clients/diversified/sea2026/Public/EventMap.aspx?EventId=137&MapItBoothID=280701&MapItBooth=A01&MapID=262",""
"Seafood Expo North America","https://sea2026.smallworldlabs.com/co/seafood-expo-north-america","Booth #A01","https://s23.a2zinc.net/clients/diversified/sea2026/Public/EventMap.aspx?EventId=137&MapItBoothID=280700&MapItBooth=A01&MapID=262",""
"Seafood from Canada","https://sea2026.smallworldlabs.com/co/seafood-from-canada","Booth #G12","https://s23.a2zinc.net/clients/diversified/sea2026/Public/EventMap.aspx?EventId=137&MapItBoothID=254058&MapItBooth=G12&MapID=262",""
"Seafood Industries Association Singapore","https://sea2026.smallworldlabs.com/co/seafood-industries-association-singapore","Booth #H02, J02, J12","https://s23.a2zinc.net/clients/diversified/sea2026/Public/EventMap.aspx?EventId=137&MapItBoothID=254134%2C254080%2C270910&MapItBooth=J02%2CH02%2CJ12&MapID=262",""
"Seafood Processing Global","https://sea2026.smallworldlabs.com/co/seafood-processing-global","Booth #A01","https://s23.a2zinc.net/clients/diversified/sea2026/Public/EventMap.aspx?EventId=137&MapItBoothID=280702&MapItBooth=A01&MapID=262",""
"Seafood Processing North America","https://sea2026.smallworldlabs.com/co/seafood-processing-north-america","Booth #A01","https://s23.a2zinc.net/clients/diversified/sea2026/Public/EventMap.aspx?EventId=137&MapItBoothID=280703&MapItBooth=A01&MapID=262",""
"SeafoodSource","https://sea2026.smallworldlabs.com/co/seafoodsource","Booth #A01","https://s23.a2zinc.net/clients/diversified/sea2026/Public/EventMap.aspx?EventId=137&MapItBoothID=280704&MapItBooth=A01&MapID=262",""
"Seiho Shoji Co., Ltd.","https://sea2026.smallworldlabs.com/co/seiho-shoji-co-ltd","Booth #L20","https://s23.a2zinc.net/clients/diversified/sea2026/Public/EventMap.aspx?EventId=137&MapItBoothID=277869&MapItBooth=L20&MapID=262","https://static.prod01.ue1.p.pcomm.net/sea2026/content/images/badges-content/e79df95b9a03022bdbb12ee981423bb1-sea-new-icon1.png"
"Shandong Hepco Foods Co., Ltd","https://sea2026.smallworldlabs.com/co/shandong-hepco-foods-co-ltd","Booth #G15","https://s23.a2zinc.net/clients/diversified/sea2026/Public/EventMap.aspx?EventId=137&MapItBoothID=279647&MapItBooth=G15&MapID=262",""
"Shandong Tianhong Food Co, Ltd.","https://sea2026.smallworldlabs.com/co/shandong-tianhong-food-co-ltd","Booth #H20-3","https://s23.a2zinc.net/clients/diversified/sea2026/Public/EventMap.aspx?EventId=137&MapItBoothID=276583&MapItBooth=H20-3&MapID=262","https://static.prod01.ue1.p.pcomm.net/sea2026/content/images/badges-content/e79df95b9a03022bdbb12ee981423bb1-sea-new-icon1.png"
"Shantou Ocean Best Seafood Corporation","https://sea2026.smallworldlabs.com/co/shantou-ocean-best-seafood-corporation","Booth #J22","https://s23.a2zinc.net/clients/diversified/sea2026/Public/EventMap.aspx?EventId=137&MapItBoothID=276788&MapItBooth=J22&MapID=262",""
"Shediac Lobster Shop Ltd","https://sea2026.smallworldlabs.com/co/shediac-lobster-shop-ltd","Booth #G12","https://s23.a2zinc.net/clients/diversified/sea2026/Public/EventMap.aspx?EventId=137&MapItBoothID=279907&MapItBooth=G12&MapID=262","https://static.prod01.ue1.p.pcomm.net/sea2026/content/images/badges-content/e79df95b9a03022bdbb12ee981423bb1-sea-new-icon1.png"
"Shellfish Broker","https://sea2026.smallworldlabs.com/co/shellfish-broker","Booth #G11","https://s23.a2zinc.net/clients/diversified/sea2026/Public/EventMap.aspx?EventId=137&MapItBoothID=277861&MapItBooth=G11&MapID=262","https://static.prod01.ue1.p.pcomm.net/sea2026/content/images/badges-content/e79df95b9a03022bdbb12ee981423bb1-sea-new-icon1.png"
"Shimonoseki Aquatic Products Export Association (SAPEA)","https://sea2026.smallworldlabs.com/co/shimonoseki-aquatic-products-export-associati","Booth #G21","https://s23.a2zinc.net/clients/diversified/sea2026/Public/EventMap.aspx?EventId=137&MapItBoothID=276541&MapItBooth=G21&MapID=262","https://static.prod01.ue1.p.pcomm.net/sea2026/content/images/badges-content/e79df95b9a03022bdbb12ee981423bb1-sea-new-icon1.png"
"Shishi Zhengyuan Aquatic Product Science & Technology Development Co., Ltd.","https://sea2026.smallworldlabs.com/co/shishi-zhengyuan-aquatic-product-science-te","Booth #K12","https://s23.a2zinc.net/clients/diversified/sea2026/Public/EventMap.aspx?EventId=137&MapItBoothID=276114&MapItBooth=K12&MapID=262",""
"Shoreline Crab Philippines Inc.","https://sea2026.smallworldlabs.com/co/shoreline-crab-philippines-inc","Booth #E14","https://s23.a2zinc.net/clients/diversified/sea2026/Public/EventMap.aspx?EventId=137&MapItBoothID=280404&MapItBooth=E14&MapID=262",""
"SICILIANA FISH DI BOCCELLATO NICOLA","https://sea2026.smallworldlabs.com/co/siciliana-fish-di-boccellato-nicola","Booth #E26","https://s23.a2zinc.net/clients/diversified/sea2026/Public/EventMap.aspx?EventId=137&MapItBoothID=280504&MapItBooth=E26&MapID=262","https://static.prod01.ue1.p.pcomm.net/sea2026/content/images/badges-content/e79df95b9a03022bdbb12ee981423bb1-sea-new-icon1.png"
"Silikal GmbH","https://sea2026.smallworldlabs.com/co/silikal-gmbh","Booth #B12","https://s23.a2zinc.net/clients/diversified/sea2026/Public/EventMap.aspx?EventId=137&MapItBoothID=253964&MapItBooth=B12&MapID=262","https://static.prod01.ue1.p.pcomm.net/sea2026/content/images/badges-content/e6e871e891c12b6e404279a8fc1f4178-sea-processing-icon.png"
"Sincere Food Investment Pte Ltd","https://sea2026.smallworldlabs.com/co/sincere-food-investment-pte-ltd","Booth #J02","https://s23.a2zinc.net/clients/diversified/sea2026/Public/EventMap.aspx?EventId=137&MapItBoothID=276090&MapItBooth=J02&MapID=262",""
"Zhengzhou Freshliance Electronics Corp Ltd.","https://sea2026.smallworldlabs.com/co/zhengzhou-freshliance-electronics-corp-ltd","Booth #H12","https://s23.a2zinc.net/clients/diversified/sea2026/Public/EventMap.aspx?EventId=137&MapItBoothID=275690&MapItBooth=H12&MapID=262",""
"Zhenye Aquatic (Huilong) Ltd.","https://sea2026.smallworldlabs.com/co/zhenye-aquatic-huilong-ltd","Booth #D01","https://s23.a2zinc.net/clients/diversified/sea2026/Public/EventMap.aspx?EventId=137&MapItBoothID=255357&MapItBooth=D01&MapID=262",""
"ZHONGYINGHAI FOOD (DALIAN) CO., LTD.","https://sea2026.smallworldlabs.com/co/zhongyinghai-food-dalian-co-ltd","Booth #M12","https://s23.a2zinc.net/clients/diversified/sea2026/Public/EventMap.aspx?EventId=137&MapItBoothID=276580&MapItBooth=M12&MapID=262","https://static.prod01.ue1.p.pcomm.net/sea2026/content/images/badges-content/e79df95b9a03022bdbb12ee981423bb1-sea-new-icon1.png"