ref,department,url,batch_time,description,award_date,awardee,sum
9/WSD/25,Water Supplies Department,https://www.wsd.gov.hk/index.html?id=1,2026-03-08 21:38:19.710571,Provision of Mechanical and Electrical Equipment for Remote Operation of Red Hill Water Treatment Works,2025-11-21,Maxson Company Limited,20.8744
6/WSD/25,Water Supplies Department,https://www.wsd.gov.hk/index.html?id=2,2026-03-08 21:38:19.710571,Improvement of Water Supply to Northern New Territories,2025-10-17,MH-CY Joint Venture,790.49
10/WSD/24,Water Supplies Department,https://www.wsd.gov.hk/index.html?id=3,2026-03-08 21:38:19.710571,Term contract for improvement of small water mains (2024-2029) - Hong Kong & Islands and New Territories West,2024-11-29,Yee Hop Engineering Company Limited,326.75
11/WSD/24,Water Supplies Department,https://www.wsd.gov.hk/index.html?id=4,2026-03-08 21:38:19.710571,Term contract for improvement of small water mains (2024-2029) - Kowloon and New Territories East,2024-11-29,Tonic Engineering & Construction Company Limited,331.69
12/WSD/24,Water Supplies Department,https://www.wsd.gov.hk/index.html?id=5,2026-03-08 21:38:19.710571,Term Contract for Improvement of Water Mains (2024-2029) - Hong Kong & Islands,2025-07-30,MH-CY Joint Venture,768.61
13/WSD/24,Water Supplies Department,https://www.wsd.gov.hk/index.html?id=6,2026-03-08 21:38:19.710571,Term Contract for Improvement of Water Mains (2024-2029) - New Territories West,2025-11-07,LSK Joint Venture,784.25
3/WSD/24,Water Supplies Department,https://www.wsd.gov.hk/index.html?id=7,2026-03-08 21:38:19.710571,"Ngau Tam Mei Water Treatment Works Extension – Extension of Ngau Tam Mei Fresh Water Primary Service Reservoir, Modification of Raw Water Tunnel Junction (Chamber G) and Associated Mainlaying",2025-10-14,Chun Wo – CCECC JV,2978.0
18/WSD/24,Water Supplies Department,https://www.wsd.gov.hk/index.html?id=8,2026-03-08 21:38:19.710571,Extension of Ngau Tam Mei Water Treatment Works and Associated Improvement Works of Existing Treatment Stream,2025-10-14,CRBC – CNCEC Joint Venture,4999.19
14/WSD/24,Water Supplies Department,https://www.wsd.gov.hk/index.html?id=9,2026-03-08 21:38:19.710571,Term Contract for Improvement of Water Mains (2024-2029) - Kowloon,2025-07-30,Wo Hing - Hing Cheong Joint Venture,905.7
15/WSD/24,Water Supplies Department,https://www.wsd.gov.hk/index.html?id=10,2026-03-08 21:38:19.710571,Term Contract for Improvement of Water Mains (2024-2029) - New Territories East,2025-11-07,Ming Hing - Waterland Joint Venture,839.35
5/WSD/25,Water Supplies Department,https://www.wsd.gov.hk/index.html?id=11,2026-03-08 21:38:19.710571,Improvement of Pipework for Sha Tin Seafront Salt Water Pumping Station,2025-08-18,Bestwise Envirotech Limited,13.078
9/WSD/24,Water Supplies Department,https://www.wsd.gov.hk/index.html?id=12,2026-03-08 21:38:19.710571,Installation of Meters in Housing Estates in Hong Kong & Island and New Territories East,2025-04-03,CH-MH Joint Venture,281.718
20/WSD/24,Water Supplies Department,https://www.wsd.gov.hk/index.html?id=13,2026-03-08 21:38:19.710571,Replacement of Two Filter Presses at Pak Kong Water Treatment Works,2025-03-26,The Jardine Engineering Corporation Limited,23.98
8/WSD/24,Water Supplies Department,https://www.wsd.gov.hk/index.html?id=14,2026-03-08 21:38:19.710571,Installation of Meters in Housing Estates in Kowloon and New Territories West,2025-01-13,Maxful Click Joint Venture,307.95
2/WSD/24,Water Supplies Department,https://www.wsd.gov.hk/index.html?id=15,2026-03-08 21:38:19.710571,Improvement Works for Sludge Dewatering Facilities at Au Tau Water Treatment Works,2024-09-20,Hsin Chong Aster Building Services Limited,21.851
19/WSD/24,Water Supplies Department,https://www.wsd.gov.hk/index.html?id=16,2026-03-08 21:38:19.710571,Provision of Liquid Fluoride Dosing System at Ma On Shan Water Treatment Works,2024-09-03,ATAL Engineering Limited,11.858
1/WSD/24,Water Supplies Department,https://www.wsd.gov.hk/index.html?id=17,2026-03-08 21:38:19.710571,Replacement of Filter Presses and Associated Equipment at Sham Tseng Water Treatment Works,2024-08-29,The Jardine Engineering Corporation Limited,30.88
2/WSD/23,Water Supplies Department,https://www.wsd.gov.hk/index.html?id=18,2026-03-08 21:38:19.710571,"Improvement of Fresh Water Supply Systems in Sham Shui Po, Eastern, Central and Western Districts",2024-06-18,CWE-MH Joint Venture,864.9
16/WSD/23,Water Supplies Department,https://www.wsd.gov.hk/index.html?id=19,2026-03-08 21:38:19.710571,Provision of Mechanical and Electrical Equipment for Remote Operation of Sham Tseng Water Treatment Works,2024-05-09,Maxson Company Limited,23.277
12/WSD/23,Water Supplies Department,https://www.wsd.gov.hk/index.html?id=20,2026-03-08 21:38:19.710571,Replacement of Two Filter Presses at Ma On Shan Water Treatment Works,2024-01-12,ATAL Engineering Limited,24.138
8/WSD/23,Water Supplies Department,https://www.wsd.gov.hk/index.html?id=21,2026-03-08 21:38:19.710571,Replacement of Ozone Generation Equipment at Ngau Tam Mei Water Treatment Works,2023-10-25,ATAL Engineering  Limited,16.98
7/WSD/22,Water Supplies Department,https://www.wsd.gov.hk/index.html?id=22,2026-03-08 21:38:19.710571,Relocation of Yau Tong Group Fresh Water and Salt Water Service Reservoirs to Caverns – Ground Investigation,2023-04-14,DrilTech Ground Engineering Limited,20.24
11/WSD/22,Water Supplies Department,https://www.wsd.gov.hk/index.html?id=23,2026-03-08 21:38:19.710571,"Ground Investigation Works at Tsuen Wan, Kwai Tsing and Other Areas in Hong Kong",2023-04-28,Gammon Construction Limited,17.4
19/WSD/21,Water Supplies Department,https://www.wsd.gov.hk/index.html?id=24,2026-03-08 21:38:19.710571,Improvement Works for HV Transformers at Pak Kong Water Treatment Works,2023-05-03,Bestwise Envirotech Limited,14.69
21/WSD/21,Water Supplies Department,https://www.wsd.gov.hk/index.html?id=25,2026-03-08 21:38:19.710571,Relocation of Diamond Hill Fresh Water and Salt Water Service Reservoirs to Caverns,2022-11-28,Chun Wo – Sinohydro JV,2105.2
14/WSD/21,Water Supplies Department,https://www.wsd.gov.hk/index.html?id=26,2026-03-08 21:38:19.710571,Supply and Installation of Mechanical and Electrical Equipment at Tsuen Wan Salt Water Pumping Station,2022-09-06,Torishima (Hong Kong) Limited,22.89
1/WSD/22,Water Supplies Department,https://www.wsd.gov.hk/index.html?id=27,2026-03-08 21:38:19.710571,"Preventive Maintenance Works, Upgrading Works and Associated Ground Investigations for Water Supplies Department Slopes in Hong Kong & Islands and New Territories East, 2022 – 2025 Programme",2022-07-27,Ming Hing Waterworks Engineering Company Limited,238.77
2/WSD/22,Water Supplies Department,https://www.wsd.gov.hk/index.html?id=28,2026-03-08 21:38:19.710571,"Preventive Maintenance Works, Upgrading Works and Associated Ground Investigations for Water Supplies Department Slopes in Kowloon and New Territories West, 2022 – 2025 Programme",2022-07-27,Fraser Construction Company Limited,240.37
18/WSD/21,Water Supplies Department,https://www.wsd.gov.hk/index.html?id=29,2026-03-08 21:38:19.710571,Uprating of Pui O Raw Water Pumping Station and Pui O No. 2 Raw Water Pumping Station and Laying of Raw Water Mains along South Lantau Road,2022-05-25,Vasteam Construction Limited,529.42
20/WSD/21,Water Supplies Department,https://www.wsd.gov.hk/index.html?id=30,2026-03-08 21:38:19.710571,Replacement of Filtered Water and Backwash Water Valves and Pipework for Stage I Filters of Sheung Shui Water Treatment Works,2022-04-01,Hsin Chong Aster Building Services Limited,13.8
7/WSD/21,Water Supplies Department,https://www.wsd.gov.hk/index.html?id=31,2026-03-08 21:38:19.710571,Construction of Siu Ho Wan Water Treatment Works Extension and Siu Ho Wan Raw Water Booster Pumping Station,2022-03-15,China Road and Bridge Corporation,2065.73
14/WSD/20,Water Supplies Department,https://www.wsd.gov.hk/index.html?id=32,2026-03-08 21:38:19.710571,Enhancement of Salt Water Piping Systems at Cha Kow Ling and Tai Wan Salt Water Pumping Stations,2022-03-09,ATAL Engineering Limited,24.59
6/WSD/21,Water Supplies Department,https://www.wsd.gov.hk/index.html?id=33,2026-03-08 21:38:19.710571,In-situ Reprovisioning of Sha Tin Water Treatment Works (South Works) – Administration Building,2021-11-10,CW - FWS JV (formed by (i) (i) Chun Wo Building Construction Limited; and (ii) (ii) Fong Wing Shing Construction Company Limited),698.01
2/WSD/21,Water Supplies Department,https://www.wsd.gov.hk/index.html?id=34,2026-03-08 21:38:19.710571,Term Contract for Risk-Based Improvement of Water Mains - Hong Kong and Islands,2021-09-10,Kwan On - U-Tech Joint Venture,546.997
3/WSD/21,Water Supplies Department,https://www.wsd.gov.hk/index.html?id=35,2026-03-08 21:38:19.710571,Term Contract for Risk-Based Improvement of Water Mains - New Territories West,2021-11-01,AMAIN-CW YEE HOP JV,534.94
4/WSD/21,Water Supplies Department,https://www.wsd.gov.hk/index.html?id=36,2026-03-08 21:38:19.710571,Term Contract for Risk-Based Improvement of small Water Mains - Kowloon,2021-09-20,Wo Hing - Hing Cheong Joint Venture,647.552
5/WSD/21,Water Supplies Department,https://www.wsd.gov.hk/index.html?id=37,2026-03-08 21:38:19.710571,Term Contract for Risk-Based Improvement of small Water Mains - New Territories East,2021-10-28,Ming Hing Waterworks Engineering Company Limited,609.63
9/WSD/21,Water Supplies Department,https://www.wsd.gov.hk/index.html?id=38,2026-03-08 21:38:19.710571,"Salt Water Supply to Sha Tin Area 52, Shui Chuen O",2021-08-06,Kin Kay Machinery Rental & Engineering Co. Limited,90.02
8/WSD/21,Water Supplies Department,https://www.wsd.gov.hk/index.html?id=39,2026-03-08 21:38:19.710571,Improvement of Salt Water Supply to Tsuen Wan and Kwai Chung,2021-07-02,Tactful Click Joint Venture,178.49
3/WSD/20,Water Supplies Department,https://www.wsd.gov.hk/index.html?id=40,2026-03-08 21:38:19.710571,Reclaimed Water Supply to Sheung Shui and Fanling,2021-07-23,China Geo-Engineering Corporation,589.8
12/WSD/20,Water Supplies Department,https://www.wsd.gov.hk/index.html?id=41,2026-03-08 21:38:19.710571,Term Contract for Risk-Based Improvement of Small Water Mains - Hong Kong & Islands and New Territories West,2021-04-30,Yee Hop Engineering Company Limited,174.83
13/WSD/20,Water Supplies Department,https://www.wsd.gov.hk/index.html?id=42,2026-03-08 21:38:19.710571,Term Contract for Risk-Based Improvement of Small Water Mains - Kowloon and New Territories East,2021-04-30,Hing & Cheong Company Limited,185.3
14/WSD/19,Water Supplies Department,https://www.wsd.gov.hk/index.html?id=43,2026-03-08 21:38:19.710571,Uprating of Ha Wong Yi Au Fresh Water Pumping Station,2021-04-22,ATAL Engineering Limited,14.21
6/WSD/20,Water Supplies Department,https://www.wsd.gov.hk/index.html?id=44,2026-03-08 21:38:19.710571,Supply and Installation of Two Additional High Voltage Pumpsets at Siu Ho Wan Raw Water and Fresh Water Pumping Station,2020-12-08,Torishima (Hong Kong) Limited,8.22
10/WSD/19,Water Supplies Department,https://www.wsd.gov.hk/index.html?id=45,2026-03-08 21:38:19.710571,Improvement of the Power Supply System at Sha Tin Seafront Salt Water Pumping Station,2020-10-28,REC Engineering Company Limited,11.2
9/WSD/20,Water Supplies Department,https://www.wsd.gov.hk/index.html?id=46,2026-03-08 21:38:19.710571,"Construction of Pressure Management and District Metering Installations in Yuen Long, Sheung Shui & Fanling Major Fresh Water Supply Zones",2020-10-09,CGC Joint Venture,332.81
2/WSD/20,Water Supplies Department,https://www.wsd.gov.hk/index.html?id=47,2026-03-08 21:38:19.710571,Construction of Sheung Wong Yi Au No.3 Fresh Water Service Reservoir,2021-04-21,Shun Yuen Construction Company Limited,99.94
4/WSD/19,Water Supplies Department,https://www.wsd.gov.hk/index.html?id=48,2026-03-08 21:38:19.710571,Development of Anderson Road Quarry Site - Construction of Grey Water Treatment Plant,2020-09-09,Paul Y. - Tsun Yip Joint Venture (4/WSD/19),333.0
22/WSD/19,Water Supplies Department,https://www.wsd.gov.hk/index.html?id=49,2026-03-08 21:38:19.710571,Leak Detection and Repair in the Designated District Metering Areas in New Territories East,2020-06-03,Ming Hing Waterworks Engineering Company Limited,2.94
20/WSD/19,Water Supplies Department,https://www.wsd.gov.hk/index.html?id=50,2026-03-08 21:38:19.710571,Leak Detection and Repair in the Designated District Metering Areas in Lantau and the Outlying Islands,2020-06-03,China Geo-Engineering Corporation,2.66
18/WSD/19,Water Supplies Department,https://www.wsd.gov.hk/index.html?id=51,2026-03-08 21:38:19.710571,Replacement of Filter Press No.1 at Au Tau Water Treatment Works,2020-06-08,ATAL Engineering Limited,8.078
13/WSD/19,Water Supplies Department,https://www.wsd.gov.hk/index.html?id=52,2026-03-08 21:38:19.710571,Construction of Pressure Management and District Metering Installations under Water Intelligent Network – Remaining Works,2020-08-03,Ming Hing Waterworks - Ming Hing Civil Joint Venture,424.28
11/WSD/19,Water Supplies Department,https://www.wsd.gov.hk/index.html?id=53,2026-03-08 21:38:19.710571,Uprating of Cheung Sha Water Treatment Works,2020-08-17,ATAL Engineering Limited,17.14
5/WSD/19,Water Supplies Department,https://www.wsd.gov.hk/index.html?id=54,2026-03-08 21:38:19.710571,Improvement to Dongjiang Water Mains P4 at Sheung Shui and Fanling,2020-09-04,MHVJV (Ming Hing - Vasteam Joint Venture),438.8
2/WSD/19,Water Supplies Department,https://www.wsd.gov.hk/index.html?id=55,2026-03-08 21:38:19.710571,Mainlaying and Uprating of Ha Wong Yi Au Fresh Water Pumping Station,2020-09-10,Tactful Construction & Engineering (HK) Limited,102.75
1/WSD/19,Water Supplies Department,https://www.wsd.gov.hk/index.html?id=56,2026-03-08 21:38:19.710571,In-situ Reprovisioning of Sha Tin Water Treatment Works (South Works) – Water Treatment Works and Ancillary Facilities,2020-07-31,ATAL - CW - MH JV (formed by (i) ATAL Engineering Limited; (ii) Chun Wo Construction and Engineering Company Limited; and (iii) Ming Hing Civil Contractors Limited),4515.6
10/WSD/18,Water Supplies Department,https://www.wsd.gov.hk/index.html?id=57,2026-03-08 21:38:19.710571,Replacement of High Voltage Equipment at Sheung Wan Salt Water Pumping Station,2018-09-27,Kum Shing Engineering Company Limited,5.9173
5/WSD/18,Water Supplies Department,https://www.wsd.gov.hk/index.html?id=58,2026-03-08 21:38:19.710571,Water Supply to New Housing Developments in Sheung Shui and Fanling - Mainlaying in Sheung Shui and Fanling Areas,2019-06-19,China International Water & Electric Corporation,458.5
3/WSD/18,Water Supplies Department,https://www.wsd.gov.hk/index.html?id=59,2026-03-08 21:38:19.710571,Water Supply to New Housing Developments in Sheung Shui and Fanling – Construction of Tong Hang No.3 Fresh Water Service Reservoir and Associated Mainlaying,2018-09-18,U-Tech Engineering Company Limited,348.5
13/WSD/17,Water Supplies Department,https://www.wsd.gov.hk/index.html?id=60,2026-03-08 21:38:19.710571,"Design, Build and Operate First Stage of Tseung Kwan O Desalination Plant",2019-11-15,AJC Joint Venture,9018.9
7/WSD/17,Water Supplies Department,https://www.wsd.gov.hk/index.html?id=61,2026-03-08 21:38:19.710571,"Provision of On-site Chlorine Generation Plants at Au Tau, Tsuen Wan and Yau Kom Tau Water Treatment Works",2018-02-23,Torishima (Hong Kong) Limited,247.72
6/WSD/17,Water Supplies Department,https://www.wsd.gov.hk/index.html?id=62,2026-03-08 21:38:19.710571,"Provision of On-site Chlorine Generation Plants at Sheung Shui, Silver Mine Bay, Siu Ho Wan and Ma On Shan Water Treatment Works",2018-02-23,REC-CEL JV,304.0
5/WSD/17,Water Supplies Department,https://www.wsd.gov.hk/index.html?id=63,2026-03-08 21:38:19.710571,"Provision of On-site Chlorine Generation Plants at Sha Tin, Pak Kong and Tuen Mun Water Treatment Works",2018-02-23,REC-CEL JV,275.8
4/WSD/17,Water Supplies Department,https://www.wsd.gov.hk/index.html?id=64,2026-03-08 21:38:19.710571,Uprating of Tung Chung Fresh Water Supply System - Construction of Tung Chung No.2 Fresh Water Service Reservoir,2018-01-31,Chun Yip - Chung Hing Joint Venture,139.93
3/WSD/17,Water Supplies Department,https://www.wsd.gov.hk/index.html?id=65,2026-03-08 21:38:19.710571,Term Contract for Risk-Based Improvement of Water Mains - Hong Kong & Islands and New Territories West,2017-11-16,Ming Hing Waterworks Engineering Company Limited,406.869
2/WSD/17,Water Supplies Department,https://www.wsd.gov.hk/index.html?id=66,2026-03-08 21:38:19.710571,Term Contract for Risk-Based Improvement of Water Mains - Kowloon and New Territories East,2018-01-31,Wo Hing - Hing Cheong Joint Venture,423.349
13/WSD/16,Water Supplies Department,https://www.wsd.gov.hk/index.html?id=67,2026-03-08 21:38:19.710571,Mainlaying in Tseung Kwan O,2017-11-07,Penta-Ocean – Concentric Joint Venture,540.631
11/WSD/16,Water Supplies Department,https://www.wsd.gov.hk/index.html?id=68,2026-03-08 21:38:19.710571,"Replacement of Pump Motors, Switchboard and Control System at Tsuen Wan Salt Water Pumping Station",2017-05-22,REC Engineering Company Limited,18.88
