"title","title href","subtitle"
"501 FUN","https://iaapaexpoasia26.mapyourshow.com/8_0/exhibitor/exhibitor-details.cfm?exhid=1339114","Halls 5B-E: 1802"
"A&P Projects","https://iaapaexpoasia26.mapyourshow.com/8_0/exhibitor/exhibitor-details.cfm?exhid=1339136","Halls 5F-G: 2108"
"abc rides switzerland","https://iaapaexpoasia26.mapyourshow.com/8_0/exhibitor/exhibitor-details.cfm?exhid=464","Halls 5B-E: 1016"
"accesso Technology Group plc","https://iaapaexpoasia26.mapyourshow.com/8_0/exhibitor/exhibitor-details.cfm?exhid=636","Halls 5B-E: 1022"
"ACE Amusement Technologies Co., Ltd.","https://iaapaexpoasia26.mapyourshow.com/8_0/exhibitor/exhibitor-details.cfm?exhid=5999","Halls 5F-G: 2405"
"Adler Amusement Equipment Co., Ltd.","https://iaapaexpoasia26.mapyourshow.com/8_0/exhibitor/exhibitor-details.cfm?exhid=10126","Halls 5B-E: 1608"
"Aerophile S.A.S","https://iaapaexpoasia26.mapyourshow.com/8_0/exhibitor/exhibitor-details.cfm?exhid=536","Halls 5B-E: 812"
"Aier Inflatable Group Co. Ltd","https://iaapaexpoasia26.mapyourshow.com/8_0/exhibitor/exhibitor-details.cfm?exhid=1339107","Halls 5B-E: 334"
"Alterface","https://iaapaexpoasia26.mapyourshow.com/8_0/exhibitor/exhibitor-details.cfm?exhid=586","Halls 5B-E: 225"
"ALTUS / KOALA EQUIPMENT","https://iaapaexpoasia26.mapyourshow.com/8_0/exhibitor/exhibitor-details.cfm?exhid=2519","Halls 5B-E: 128"
"Angel Yongyi Technology Co., Ltd.","https://iaapaexpoasia26.mapyourshow.com/8_0/exhibitor/exhibitor-details.cfm?exhid=1339099","Halls 5B-E: 1305"
"ANKAM PLAY SYSTEMS PVT LTD","https://iaapaexpoasia26.mapyourshow.com/8_0/exhibitor/exhibitor-details.cfm?exhid=4322","Halls 5F-G: 2508"
"Anpak Printing Limited","https://iaapaexpoasia26.mapyourshow.com/8_0/exhibitor/exhibitor-details.cfm?exhid=1339144","Halls 5F-G: 2326"
"APARC Attractions Pvt Ltd","https://iaapaexpoasia26.mapyourshow.com/8_0/exhibitor/exhibitor-details.cfm?exhid=7227","Halls 5B-E: 1405"
"Aquakita","https://iaapaexpoasia26.mapyourshow.com/8_0/exhibitor/exhibitor-details.cfm?exhid=409","Halls 5B-E: 608"
"Aquate Water Filtration System","https://iaapaexpoasia26.mapyourshow.com/8_0/exhibitor/exhibitor-details.cfm?exhid=1339030","Halls 5F-G: 2311"
"Arboricorde","https://iaapaexpoasia26.mapyourshow.com/8_0/exhibitor/exhibitor-details.cfm?exhid=10278","Halls 5B-E: 1936"
"Arihant Waterpark Equipment","https://iaapaexpoasia26.mapyourshow.com/8_0/exhibitor/exhibitor-details.cfm?exhid=229","Halls 5B-E: 1507"
"Arrowy Go-Kart","https://iaapaexpoasia26.mapyourshow.com/8_0/exhibitor/exhibitor-details.cfm?exhid=1339076","Halls 5B-E: 1211"
"Arrowy Racing Go-kart","https://iaapaexpoasia26.mapyourshow.com/8_0/exhibitor/exhibitor-details.cfm?exhid=10228","Halls 5B-E: 1506"
"AStation","https://iaapaexpoasia26.mapyourshow.com/8_0/exhibitor/exhibitor-details.cfm?exhid=1339137","Halls 5F-G: 2226"
"Autobelay Services Limited","https://iaapaexpoasia26.mapyourshow.com/8_0/exhibitor/exhibitor-details.cfm?exhid=1339044","Halls 5B-E: 1627"
"Avius","https://iaapaexpoasia26.mapyourshow.com/8_0/exhibitor/exhibitor-details.cfm?exhid=711","Halls 5F-G: 2206"
"Axess AG","https://iaapaexpoasia26.mapyourshow.com/8_0/exhibitor/exhibitor-details.cfm?exhid=1934","Halls 5B-E: 1613"
"BAOLI TECHNOLOGY (NINGGUO) CO., LTD HANGZHOU BRANCH","https://iaapaexpoasia26.mapyourshow.com/8_0/exhibitor/exhibitor-details.cfm?exhid=1339115","Halls 5F-G: 2626"
"BATTLE START","https://iaapaexpoasia26.mapyourshow.com/8_0/exhibitor/exhibitor-details.cfm?exhid=10045","Halls 5B-E: 109"
"Beijing Fullmoon & Stars Trading Co., Ltd","https://iaapaexpoasia26.mapyourshow.com/8_0/exhibitor/exhibitor-details.cfm?exhid=7655","Halls 5B-E: 237"
"Beijing Palm Technique Development Co., LTD","https://iaapaexpoasia26.mapyourshow.com/8_0/exhibitor/exhibitor-details.cfm?exhid=1339087","Halls 5B-E: 440"
"Beijing Yingda Technology Development Co., Ltd","https://iaapaexpoasia26.mapyourshow.com/8_0/exhibitor/exhibitor-details.cfm?exhid=1338825","Halls 5B-E: 1722"
"Bertazzon 3B Srl.","https://iaapaexpoasia26.mapyourshow.com/8_0/exhibitor/exhibitor-details.cfm?exhid=105","Halls 5B-E: 1410"
"Betop Group","https://iaapaexpoasia26.mapyourshow.com/8_0/exhibitor/exhibitor-details.cfm?exhid=2931","Halls 5B-E: 831"
"Binzhou Nets Tribe Co. Ltd","https://iaapaexpoasia26.mapyourshow.com/8_0/exhibitor/exhibitor-details.cfm?exhid=5688","Halls 5B-E: 502"
"Birket Engineering Shanghai Co.,LTD","https://iaapaexpoasia26.mapyourshow.com/8_0/exhibitor/exhibitor-details.cfm?exhid=179","Halls 5B-E: 1106"
"Black Light Unity: Blacklight Print & Design","https://iaapaexpoasia26.mapyourshow.com/8_0/exhibitor/exhibitor-details.cfm?exhid=7271","Halls 5F-G: 2114"
"Bolliger & Mabillard Inc.","https://iaapaexpoasia26.mapyourshow.com/8_0/exhibitor/exhibitor-details.cfm?exhid=156","Halls 5B-E: 222"
"BRASS MONKEY FRANCHISING","https://iaapaexpoasia26.mapyourshow.com/8_0/exhibitor/exhibitor-details.cfm?exhid=1339109","Halls 5F-G: 2320"
"Broadwell Air Dome","https://iaapaexpoasia26.mapyourshow.com/8_0/exhibitor/exhibitor-details.cfm?exhid=1339160","Halls 5B-E: 1839"
"Brogent Technologies, Inc.","https://iaapaexpoasia26.mapyourshow.com/8_0/exhibitor/exhibitor-details.cfm?exhid=1296","Halls 5B-E: 618"
"Brunswick Bowling Products","https://iaapaexpoasia26.mapyourshow.com/8_0/exhibitor/exhibitor-details.cfm?exhid=256","Halls 5B-E: 622"
"BUZZPARK OYUN PARKLARI EKIPMANLARI INS. TURZ SAN.VE TIC.LTD.STI.","https://iaapaexpoasia26.mapyourshow.com/8_0/exhibitor/exhibitor-details.cfm?exhid=1339178","Halls 5F-G: 2120"
"Byond Digital","https://iaapaexpoasia26.mapyourshow.com/8_0/exhibitor/exhibitor-details.cfm?exhid=1339084","Halls 5B-E: 1201"
"CA SEGA JOYPOLIS","https://iaapaexpoasia26.mapyourshow.com/8_0/exhibitor/exhibitor-details.cfm?exhid=1339118","Halls 5F-G: 2505"
"Cangzhou Warrior Outward Bound appliance Co., Ltd.","https://iaapaexpoasia26.mapyourshow.com/8_0/exhibitor/exhibitor-details.cfm?exhid=10317","Halls 5F-G: 2524"
"Century 3 (Shanghai) Inc.","https://iaapaexpoasia26.mapyourshow.com/8_0/exhibitor/exhibitor-details.cfm?exhid=5075","Halls 5B-E: 202"
"Cheer Amusement (Nanjing) Co.Ltd.","https://iaapaexpoasia26.mapyourshow.com/8_0/exhibitor/exhibitor-details.cfm?exhid=540","Halls 5B-E: 1422"
"Chuliang Technology (HK) Limited","https://iaapaexpoasia26.mapyourshow.com/8_0/exhibitor/exhibitor-details.cfm?exhid=1339089","Halls 5B-E: 338"
"Cimolai Technology SPA","https://iaapaexpoasia26.mapyourshow.com/8_0/exhibitor/exhibitor-details.cfm?exhid=1339177","Halls 5B-E: 1731"
"Climb Korea","https://iaapaexpoasia26.mapyourshow.com/8_0/exhibitor/exhibitor-details.cfm?exhid=8711","Halls 5B-E: 1631"
"Cloward H2O","https://iaapaexpoasia26.mapyourshow.com/8_0/exhibitor/exhibitor-details.cfm?exhid=328","Halls 5B-E: 1505"
"CMWaterparks","https://iaapaexpoasia26.mapyourshow.com/8_0/exhibitor/exhibitor-details.cfm?exhid=10210","Halls 5B-E: 1837"
"Comply Amusement Safety Ltd","https://iaapaexpoasia26.mapyourshow.com/8_0/exhibitor/exhibitor-details.cfm?exhid=1339134","Halls 5B-E: 1838"
"Concept 1900","https://iaapaexpoasia26.mapyourshow.com/8_0/exhibitor/exhibitor-details.cfm?exhid=1739","Halls 5B-E: 1616"
"Consulate General of Canada","https://iaapaexpoasia26.mapyourshow.com/8_0/exhibitor/exhibitor-details.cfm?exhid=1339150","Halls 5F-G: 2228"
"CQ Amusement","https://iaapaexpoasia26.mapyourshow.com/8_0/exhibitor/exhibitor-details.cfm?exhid=664","Halls 5B-E: 129"
"Crenexus Culture & Tech (Shenzhen) Co., Ltd.","https://iaapaexpoasia26.mapyourshow.com/8_0/exhibitor/exhibitor-details.cfm?exhid=1339128","Halls 5F-G: 2527"
"DEI","https://iaapaexpoasia26.mapyourshow.com/8_0/exhibitor/exhibitor-details.cfm?exhid=1258","Halls 5B-E: 1918"
"Delta Strike International Ltd","https://iaapaexpoasia26.mapyourshow.com/8_0/exhibitor/exhibitor-details.cfm?exhid=695","Halls 5B-E: 605"
"DOF Robotics","https://iaapaexpoasia26.mapyourshow.com/8_0/exhibitor/exhibitor-details.cfm?exhid=2602","Halls 5B-E: 718"
"DONGGUAN AJIN LEATHER CO.,LTD","https://iaapaexpoasia26.mapyourshow.com/8_0/exhibitor/exhibitor-details.cfm?exhid=1339101","Halls 5B-E: 1320"
"DONGGUAN GRAND HARVEST GIFTS CO,. LTD","https://iaapaexpoasia26.mapyourshow.com/8_0/exhibitor/exhibitor-details.cfm?exhid=1339173","Halls 5F-G: 2431"
"Dongguan Unistar Industrial Limited","https://iaapaexpoasia26.mapyourshow.com/8_0/exhibitor/exhibitor-details.cfm?exhid=8148","Halls 5B-E: 507"
"dotmill","https://iaapaexpoasia26.mapyourshow.com/8_0/exhibitor/exhibitor-details.cfm?exhid=1339149","Halls 5F-G: 2325"
"Dotto S.r.l.","https://iaapaexpoasia26.mapyourshow.com/8_0/exhibitor/exhibitor-details.cfm?exhid=469","Halls 5B-E: 912"
"Dream Catch","https://iaapaexpoasia26.mapyourshow.com/8_0/exhibitor/exhibitor-details.cfm?exhid=5702","Halls 5B-E: 1925"
"Dreamfuns Amusement","https://iaapaexpoasia26.mapyourshow.com/8_0/exhibitor/exhibitor-details.cfm?exhid=5107","Halls 5F-G: 2105"
"Dreamland Playground Co.Ltd.","https://iaapaexpoasia26.mapyourshow.com/8_0/exhibitor/exhibitor-details.cfm?exhid=1339103","Halls 5B-E: 1301"
"ECA2","https://iaapaexpoasia26.mapyourshow.com/8_0/exhibitor/exhibitor-details.cfm?exhid=1278","Halls 5B-E: 240"
"Elephant Sculpture Art Company Ltd.","https://iaapaexpoasia26.mapyourshow.com/8_0/exhibitor/exhibitor-details.cfm?exhid=3619","Halls 5B-E: 326"
"Ellis & Associates","https://iaapaexpoasia26.mapyourshow.com/8_0/exhibitor/exhibitor-details.cfm?exhid=143","Halls 5B-E: 1707"
"Emaux Water Technology Co., Ltd","https://iaapaexpoasia26.mapyourshow.com/8_0/exhibitor/exhibitor-details.cfm?exhid=1301","Halls 5B-E: 529"
"Embed","https://iaapaexpoasia26.mapyourshow.com/8_0/exhibitor/exhibitor-details.cfm?exhid=566","Halls 5B-E: 437"
"EMPEX WATERTOYS-CANADA","https://iaapaexpoasia26.mapyourshow.com/8_0/exhibitor/exhibitor-details.cfm?exhid=1339145","Halls 5F-G: 2526"
"Endless Surf","https://iaapaexpoasia26.mapyourshow.com/8_0/exhibitor/exhibitor-details.cfm?exhid=1339157","Halls 5B-E: 921"
"entertainment resource GmbH","https://iaapaexpoasia26.mapyourshow.com/8_0/exhibitor/exhibitor-details.cfm?exhid=1853","Halls 5B-E: 410"
"Environmental Street Furniture Ltd","https://iaapaexpoasia26.mapyourshow.com/8_0/exhibitor/exhibitor-details.cfm?exhid=1339171","Halls 5B-E: 1937"
"ETF Ride Systems","https://iaapaexpoasia26.mapyourshow.com/8_0/exhibitor/exhibitor-details.cfm?exhid=349","Halls 5B-E: 1012"
"Experience UK","https://iaapaexpoasia26.mapyourshow.com/8_0/exhibitor/exhibitor-details.cfm?exhid=1194","Halls 5B-E: 1937"
"Fabbri Group","https://iaapaexpoasia26.mapyourshow.com/8_0/exhibitor/exhibitor-details.cfm?exhid=14","Halls 5B-E: 922"
"Family of Childhood","https://iaapaexpoasia26.mapyourshow.com/8_0/exhibitor/exhibitor-details.cfm?exhid=5699","Halls 5F-G: 2416"
"Fantawild","https://iaapaexpoasia26.mapyourshow.com/8_0/exhibitor/exhibitor-details.cfm?exhid=1339165","Halls 5F-G: 2316"
"Fever","https://iaapaexpoasia26.mapyourshow.com/8_0/exhibitor/exhibitor-details.cfm?exhid=1339146","Halls 5B-E: 1832"
"Flame Stone","https://iaapaexpoasia26.mapyourshow.com/8_0/exhibitor/exhibitor-details.cfm?exhid=1339080","Halls 5B-E: 1213"
"FlowRider","https://iaapaexpoasia26.mapyourshow.com/8_0/exhibitor/exhibitor-details.cfm?exhid=3845","Halls 5B-E: 822"
"FORREC","https://iaapaexpoasia26.mapyourshow.com/8_0/exhibitor/exhibitor-details.cfm?exhid=95","Halls 5B-E: 1618"
"Foshan Shunde Huawei Air Blower Manufacturing Co., Ltd.","https://iaapaexpoasia26.mapyourshow.com/8_0/exhibitor/exhibitor-details.cfm?exhid=849","Halls 5B-E: 535"
"Fujian Sijia Industrial Material Co., Ltd","https://iaapaexpoasia26.mapyourshow.com/8_0/exhibitor/exhibitor-details.cfm?exhid=8144","Halls 5F-G: 2423"
"FUNLANDIA PLAY SYSTEMS","https://iaapaexpoasia26.mapyourshow.com/8_0/exhibitor/exhibitor-details.cfm?exhid=3591","Halls 5B-E: 1729"
"GAIN LLC","https://iaapaexpoasia26.mapyourshow.com/8_0/exhibitor/exhibitor-details.cfm?exhid=1339104","Halls 5B-E: 1317"
"GALBOT","https://iaapaexpoasia26.mapyourshow.com/8_0/exhibitor/exhibitor-details.cfm?exhid=1339180","Halls 5B-E: 1831"
"Gengu Dinosaurs Technology Co.Ltd.","https://iaapaexpoasia26.mapyourshow.com/8_0/exhibitor/exhibitor-details.cfm?exhid=5555","Halls 5B-E: 1609"
"Gooest Media Technology","https://iaapaexpoasia26.mapyourshow.com/8_0/exhibitor/exhibitor-details.cfm?exhid=1339075","Halls 5B-E: 1209"
"Gosetto S.r.l.","https://iaapaexpoasia26.mapyourshow.com/8_0/exhibitor/exhibitor-details.cfm?exhid=321","Halls 5B-E: 909"
"Great Coasters International, Inc.","https://iaapaexpoasia26.mapyourshow.com/8_0/exhibitor/exhibitor-details.cfm?exhid=279","Halls 5B-E: 708"
"Grey Whale Industry","https://iaapaexpoasia26.mapyourshow.com/8_0/exhibitor/exhibitor-details.cfm?exhid=1339082","Halls 5B-E: 1205"
"GT Amusement FZE","https://iaapaexpoasia26.mapyourshow.com/8_0/exhibitor/exhibitor-details.cfm?exhid=1339153","Halls 5F-G: 2124"
"GTI & GTI-Amuse","https://iaapaexpoasia26.mapyourshow.com/8_0/exhibitor/exhibitor-details.cfm?exhid=10316","Halls 5B-E: 107"
"GuangDong Dalang Water Park Equipment Co,. Ltd.","https://iaapaexpoasia26.mapyourshow.com/8_0/exhibitor/exhibitor-details.cfm?exhid=2985","Halls 5B-E: 1110"
"Guangdong Domerry Amusement Equipment Co. Ltd.","https://iaapaexpoasia26.mapyourshow.com/8_0/exhibitor/exhibitor-details.cfm?exhid=5135","Halls 5B-E: 506"
"Guangdong H-FUN Water Recreational Articles Co. Ltd.","https://iaapaexpoasia26.mapyourshow.com/8_0/exhibitor/exhibitor-details.cfm?exhid=4880","Halls 5B-E: 629"
"Guangdong Haisan Amusement Technology Co. Ltd.","https://iaapaexpoasia26.mapyourshow.com/8_0/exhibitor/exhibitor-details.cfm?exhid=2923","Halls 5B-E: 1826"
"Guangdong Zhengrong Amusement Equipment Co., Ltd","https://iaapaexpoasia26.mapyourshow.com/8_0/exhibitor/exhibitor-details.cfm?exhid=1339126","Halls 5F-G: 2324"
"Guangzhou Baodian Digital Technology Co., Ltd","https://iaapaexpoasia26.mapyourshow.com/8_0/exhibitor/exhibitor-details.cfm?exhid=1339094","Halls 5B-E: 1215"
"Guangzhou Colorful Fun Technology Co., Ltd","https://iaapaexpoasia26.mapyourshow.com/8_0/exhibitor/exhibitor-details.cfm?exhid=1339098","Halls 5B-E: 1314"
"Guangzhou Colorful Sky Amusement Equipment Co.,LTD","https://iaapaexpoasia26.mapyourshow.com/8_0/exhibitor/exhibitor-details.cfm?exhid=1339100","Halls 5B-E: 1315"
"Guangzhou Design Art","https://iaapaexpoasia26.mapyourshow.com/8_0/exhibitor/exhibitor-details.cfm?exhid=1339081","Halls 5B-E: 1207"
"Guangzhou Deyi Culture and Arts Co., Ltd.","https://iaapaexpoasia26.mapyourshow.com/8_0/exhibitor/exhibitor-details.cfm?exhid=1339161","Halls 5F-G: 2506"
"Guangzhou Elong Animation Technology Co., Ltd.","https://iaapaexpoasia26.mapyourshow.com/8_0/exhibitor/exhibitor-details.cfm?exhid=1339129","Halls 5F-G: 2528"
"Guangzhou EPARK Electronic Technology Co., Ltd.","https://iaapaexpoasia26.mapyourshow.com/8_0/exhibitor/exhibitor-details.cfm?exhid=7785","Halls 5F-G: 2614"
"Guangzhou Fangcheng Cultural and Creative Co., Ltd","https://iaapaexpoasia26.mapyourshow.com/8_0/exhibitor/exhibitor-details.cfm?exhid=1339163","Halls 5F-G: 2209"
"Guangzhou Flyfun Amusement Equipment Co., Ltd.","https://iaapaexpoasia26.mapyourshow.com/8_0/exhibitor/exhibitor-details.cfm?exhid=1339162","Halls 5F-G: 2425"
"Guangzhou Gold Fever Amusement Co., Ltd.","https://iaapaexpoasia26.mapyourshow.com/8_0/exhibitor/exhibitor-details.cfm?exhid=1339086","Halls 5B-E: 133"
"Guangzhou High Hip-Hop Amusement Equipment Co.,Ltd.","https://iaapaexpoasia26.mapyourshow.com/8_0/exhibitor/exhibitor-details.cfm?exhid=1339125","Halls 5F-G: 2312"
"Guangzhou Ifun Park Technology Co., Ltd","https://iaapaexpoasia26.mapyourshow.com/8_0/exhibitor/exhibitor-details.cfm?exhid=8525","Halls 5F-G: 2315"
"Guangzhou Infinity Technology Co., Ltd.","https://iaapaexpoasia26.mapyourshow.com/8_0/exhibitor/exhibitor-details.cfm?exhid=7642","Halls 5B-E: 1733"
"Guangzhou Jiahui Culture Development Co., Ltd","https://iaapaexpoasia26.mapyourshow.com/8_0/exhibitor/exhibitor-details.cfm?exhid=1339029","Halls 5F-G: 2612"
"Guangzhou Jiuyou Animation Technology Co., Ltd.","https://iaapaexpoasia26.mapyourshow.com/8_0/exhibitor/exhibitor-details.cfm?exhid=7042","Halls 5F-G: 2623"
"Guangzhou Joint Fun Technology Co.,Ltd","https://iaapaexpoasia26.mapyourshow.com/8_0/exhibitor/exhibitor-details.cfm?exhid=1339077","Halls 5B-E: 1308"
"Guangzhou Leyou Advertisement Co., Ltd","https://iaapaexpoasia26.mapyourshow.com/8_0/exhibitor/exhibitor-details.cfm?exhid=4135","Halls 5B-E: 1735"
"Guangzhou Luckyplay Amusement Equipment Co., Ltd.","https://iaapaexpoasia26.mapyourshow.com/8_0/exhibitor/exhibitor-details.cfm?exhid=7653","Halls 5B-E: 1906"
"Guangzhou Magic Amusement Equipment Co., Ltd.","https://iaapaexpoasia26.mapyourshow.com/8_0/exhibitor/exhibitor-details.cfm?exhid=1339110","Halls 5F-G: 2611"
"Guangzhou Mecpower Technology Development Co., Ltd.","https://iaapaexpoasia26.mapyourshow.com/8_0/exhibitor/exhibitor-details.cfm?exhid=4156","Halls 5B-E: 310"
"Guangzhou Mizone Children's Amusement Equipment Co, Ltd","https://iaapaexpoasia26.mapyourshow.com/8_0/exhibitor/exhibitor-details.cfm?exhid=1339017","Halls 5F-G: 2608"
"Guangzhou Movie Power Technology Co.Ltd.","https://iaapaexpoasia26.mapyourshow.com/8_0/exhibitor/exhibitor-details.cfm?exhid=5622","Halls 5B-E: 1738"
"Guangzhou Okuli Culture Co. LTD","https://iaapaexpoasia26.mapyourshow.com/8_0/exhibitor/exhibitor-details.cfm?exhid=1339097","Halls 5B-E: 1306"
"Guangzhou Planet Inflatables Limited","https://iaapaexpoasia26.mapyourshow.com/8_0/exhibitor/exhibitor-details.cfm?exhid=1339093","Halls 5B-E: 1221"
"Guangzhou Powerful Toys Co., Ltd.","https://iaapaexpoasia26.mapyourshow.com/8_0/exhibitor/exhibitor-details.cfm?exhid=1339083","Halls 5B-E: 139"
"Guangzhou Sea Animation Technology Co., Ltd.","https://iaapaexpoasia26.mapyourshow.com/8_0/exhibitor/exhibitor-details.cfm?exhid=5626","Halls 5B-E: 1932"
"Guangzhou Shunhong Entertainment Equipment Co., Ltd","https://iaapaexpoasia26.mapyourshow.com/8_0/exhibitor/exhibitor-details.cfm?exhid=3652","Halls 5B-E: 1614"
"Guangzhou Wakee Amusement Technology Co., Ltd","https://iaapaexpoasia26.mapyourshow.com/8_0/exhibitor/exhibitor-details.cfm?exhid=1339117","Halls 5F-G: 2409"
"Guangzhou Wali Amusement Equipment Co., Ltd.","https://iaapaexpoasia26.mapyourshow.com/8_0/exhibitor/exhibitor-details.cfm?exhid=1339039","Halls 5F-G: 2605"
"Guangzhou Wangerbao Software Development Co., Ltd.","https://iaapaexpoasia26.mapyourshow.com/8_0/exhibitor/exhibitor-details.cfm?exhid=1339123","Halls 5F-G: 2413"
"Guangzhou YierMei Garden Landscape Facility Co. Ltd","https://iaapaexpoasia26.mapyourshow.com/8_0/exhibitor/exhibitor-details.cfm?exhid=1339078","Halls 5B-E: 1311"
"Guangzhou Yinghua Technology Co., Ltd","https://iaapaexpoasia26.mapyourshow.com/8_0/exhibitor/exhibitor-details.cfm?exhid=8769","Halls 5F-G: 2502"
"Guangzhou Yixian Technology Co., Ltd.","https://iaapaexpoasia26.mapyourshow.com/8_0/exhibitor/exhibitor-details.cfm?exhid=1339074","Halls 5B-E: 105"
"Guangzhou Zhisheng Digital Technology Co., Ltd.","https://iaapaexpoasia26.mapyourshow.com/8_0/exhibitor/exhibitor-details.cfm?exhid=1339018","Halls 5F-G: 2308"
"HAFEMA Water Rides GmbH","https://iaapaexpoasia26.mapyourshow.com/8_0/exhibitor/exhibitor-details.cfm?exhid=370","Halls 5B-E: 1713"
"Hamac Trading Co Ltd","https://iaapaexpoasia26.mapyourshow.com/8_0/exhibitor/exhibitor-details.cfm?exhid=1339170","Halls 5B-E: 1937"
"Hangzhou Trains Equipment Co. Ltd.","https://iaapaexpoasia26.mapyourshow.com/8_0/exhibitor/exhibitor-details.cfm?exhid=3030","Halls 5B-E: 802"
"Haystack Dryers Limited","https://iaapaexpoasia26.mapyourshow.com/8_0/exhibitor/exhibitor-details.cfm?exhid=760","Halls 5B-E: 1011"
"HB Leisure Ltd.","https://iaapaexpoasia26.mapyourshow.com/8_0/exhibitor/exhibitor-details.cfm?exhid=4074","Halls 5B-E: 1931"
"Hebei Haiber Play Equipment Co.,Ltd.","https://iaapaexpoasia26.mapyourshow.com/8_0/exhibitor/exhibitor-details.cfm?exhid=1339071","Halls 5B-E: 102"
"Hebei Zhipao Amusement Equipment Manufacturing Co., Ltd.","https://iaapaexpoasia26.mapyourshow.com/8_0/exhibitor/exhibitor-details.cfm?exhid=1339154","Halls 5B-E: 1740"
"Henan Dinis Entertainment Technology Co., Ltd","https://iaapaexpoasia26.mapyourshow.com/8_0/exhibitor/exhibitor-details.cfm?exhid=10168","Halls 5B-E: 413"
"Henan Swonder Amusement Rides Co. Ltd.","https://iaapaexpoasia26.mapyourshow.com/8_0/exhibitor/exhibitor-details.cfm?exhid=5098","Halls 5F-G: 2613"
"Hengshui JinguJin Lantern Art Co., Ltd.","https://iaapaexpoasia26.mapyourshow.com/8_0/exhibitor/exhibitor-details.cfm?exhid=10340","Halls 5B-E: 533"
"Hengshui Wangming Amusement Equipment Co., Ltd.,","https://iaapaexpoasia26.mapyourshow.com/8_0/exhibitor/exhibitor-details.cfm?exhid=5244","Halls 5B-E: 1610"
"HJC Water Fountain Co., Ltd","https://iaapaexpoasia26.mapyourshow.com/8_0/exhibitor/exhibitor-details.cfm?exhid=1056","Halls 5F-G: 2220"
"Hogwood Amusement Equipment Co., Ltd","https://iaapaexpoasia26.mapyourshow.com/8_0/exhibitor/exhibitor-details.cfm?exhid=8130","Halls 5B-E: 514"
"Hualong Dino Works","https://iaapaexpoasia26.mapyourshow.com/8_0/exhibitor/exhibitor-details.cfm?exhid=4672","Halls 5F-G: 2507"
"Huaxia Amusement Co. Ltd","https://iaapaexpoasia26.mapyourshow.com/8_0/exhibitor/exhibitor-details.cfm?exhid=3618","Halls 5B-E: 233"
"Hunan Zhongyi Amusement Equipment Co., Ltd.","https://iaapaexpoasia26.mapyourshow.com/8_0/exhibitor/exhibitor-details.cfm?exhid=8771","Halls 5B-E: 635"
"Huss Park Attractions GmbH","https://iaapaexpoasia26.mapyourshow.com/8_0/exhibitor/exhibitor-details.cfm?exhid=29","Halls 5B-E: 121"
"HY TECHNOLOGY LTD","https://iaapaexpoasia26.mapyourshow.com/8_0/exhibitor/exhibitor-details.cfm?exhid=7707","Halls 5B-E: 434"
"I.E. Park S.r.l./Amusement Rides & SOLI Bumper Cars","https://iaapaexpoasia26.mapyourshow.com/8_0/exhibitor/exhibitor-details.cfm?exhid=151","Halls 5B-E: 130"
"Ice Creative Entertainment","https://iaapaexpoasia26.mapyourshow.com/8_0/exhibitor/exhibitor-details.cfm?exhid=1339142","Halls 5F-G: 2629"
"IDEATTACK, INC","https://iaapaexpoasia26.mapyourshow.com/8_0/exhibitor/exhibitor-details.cfm?exhid=804","Halls 5B-E: 638"
"Immersive Planet Design S.L.","https://iaapaexpoasia26.mapyourshow.com/8_0/exhibitor/exhibitor-details.cfm?exhid=5275","Halls 5F-G: 2511"
"INCREX Inc.","https://iaapaexpoasia26.mapyourshow.com/8_0/exhibitor/exhibitor-details.cfm?exhid=8411","Halls 5B-E: 2009"
"Index Creative Village Public Company Limited","https://iaapaexpoasia26.mapyourshow.com/8_0/exhibitor/exhibitor-details.cfm?exhid=3577","Halls 5B-E: 112"
"Indian Association of Amusement Parks and Industries","https://iaapaexpoasia26.mapyourshow.com/8_0/exhibitor/exhibitor-details.cfm?exhid=320","Halls 5F-G: 2125"
"Industrial Frigo Ice srl","https://iaapaexpoasia26.mapyourshow.com/8_0/exhibitor/exhibitor-details.cfm?exhid=1160","Halls 5B-E: 414"
"InstaVR GO","https://iaapaexpoasia26.mapyourshow.com/8_0/exhibitor/exhibitor-details.cfm?exhid=1339155","Halls 5F-G: 2109"
"Intamin Amusement Rides Int. Corp. Est","https://iaapaexpoasia26.mapyourshow.com/8_0/exhibitor/exhibitor-details.cfm?exhid=1271","Halls 5B-E: 1018"
"Intelligent Entertainment","https://iaapaexpoasia26.mapyourshow.com/8_0/exhibitor/exhibitor-details.cfm?exhid=7894","Halls 5F-G: 2314"
"Intercard, Inc.","https://iaapaexpoasia26.mapyourshow.com/8_0/exhibitor/exhibitor-details.cfm?exhid=241","Halls 5B-E: 1006"
"InterPark International Ltd.","https://iaapaexpoasia26.mapyourshow.com/8_0/exhibitor/exhibitor-details.cfm?exhid=259","Halls 5B-E: 1615"
"iPlayCO","https://iaapaexpoasia26.mapyourshow.com/8_0/exhibitor/exhibitor-details.cfm?exhid=1339143","Halls 5F-G: 2530"
"Jargee.Foto","https://iaapaexpoasia26.mapyourshow.com/8_0/exhibitor/exhibitor-details.cfm?exhid=1339073","Halls 5F-G: 2616"
"JB-Tag Solutions","https://iaapaexpoasia26.mapyourshow.com/8_0/exhibitor/exhibitor-details.cfm?exhid=4024","Halls 5F-G: 2428"
"Jiangsu Boren Culture & Technology Co., Ltd.","https://iaapaexpoasia26.mapyourshow.com/8_0/exhibitor/exhibitor-details.cfm?exhid=7452","Halls 5F-G: 2307"
"Jinma Rides","https://iaapaexpoasia26.mapyourshow.com/8_0/exhibitor/exhibitor-details.cfm?exhid=218","Halls 5B-E: 518"
"Jora Vision","https://iaapaexpoasia26.mapyourshow.com/8_0/exhibitor/exhibitor-details.cfm?exhid=1286","Halls 5B-E: 122"
"Kaiqi Group Co., Ltd","https://iaapaexpoasia26.mapyourshow.com/8_0/exhibitor/exhibitor-details.cfm?exhid=1339120","Halls 5B-E: 140"
"Kaiwen Amusement","https://iaapaexpoasia26.mapyourshow.com/8_0/exhibitor/exhibitor-details.cfm?exhid=10496","Halls 5F-G: 2619"
"Kanopeo - Swiss Aerials Adventures","https://iaapaexpoasia26.mapyourshow.com/8_0/exhibitor/exhibitor-details.cfm?exhid=4252","Halls 5F-G: 2223"
"KCC BV","https://iaapaexpoasia26.mapyourshow.com/8_0/exhibitor/exhibitor-details.cfm?exhid=510","Halls 5B-E: 913"
"KHG Bergmann GmbH","https://iaapaexpoasia26.mapyourshow.com/8_0/exhibitor/exhibitor-details.cfm?exhid=1339113","Halls 5F-G: 2516"
"Kingsmen Exhibits Pte Ltd","https://iaapaexpoasia26.mapyourshow.com/8_0/exhibitor/exhibitor-details.cfm?exhid=1203","Halls 5B-E: 302"
"KristallTurm GmbH & Co.KG","https://iaapaexpoasia26.mapyourshow.com/8_0/exhibitor/exhibitor-details.cfm?exhid=2888","Halls 5B-E: 1814"
"LaserBlast","https://iaapaexpoasia26.mapyourshow.com/8_0/exhibitor/exhibitor-details.cfm?exhid=1339112","Halls 5F-G: 2306"
"Laserforce International","https://iaapaexpoasia26.mapyourshow.com/8_0/exhibitor/exhibitor-details.cfm?exhid=8708","Halls 5B-E: 501"
"LaserTag.com by Zone","https://iaapaexpoasia26.mapyourshow.com/8_0/exhibitor/exhibitor-details.cfm?exhid=238","Halls 5B-E: 625"
"LCI Productions Limited","https://iaapaexpoasia26.mapyourshow.com/8_0/exhibitor/exhibitor-details.cfm?exhid=1339133","Halls 5F-G: 2531"
"Legacy Entertainment","https://iaapaexpoasia26.mapyourshow.com/8_0/exhibitor/exhibitor-details.cfm?exhid=1204","Halls 5B-E: 1602"
"Leisure Activities Co., LTD","https://iaapaexpoasia26.mapyourshow.com/8_0/exhibitor/exhibitor-details.cfm?exhid=1217","Halls 5B-E: 1002"
"Leisure Development Partners","https://iaapaexpoasia26.mapyourshow.com/8_0/exhibitor/exhibitor-details.cfm?exhid=1553","Halls 5B-E: 1937"
"Leisure Japan 2026","https://iaapaexpoasia26.mapyourshow.com/8_0/exhibitor/exhibitor-details.cfm?exhid=1339158","Halls 5F-G: 2123"
"Leon Amusement Co. Ltd","https://iaapaexpoasia26.mapyourshow.com/8_0/exhibitor/exhibitor-details.cfm?exhid=1339111","Halls 5F-G: 2323"
"Leverage Science and Technologies Limited","https://iaapaexpoasia26.mapyourshow.com/8_0/exhibitor/exhibitor-details.cfm?exhid=1339127","Halls 5F-G: 2113"
"Liaoning Songling Amusement Equipment Manufacturing Co., Ltd","https://iaapaexpoasia26.mapyourshow.com/8_0/exhibitor/exhibitor-details.cfm?exhid=1339090","Halls 5F-G: 2523"
"Liben Group Wenzhou Toy Co., Ltd.","https://iaapaexpoasia26.mapyourshow.com/8_0/exhibitor/exhibitor-details.cfm?exhid=3218","Halls 5B-E: 229"
"LightUpToys.com","https://iaapaexpoasia26.mapyourshow.com/8_0/exhibitor/exhibitor-details.cfm?exhid=693","Halls 5B-E: 1922"
"LOST - more than just escape games","https://iaapaexpoasia26.mapyourshow.com/8_0/exhibitor/exhibitor-details.cfm?exhid=1339175","Halls 5F-G: 2210"
"LUC Urethanes, Inc.","https://iaapaexpoasia26.mapyourshow.com/8_0/exhibitor/exhibitor-details.cfm?exhid=4903","Halls 5B-E: 135"
"Mack Rides GmbH & Co. KG","https://iaapaexpoasia26.mapyourshow.com/8_0/exhibitor/exhibitor-details.cfm?exhid=36","Halls 5B-E: 818"
"ManMiao Textile Co., Ltd.","https://iaapaexpoasia26.mapyourshow.com/8_0/exhibitor/exhibitor-details.cfm?exhid=1339151","Halls 5F-G: 2427"
"Martin & Vleminckx Ltd","https://iaapaexpoasia26.mapyourshow.com/8_0/exhibitor/exhibitor-details.cfm?exhid=263","Halls 5B-E: 1522"
"Mascot Enterprise","https://iaapaexpoasia26.mapyourshow.com/8_0/exhibitor/exhibitor-details.cfm?exhid=5736","Halls 5B-E: 428"
"Mee Industries, Inc.","https://iaapaexpoasia26.mapyourshow.com/8_0/exhibitor/exhibitor-details.cfm?exhid=1339121","Halls 5F-G: 2430"
"Mich Playground Co., Ltd.","https://iaapaexpoasia26.mapyourshow.com/8_0/exhibitor/exhibitor-details.cfm?exhid=2996","Halls 5B-E: 611"
"MIXR","https://iaapaexpoasia26.mapyourshow.com/8_0/exhibitor/exhibitor-details.cfm?exhid=1339038","Halls 5B-E: 1822"
"MORCREATE INC.","https://iaapaexpoasia26.mapyourshow.com/8_0/exhibitor/exhibitor-details.cfm?exhid=1339172","Halls 5F-G: 2606"
"Moser's Rides S.r.l.","https://iaapaexpoasia26.mapyourshow.com/8_0/exhibitor/exhibitor-details.cfm?exhid=353","Halls 5B-E: 1605"
"MT-ELECTRONIC GmbH","https://iaapaexpoasia26.mapyourshow.com/8_0/exhibitor/exhibitor-details.cfm?exhid=1339088","Halls 5B-E: 1219"
"Murphys Waves Ltd","https://iaapaexpoasia26.mapyourshow.com/8_0/exhibitor/exhibitor-details.cfm?exhid=369","Halls 5B-E: 1402"
"Nanjing Fagao Electronics Technology Co., Ltd.","https://iaapaexpoasia26.mapyourshow.com/8_0/exhibitor/exhibitor-details.cfm?exhid=8562","Halls 5B-E: 528"
"NANJING LOPU","https://iaapaexpoasia26.mapyourshow.com/8_0/exhibitor/exhibitor-details.cfm?exhid=1339015","Halls 5B-E: 234"
"Nanjing Wande Sports Industry Group Co., Ltd.","https://iaapaexpoasia26.mapyourshow.com/8_0/exhibitor/exhibitor-details.cfm?exhid=1339072","Halls 5B-E: 212"
"Nano Systems H.K. Limited","https://iaapaexpoasia26.mapyourshow.com/8_0/exhibitor/exhibitor-details.cfm?exhid=4118","Halls 5F-G: 2620"
"Neijiang Huaxin Art Fountain Factory","https://iaapaexpoasia26.mapyourshow.com/8_0/exhibitor/exhibitor-details.cfm?exhid=8998","Halls 5F-G: 2609"
"Neofuns Amusement Equipment Co. Ltd.","https://iaapaexpoasia26.mapyourshow.com/8_0/exhibitor/exhibitor-details.cfm?exhid=3689","Halls 5B-E: 409"
"Neveplast SRL","https://iaapaexpoasia26.mapyourshow.com/8_0/exhibitor/exhibitor-details.cfm?exhid=828","Halls 5B-E: 115"
"NinescapeLand Amusement Equipment Co., Ltd","https://iaapaexpoasia26.mapyourshow.com/8_0/exhibitor/exhibitor-details.cfm?exhid=1339164","Halls 5F-G: 2328"
"Ningbo SIDANA Rope Net Co., Ltd.","https://iaapaexpoasia26.mapyourshow.com/8_0/exhibitor/exhibitor-details.cfm?exhid=1339105","Halls 5B-E: 1319"
"Ningbo Sinoknit Co., Ltd.","https://iaapaexpoasia26.mapyourshow.com/8_0/exhibitor/exhibitor-details.cfm?exhid=1339085","Halls 5B-E: 134"
"Noki Asia Limited","https://iaapaexpoasia26.mapyourshow.com/8_0/exhibitor/exhibitor-details.cfm?exhid=8772","Halls 5B-E: 731"
"Noki Asia Limited","https://iaapaexpoasia26.mapyourshow.com/8_0/exhibitor/exhibitor-details.cfm?exhid=8772","Halls 5B-E: 732"
"OASYS Water Park Systems","https://iaapaexpoasia26.mapyourshow.com/8_0/exhibitor/exhibitor-details.cfm?exhid=10071","Halls 5B-E: 2005"
"OCT Vision Inc.","https://iaapaexpoasia26.mapyourshow.com/8_0/exhibitor/exhibitor-details.cfm?exhid=2699","Halls 5F-G: 2420"
"On Hold for Grandeur","https://iaapaexpoasia26.mapyourshow.com/8_0/exhibitor/exhibitor-details.cfm?exhid=1339119","Halls 5F-G: 2412"
"OneWorld Composite Fabrication Co. Ltd.","https://iaapaexpoasia26.mapyourshow.com/8_0/exhibitor/exhibitor-details.cfm?exhid=4474","Halls 5B-E: 926"
"Oplay Solution (Shanghai) Co., Ltd","https://iaapaexpoasia26.mapyourshow.com/8_0/exhibitor/exhibitor-details.cfm?exhid=10154","Halls 5B-E: 1934"
"Outdoor Experience Training Centre Limited","https://iaapaexpoasia26.mapyourshow.com/8_0/exhibitor/exhibitor-details.cfm?exhid=1339159","Halls 5B-E: 837"
"Paokai Electronic Enterprise Co. Ltd.","https://iaapaexpoasia26.mapyourshow.com/8_0/exhibitor/exhibitor-details.cfm?exhid=374","Halls 5B-E: 525"
"Park + Associates","https://iaapaexpoasia26.mapyourshow.com/8_0/exhibitor/exhibitor-details.cfm?exhid=8505","Halls 5B-E: 308"
"Pico Play Pty Ltd","https://iaapaexpoasia26.mapyourshow.com/8_0/exhibitor/exhibitor-details.cfm?exhid=2164","Halls 5B-E: 1910"
"Pictureworks Pte Ltd","https://iaapaexpoasia26.mapyourshow.com/8_0/exhibitor/exhibitor-details.cfm?exhid=2978","Halls 5B-E: 206"
"Pixel Games GmbH","https://iaapaexpoasia26.mapyourshow.com/8_0/exhibitor/exhibitor-details.cfm?exhid=8801","Halls 5B-E: 402"
"Play Culture Co., Ltd.","https://iaapaexpoasia26.mapyourshow.com/8_0/exhibitor/exhibitor-details.cfm?exhid=1339032","Halls 5F-G: 2313"
"PMS International Group PLC","https://iaapaexpoasia26.mapyourshow.com/8_0/exhibitor/exhibitor-details.cfm?exhid=1339116","Halls 5F-G: 2330"
"Polgun Waterparks & Attractions","https://iaapaexpoasia26.mapyourshow.com/8_0/exhibitor/exhibitor-details.cfm?exhid=5599","Halls 5B-E: 1940"
"Polysoft Pty Ltd","https://iaapaexpoasia26.mapyourshow.com/8_0/exhibitor/exhibitor-details.cfm?exhid=2905","Halls 5B-E: 407"
"Premier Rides, Inc.","https://iaapaexpoasia26.mapyourshow.com/8_0/exhibitor/exhibitor-details.cfm?exhid=246","Halls 5B-E: 1413"
"Preston & Barbieri S.r.l.","https://iaapaexpoasia26.mapyourshow.com/8_0/exhibitor/exhibitor-details.cfm?exhid=6","Halls 5B-E: 117"
"Pro-AV Systems Co. Limited","https://iaapaexpoasia26.mapyourshow.com/8_0/exhibitor/exhibitor-details.cfm?exhid=1339037","Halls 5B-E: 1635"
"ProAVANTI - Passo Avanti Limited","https://iaapaexpoasia26.mapyourshow.com/8_0/exhibitor/exhibitor-details.cfm?exhid=1339179","Halls 5F-G: 2424"
"project: syntropy GmbH","https://iaapaexpoasia26.mapyourshow.com/8_0/exhibitor/exhibitor-details.cfm?exhid=5113","Halls 5B-E: 1005"
"Prominent Technology Enterprise Ltd.","https://iaapaexpoasia26.mapyourshow.com/8_0/exhibitor/exhibitor-details.cfm?exhid=2899","Halls 5F-G: 2610"
"ProSlide Technology, Inc.","https://iaapaexpoasia26.mapyourshow.com/8_0/exhibitor/exhibitor-details.cfm?exhid=130","Halls 5B-E: 1702"
"PurrPlay Amusement","https://iaapaexpoasia26.mapyourshow.com/8_0/exhibitor/exhibitor-details.cfm?exhid=10545","Halls 5B-E: 536"
"QubicaAMF","https://iaapaexpoasia26.mapyourshow.com/8_0/exhibitor/exhibitor-details.cfm?exhid=462","Halls 5B-E: 702"
"RCI Adventure Products","https://iaapaexpoasia26.mapyourshow.com/8_0/exhibitor/exhibitor-details.cfm?exhid=397","Halls 5B-E: 2011"
"Realice Ice Rink Technologies","https://iaapaexpoasia26.mapyourshow.com/8_0/exhibitor/exhibitor-details.cfm?exhid=7630","Halls 5F-G: 2410"
"Redbone Products, Inc.","https://iaapaexpoasia26.mapyourshow.com/8_0/exhibitor/exhibitor-details.cfm?exhid=326","Halls 5B-E: 1010"
"Reverchon / SAMC","https://iaapaexpoasia26.mapyourshow.com/8_0/exhibitor/exhibitor-details.cfm?exhid=3550","Halls 5B-E: 430"
"RIDES AND FUN ITALY","https://iaapaexpoasia26.mapyourshow.com/8_0/exhibitor/exhibitor-details.cfm?exhid=2574","Halls 5B-E: 910"
"Ripples Engineering Pvt. ltd.","https://iaapaexpoasia26.mapyourshow.com/8_0/exhibitor/exhibitor-details.cfm?exhid=1339043","Halls 5B-E: 632"
"Rocky Mountain Coasters","https://iaapaexpoasia26.mapyourshow.com/8_0/exhibitor/exhibitor-details.cfm?exhid=1339070","Halls 5B-E: 826"
"RWS Global","https://iaapaexpoasia26.mapyourshow.com/8_0/exhibitor/exhibitor-details.cfm?exhid=196","Halls 5B-E: 322"
"S&S Worldwide","https://iaapaexpoasia26.mapyourshow.com/8_0/exhibitor/exhibitor-details.cfm?exhid=4","Halls 5B-E: 1622"
"Sacoa Cashless System","https://iaapaexpoasia26.mapyourshow.com/8_0/exhibitor/exhibitor-details.cfm?exhid=443","Halls 5B-E: 516"
"Sally Dark Rides","https://iaapaexpoasia26.mapyourshow.com/8_0/exhibitor/exhibitor-details.cfm?exhid=48","Halls 5B-E: 218"
"Sanderson Global","https://iaapaexpoasia26.mapyourshow.com/8_0/exhibitor/exhibitor-details.cfm?exhid=1188","Halls 5B-E: 902"
"Sansei Technologies, Inc.","https://iaapaexpoasia26.mapyourshow.com/8_0/exhibitor/exhibitor-details.cfm?exhid=8432","Halls 5B-E: 1518"
"SARTORI","https://iaapaexpoasia26.mapyourshow.com/8_0/exhibitor/exhibitor-details.cfm?exhid=49","Halls 5B-E: 1412"
"SBF-VISA Group","https://iaapaexpoasia26.mapyourshow.com/8_0/exhibitor/exhibitor-details.cfm?exhid=166","Halls 5B-E: 118"
"Semnox Solutions","https://iaapaexpoasia26.mapyourshow.com/8_0/exhibitor/exhibitor-details.cfm?exhid=1252","Halls 5B-E: 318"
"Severn Lamb & Trams International","https://iaapaexpoasia26.mapyourshow.com/8_0/exhibitor/exhibitor-details.cfm?exhid=98","Halls 5B-E: 1115"
"Shanghai Dasheng Sign Co.,Ltd.","https://iaapaexpoasia26.mapyourshow.com/8_0/exhibitor/exhibitor-details.cfm?exhid=7294","Halls 5B-E: 106"
"Shanghai Jego Play Facilities Group Co., Ltd","https://iaapaexpoasia26.mapyourshow.com/8_0/exhibitor/exhibitor-details.cfm?exhid=8757","Halls 5B-E: 631"
"Shanghai Max Architectural Landscape Decoration Design Engineering Co. Ltd.","https://iaapaexpoasia26.mapyourshow.com/8_0/exhibitor/exhibitor-details.cfm?exhid=4926","Halls 5B-E: 1816"
"Shanghai Tricon Outdoor Products Co. Ltd.","https://iaapaexpoasia26.mapyourshow.com/8_0/exhibitor/exhibitor-details.cfm?exhid=1339130","Halls 5F-G: 2215"
"Shanghai Uniquewit construction Co., Ltd.","https://iaapaexpoasia26.mapyourshow.com/8_0/exhibitor/exhibitor-details.cfm?exhid=1339174","Halls 5F-G: 2615"
"Shanxi DuoLe Amusement Equipment Co., Ltd.","https://iaapaexpoasia26.mapyourshow.com/8_0/exhibitor/exhibitor-details.cfm?exhid=1339010","Halls 5B-E: 228"
"Shenzhen LSL Technolgy Co.,Ltd","https://iaapaexpoasia26.mapyourshow.com/8_0/exhibitor/exhibitor-details.cfm?exhid=8074","Halls 5F-G: 2119"
"Shenzhen Union Smart Card Co., Ltd.","https://iaapaexpoasia26.mapyourshow.com/8_0/exhibitor/exhibitor-details.cfm?exhid=10372","Halls 5F-G: 2514"
"SHENZHEN YinRui Wristbands Co., Ltd","https://iaapaexpoasia26.mapyourshow.com/8_0/exhibitor/exhibitor-details.cfm?exhid=1339096","Halls 5B-E: 1316"
"Shiji Group","https://iaapaexpoasia26.mapyourshow.com/8_0/exhibitor/exhibitor-details.cfm?exhid=6007","Halls 5B-E: 1640"
"ShowTex Hong Kong Limited","https://iaapaexpoasia26.mapyourshow.com/8_0/exhibitor/exhibitor-details.cfm?exhid=5846","Halls 5B-E: 602"
"Simtec Systems","https://iaapaexpoasia26.mapyourshow.com/8_0/exhibitor/exhibitor-details.cfm?exhid=236","Halls 5B-E: 418"
"Sindrax Technology Co.,Ltd.","https://iaapaexpoasia26.mapyourshow.com/8_0/exhibitor/exhibitor-details.cfm?exhid=7156","Halls 5B-E: 2033"
"SkiData Parking Systems Limited","https://iaapaexpoasia26.mapyourshow.com/8_0/exhibitor/exhibitor-details.cfm?exhid=3708","Halls 5F-G: 2211"
"Sota Robotics (HK) Limited","https://iaapaexpoasia26.mapyourshow.com/8_0/exhibitor/exhibitor-details.cfm?exhid=1339167","Halls 5F-G: 2126"
"SPACEONE Co., Ltd","https://iaapaexpoasia26.mapyourshow.com/8_0/exhibitor/exhibitor-details.cfm?exhid=1339166","Halls 5F-G: 2432"
"StarThing Technology","https://iaapaexpoasia26.mapyourshow.com/8_0/exhibitor/exhibitor-details.cfm?exhid=1339124","Halls 5F-G: 2411"
"Sub Sea Systems, Inc.","https://iaapaexpoasia26.mapyourshow.com/8_0/exhibitor/exhibitor-details.cfm?exhid=5211","Halls 5B-E: 510"
"Sunflower Amusement Equipment Co., Ltd.","https://iaapaexpoasia26.mapyourshow.com/8_0/exhibitor/exhibitor-details.cfm?exhid=1339095","Halls 5B-E: 1318"
"Sunkid GmbH","https://iaapaexpoasia26.mapyourshow.com/8_0/exhibitor/exhibitor-details.cfm?exhid=2809","Halls 5B-E: 406"
"Synergy Waterpark Rides Pvt. Ltd.","https://iaapaexpoasia26.mapyourshow.com/8_0/exhibitor/exhibitor-details.cfm?exhid=3593","Halls 5F-G: 2602"
"Tailong International Limited","https://iaapaexpoasia26.mapyourshow.com/8_0/exhibitor/exhibitor-details.cfm?exhid=2891","Halls 5B-E: 532"
"Taki Playground Co., Ltd.","https://iaapaexpoasia26.mapyourshow.com/8_0/exhibitor/exhibitor-details.cfm?exhid=1339152","Halls 5F-G: 2429"
"Technical Park srl","https://iaapaexpoasia26.mapyourshow.com/8_0/exhibitor/exhibitor-details.cfm?exhid=552","Halls 5B-E: 906"
"TechnoAlpin SpA","https://iaapaexpoasia26.mapyourshow.com/8_0/exhibitor/exhibitor-details.cfm?exhid=5789","Halls 5B-E: 613"
"Themed Entertainment Association (TEA)","https://iaapaexpoasia26.mapyourshow.com/8_0/exhibitor/exhibitor-details.cfm?exhid=219","Halls 5B-E: 1113"
"Themics Philippines Inc.","https://iaapaexpoasia26.mapyourshow.com/8_0/exhibitor/exhibitor-details.cfm?exhid=8109","Halls 5B-E: 522"
"Tianjin Brother Tourist Train Co.,Ltd","https://iaapaexpoasia26.mapyourshow.com/8_0/exhibitor/exhibitor-details.cfm?exhid=1174","Halls 5B-E: 526"
"Triotech","https://iaapaexpoasia26.mapyourshow.com/8_0/exhibitor/exhibitor-details.cfm?exhid=424","Halls 5B-E: 1418"
"TUV SUD Industrie Service GmbH","https://iaapaexpoasia26.mapyourshow.com/8_0/exhibitor/exhibitor-details.cfm?exhid=2424","Halls 5B-E: 1013"
"Twelve Design (Guangzhou) Co. Ltd","https://iaapaexpoasia26.mapyourshow.com/8_0/exhibitor/exhibitor-details.cfm?exhid=1339008","Halls 5B-E: 126"
"TÜV NORD","https://iaapaexpoasia26.mapyourshow.com/8_0/exhibitor/exhibitor-details.cfm?exhid=4260","Halls 5F-G: 2607"
"UNIS Technology HK Limited","https://iaapaexpoasia26.mapyourshow.com/8_0/exhibitor/exhibitor-details.cfm?exhid=470","Halls 5B-E: 808"
"Uremet Corporation","https://iaapaexpoasia26.mapyourshow.com/8_0/exhibitor/exhibitor-details.cfm?exhid=274","Halls 5B-E: 1709"
"Vale Theme Art","https://iaapaexpoasia26.mapyourshow.com/8_0/exhibitor/exhibitor-details.cfm?exhid=7920","Halls 5B-E: 835"
"Van Stone Conveyor, Inc.","https://iaapaexpoasia26.mapyourshow.com/8_0/exhibitor/exhibitor-details.cfm?exhid=221","Halls 5F-G: 2305"
"Vekoma Rides","https://iaapaexpoasia26.mapyourshow.com/8_0/exhibitor/exhibitor-details.cfm?exhid=57","Halls 5B-E: 1718"
"VENU+","https://iaapaexpoasia26.mapyourshow.com/8_0/exhibitor/exhibitor-details.cfm?exhid=211","Halls 5B-E: 1928"
"Viewpoint Videos Ltd","https://iaapaexpoasia26.mapyourshow.com/8_0/exhibitor/exhibitor-details.cfm?exhid=1339102","Halls 5B-E: 438"
"Virtual Reality Slide","https://iaapaexpoasia26.mapyourshow.com/8_0/exhibitor/exhibitor-details.cfm?exhid=1339168","Halls 5F-G: 2426"
"Wahlap Technology","https://iaapaexpoasia26.mapyourshow.com/8_0/exhibitor/exhibitor-details.cfm?exhid=2739","Halls 5B-E: 101"
"Walltopia","https://iaapaexpoasia26.mapyourshow.com/8_0/exhibitor/exhibitor-details.cfm?exhid=3071","Halls 5B-E: 1502"
"Water Technology, Inc.","https://iaapaexpoasia26.mapyourshow.com/8_0/exhibitor/exhibitor-details.cfm?exhid=85","Halls 5B-E: 540"
"Wavesurfer","https://iaapaexpoasia26.mapyourshow.com/8_0/exhibitor/exhibitor-details.cfm?exhid=1238","Halls 5B-E: 1009"
"Wenzhou 360 Inflatable Co., Ltd.","https://iaapaexpoasia26.mapyourshow.com/8_0/exhibitor/exhibitor-details.cfm?exhid=8046","Halls 5F-G: 2212"
"Wenzhou Pokiddo Amusement Toys Co., Ltd.","https://iaapaexpoasia26.mapyourshow.com/8_0/exhibitor/exhibitor-details.cfm?exhid=8145","Halls 5B-E: 314"
"WEO Design Concept Limited","https://iaapaexpoasia26.mapyourshow.com/8_0/exhibitor/exhibitor-details.cfm?exhid=2912","Halls 5B-E: 505"
"WEWIN GO KART","https://iaapaexpoasia26.mapyourshow.com/8_0/exhibitor/exhibitor-details.cfm?exhid=1339141","Halls 5F-G: 2127"
"Whirley-DrinkWorks!","https://iaapaexpoasia26.mapyourshow.com/8_0/exhibitor/exhibitor-details.cfm?exhid=1339148","Halls 5F-G: 2112"
"WhiteWater","https://iaapaexpoasia26.mapyourshow.com/8_0/exhibitor/exhibitor-details.cfm?exhid=62","Halls 5B-E: 722"
"WhiteWater Water Rides","https://iaapaexpoasia26.mapyourshow.com/8_0/exhibitor/exhibitor-details.cfm?exhid=1339156","Halls 5B-E: 821"
"Wibit Sports","https://iaapaexpoasia26.mapyourshow.com/8_0/exhibitor/exhibitor-details.cfm?exhid=1148","Halls 5B-E: 1902"
"Wiegand Josef GMBH & Co. KG","https://iaapaexpoasia26.mapyourshow.com/8_0/exhibitor/exhibitor-details.cfm?exhid=4762","Halls 5B-E: 1909"
"wiegand.waterrides GmbH","https://iaapaexpoasia26.mapyourshow.com/8_0/exhibitor/exhibitor-details.cfm?exhid=2546","Halls 5B-E: 1808"
"Wild Republic","https://iaapaexpoasia26.mapyourshow.com/8_0/exhibitor/exhibitor-details.cfm?exhid=1339135","Halls 5F-G: 2115"
"World Waterpark Association","https://iaapaexpoasia26.mapyourshow.com/8_0/exhibitor/exhibitor-details.cfm?exhid=75","Halls 5B-E: 1607"
"X-KART & X-UTV","https://iaapaexpoasia26.mapyourshow.com/8_0/exhibitor/exhibitor-details.cfm?exhid=10094","Halls 5B-E: 1930"
"Xcube Thematic Co., Ltd.","https://iaapaexpoasia26.mapyourshow.com/8_0/exhibitor/exhibitor-details.cfm?exhid=1339140","Halls 5F-G: 2205"
"Xiaofeixia Amusement Equipment Group Co., Ltd","https://iaapaexpoasia26.mapyourshow.com/8_0/exhibitor/exhibitor-details.cfm?exhid=1339131","Halls 5F-G: 2529"
"YDL","https://iaapaexpoasia26.mapyourshow.com/8_0/exhibitor/exhibitor-details.cfm?exhid=1339079","Halls 5B-E: 1307"
"Yifun Life","https://iaapaexpoasia26.mapyourshow.com/8_0/exhibitor/exhibitor-details.cfm?exhid=1339020","Halls 5B-E: 340"
"Yonglang Group Co.Ltd","https://iaapaexpoasia26.mapyourshow.com/8_0/exhibitor/exhibitor-details.cfm?exhid=7038","Halls 5B-E: 125"
"YPFuns Global","https://iaapaexpoasia26.mapyourshow.com/8_0/exhibitor/exhibitor-details.cfm?exhid=10313","Halls 5B-E: 737"
"Yuehua Industry Co.Ltd","https://iaapaexpoasia26.mapyourshow.com/8_0/exhibitor/exhibitor-details.cfm?exhid=1205","Halls 5B-E: 609"
"Yuto (Guangzhou) Amusement Equipment Co.Ltd.","https://iaapaexpoasia26.mapyourshow.com/8_0/exhibitor/exhibitor-details.cfm?exhid=8694","Halls 5B-E: 1508"
"Zamperla Group","https://iaapaexpoasia26.mapyourshow.com/8_0/exhibitor/exhibitor-details.cfm?exhid=66","Halls 5B-E: 918"
"Zhejiang Juma Entertainment Co., Ltd.","https://iaapaexpoasia26.mapyourshow.com/8_0/exhibitor/exhibitor-details.cfm?exhid=4881","Halls 5B-E: 1026"
"Zhejiang Nanfang Cultural and Tourism Technology Co., Ltd.","https://iaapaexpoasia26.mapyourshow.com/8_0/exhibitor/exhibitor-details.cfm?exhid=2992","Halls 5B-E: 1708"
"Zhejiang Tianyou Railway Equipment Technology Co., Ltd.","https://iaapaexpoasia26.mapyourshow.com/8_0/exhibitor/exhibitor-details.cfm?exhid=10171","Halls 5F-G: 2408"
"ZHENGZHOU HOTFUN PARK RIDES CO., LTD","https://iaapaexpoasia26.mapyourshow.com/8_0/exhibitor/exhibitor-details.cfm?exhid=8798","Halls 5B-E: 1914"
"Zhengzhou Huajin Amusement Equipment Co.,ltd","https://iaapaexpoasia26.mapyourshow.com/8_0/exhibitor/exhibitor-details.cfm?exhid=1339132","Halls 5F-G: 2627"
"Zhengzhou Limeiqi Amusement Equipment Co. Ltd.","https://iaapaexpoasia26.mapyourshow.com/8_0/exhibitor/exhibitor-details.cfm?exhid=5134","Halls 5B-E: 2035"
"Zhengzhou Tonle Inflatables Co.,Ltd.","https://iaapaexpoasia26.mapyourshow.com/8_0/exhibitor/exhibitor-details.cfm?exhid=1339009","Halls 5B-E: 1737"
"Zhengzhou Wanle Amusement Equipment Co. Ltd.","https://iaapaexpoasia26.mapyourshow.com/8_0/exhibitor/exhibitor-details.cfm?exhid=2995","Halls 5B-E: 113"
"Zhengzhou Wolong Amusement Equipment Co. Ltd.","https://iaapaexpoasia26.mapyourshow.com/8_0/exhibitor/exhibitor-details.cfm?exhid=1197","Halls 5B-E: 513"
"Zhengzhou Yueton Amusement Equipment Co., Ltd","https://iaapaexpoasia26.mapyourshow.com/8_0/exhibitor/exhibitor-details.cfm?exhid=1339106","Halls 5F-G: 2216"
"Zhongshan Luck & Jinying Amusement Machine Co. Ltd","https://iaapaexpoasia26.mapyourshow.com/8_0/exhibitor/exhibitor-details.cfm?exhid=633","Halls 5B-E: 2027"
"ZHUJI MEIJIN KNITTING CO., LTD","https://iaapaexpoasia26.mapyourshow.com/8_0/exhibitor/exhibitor-details.cfm?exhid=1339091","Halls 5F-G: 2624"
"Zhuoyuan Co.,Ltd","https://iaapaexpoasia26.mapyourshow.com/8_0/exhibitor/exhibitor-details.cfm?exhid=5086","Halls 5B-E: 738"
"ZIERER Karussell- und Spezialmaschinenbau GmbH & Co. KG","https://iaapaexpoasia26.mapyourshow.com/8_0/exhibitor/exhibitor-details.cfm?exhid=67","Halls 5B-E: 422"
"Zigong Chuangying Intelligent Technology Co. Ltd.","https://iaapaexpoasia26.mapyourshow.com/8_0/exhibitor/exhibitor-details.cfm?exhid=5151","Halls 5F-G: 2525"
"Zigong City Ocean Art Co., Ltd","https://iaapaexpoasia26.mapyourshow.com/8_0/exhibitor/exhibitor-details.cfm?exhid=5512","Halls 5B-E: 2029"
"Zigong Haitian Culture Co., Ltd","https://iaapaexpoasia26.mapyourshow.com/8_0/exhibitor/exhibitor-details.cfm?exhid=1339092","Halls 5B-E: 1304"
"Zigong Huayu Technology Co., Ltd","https://iaapaexpoasia26.mapyourshow.com/8_0/exhibitor/exhibitor-details.cfm?exhid=1339122","Halls 5F-G: 2224"
"ZPRO ZEBEC","https://iaapaexpoasia26.mapyourshow.com/8_0/exhibitor/exhibitor-details.cfm?exhid=4112","Halls 5B-E: 509"