Company Name,Location,Booth,url
"Guangzhou Chengzhi Intelligent Machine Technology Co., Ltd.",Chinese Mainland,['Booth: 3E-B01   |   Smart City   |   '],/event/innoex/en/exhibitor/1S005LDDK
Hong Kong Science And Technology Parks Corporation,Hong Kong,['Booth: 3E-B01   |   Smart City   |   '],/event/innoex/en/exhibitor/1S005LZXA
Hong Kong Applied Science and Technology Research Institute Company Limited,Hong Kong,['Booth: 3E-B01   |   Smart City   |   '],/event/innoex/en/exhibitor/1S005JQWM
Macau Productivity and Technology Transfer Center,Macao,['Booth: 3E-B01   |   Smart City   |   '],/event/innoex/en/exhibitor/1S005K2L7
Nano and Advanced Materials Institute Limited,Hong Kong,['Booth: 3E-B01   |   Smart City   |   '],/event/innoex/en/exhibitor/1S005JQVP
Hi-Think Technology International Limited,Hong Kong,['Booth: 3E-B01   |   Smart City   |   '],/event/innoex/en/exhibitor/1S005LII0
Business France,Hong Kong,['Booth: 3E-B01   |   Smart City   |   '],/event/innoex/en/exhibitor/1S005LZLA
Digital Policy Office,Hong Kong,['Booth: 3E-B01   |   Smart City   |   '],/event/innoex/en/exhibitor/1S005LCPL
Hong Kong Alumni Association of Beijing Universities Co Limited,Hong Kong,['Booth: 3E-B01   |   Smart City   |   '],/event/innoex/en/exhibitor/1S005MQYG
Huawei International Co Limited,Hong Kong,['Booth: 3E-B01   |   Smart City   |   '],/event/innoex/en/exhibitor/1S005LV4T
Innobator (Hong Kong) Limited,Hong Kong,['Booth: 3E-B01   |   Smart City   |   '],/event/innoex/en/exhibitor/1S005LZ3S
Smart City Consortium Limited,Hong Kong,['Booth: 3E-B01   |   Smart City   |   '],/event/innoex/en/exhibitor/1S005L396
AEROFUGIA,Chinese Mainland,['Booth: 3E-B01   |   Smart City   |   '],/event/innoex/en/exhibitor/1S005LKPD
China Council for the Promotion of International Trade Shenzhen Municipal Committee (CCPIT Shenzhen),Chinese Mainland,['Booth: 3E-B01   |   Smart City   |   '],/event/innoex/en/exhibitor/1S005LXRU
Government of Canada - Consulate General of Canada in Hong Kong,Hong Kong,['Booth: 3E-B01   |   Smart City   |   '],/event/innoex/en/exhibitor/1S005JR8L
Hong Kong Generative AI Research and Development Center Limited,Hong Kong,['Booth: 3E-B01   |   Smart City   |   '],/event/innoex/en/exhibitor/1S005LOG0
Innobator Center,Chinese Mainland,['Booth: 3E-B01   |   Smart City   |   '],/event/innoex/en/exhibitor/1S005LZA7
Inspur,Chinese Mainland,['Booth: 3E-B01   |   Smart City   |   '],/event/innoex/en/exhibitor/1S005LXSR
Logistics and Supply Chain MultiTech R&D Centre Limited,Hong Kong,['Booth: 3E-B01   |   Smart City   |   '],/event/innoex/en/exhibitor/1S005JQUS
British Consulate General Hong Kong,Hong Kong,['Booth: 3E-B01   |   Smart City   |   '],/event/innoex/en/exhibitor/1S005JR30
China Mobile Hong Kong Company Limited,Hong Kong,['Booth: 3E-B01   |   Smart City   |   '],/event/innoex/en/exhibitor/1S005LFQF
The Hong Kong Research Institute of Textiles and Apparel Limited (HKRITA),Hong Kong,['Booth: 3E-B01   |   Smart City   |   '],/event/innoex/en/exhibitor/1S005JR4X
ClusterTech Limited,Hong Kong,['Booth: 3E-B01   |   Smart City   |   '],/event/innoex/en/exhibitor/1S005JQTV
"Shaanxi ORCA Electronic Intelligent Technology Corporation Co., LTD",Chinese Mainland,['Booth: 3E-B01   |   Smart City   |   '],/event/innoex/en/exhibitor/1S005LZN4
"Shaanxi ArcherMind Information Technology Co., LTD",Chinese Mainland,['Booth: 3E-B01   |   Smart City   |   '],/event/innoex/en/exhibitor/1S005LZSP
"Shaanxi Chang'An Pilot Industrial Innovation Centre Co., LTD",Chinese Mainland,['Booth: 3E-B01   |   Smart City   |   '],/event/innoex/en/exhibitor/1S005LZTM
"Shaanxi Ericco Inertial System Co., Ltd",Chinese Mainland,['Booth: 3E-B01   |   Smart City   |   '],/event/innoex/en/exhibitor/1S005MEH7
"Shaanxi Yunchang Information Technology Co., Ltd",Chinese Mainland,['Booth: 3E-B01   |   Smart City   |   '],/event/innoex/en/exhibitor/1S005M1WB
"Xi'an Meinan Biotechnology Co., LTD",Chinese Mainland,['Booth: 3E-B01   |   Smart City   |   '],/event/innoex/en/exhibitor/1S005LZM7
"Xi'an Xuanwu Tongyun Information Technology Co., LTD",Chinese Mainland,['Booth: 3E-B01   |   Smart City   |   '],/event/innoex/en/exhibitor/1S005LZUJ
"Xi'an Zhongchuang Cloud Atlas Technology Co., LTD",Chinese Mainland,['Booth: 3E-B01   |   Smart City   |   '],/event/innoex/en/exhibitor/1S005LZQV
"Xian Chishine Optoelectronics Technology Co., Ltd",Chinese Mainland,['Booth: 3E-B01   |   Smart City   |   '],/event/innoex/en/exhibitor/1S005MEDJ
Tradelink Electronic Commerce Limited,Hong Kong,['Booth: 3E-B01   |   Smart City   |   '],/event/innoex/en/exhibitor/1S005JQXJ
Cellac Innovative Company,Hong Kong,['Booth: 3E-B01   |   Smart City   |   '],/event/innoex/en/exhibitor/1S005LN27
Envisage Digital Technology Limited,Hong Kong,['Booth: 3E-B01   |   Smart City   |   '],/event/innoex/en/exhibitor/1S005M8MY
"Shenzhen Kenqing Technology Co., Ltd.",Chinese Mainland,['Booth: 3E-B01   |   Smart City   |   '],/event/innoex/en/exhibitor/1S005MNE7
Godo Innovation Technology HK Limited,Hong Kong,['Booth: 3E-B01   |   Smart City   |   '],/event/innoex/en/exhibitor/1S005LZC1
Novautek Autonomous Driving Limited,Hong Kong,['Booth: 3E-B01   |   Smart City   |   '],/event/innoex/en/exhibitor/1S005JR09
The Hong Kong Polytechnic University,Hong Kong,['Booth: 3E-B01   |   Smart City   |   '],/event/innoex/en/exhibitor/1S005LCT9
Transwarp Technology Limited,Hong Kong,['Booth: 3E-B01   |   Smart City   |   '],/event/innoex/en/exhibitor/1S005LZY7
WildFaces Technology Limited,Hong Kong,['Booth: 3E-B01   |   Smart City   |   '],/event/innoex/en/exhibitor/1S005JR16
AccessOrange Limited,Hong Kong,['Booth: 3E-B01   |   Smart City   |   '],/event/innoex/en/exhibitor/1S005LZ1Y
AlphaPro Technology (Hong Kong) Limited,Hong Kong,['Booth: 3E-B01   |   Smart City   |   '],/event/innoex/en/exhibitor/1S005LZKD
"Centre for Artificial Intelligence and Robotics, Hong Kong Institute of Science & Innovation, Chinese Academy of Science",Hong Kong,['Booth: 3E-B01   |   Smart City   |   '],/event/innoex/en/exhibitor/1S005M13Q
Centre for Intelligent Multidimensional Data Analysis Limited,Hong Kong,['Booth: 3E-B01   |   Smart City   |   '],/event/innoex/en/exhibitor/1S005M1A5
ConnectAR Limited,Hong Kong,['Booth: 3E-B01   |   Smart City   |   '],/event/innoex/en/exhibitor/1S005M1IH
Dexibel Limited,Hong Kong,['Booth: 3E-B01   |   Smart City   |   '],/event/innoex/en/exhibitor/1S005JR5U
E-PowerSpot Hong Kong Limited,Hong Kong,['Booth: 3E-B01   |   Smart City   |   '],/event/innoex/en/exhibitor/1S005JR6R
Firealert Limited,Hong Kong,['Booth: 3E-B01   |   Smart City   |   '],/event/innoex/en/exhibitor/1S005M1HK
Hong Kong Center for Construction Robotics,Hong Kong,['Booth: 3E-B01   |   Smart City   |   '],/event/innoex/en/exhibitor/1S005M11W
Hong Kong Industrial Artificial Intelligence & Robotics Centre (FLAIR),Hong Kong,['Booth: 3D-A19   |   Smart City   |   '],/event/innoex/en/exhibitor/1S005M14N
"HongKe Technology Co., Limited",Hong Kong,['Booth: 3D-A19   |   Smart City   |   '],/event/innoex/en/exhibitor/1S005JR23
KK Mobile Investment Limited,Hong Kong,['Booth: 3D-A19   |   Smart City   |   '],/event/innoex/en/exhibitor/1S005LY1Z
"LUISUAN TECHNOLOGY (HONG KONG) CO., LIMITED",Hong Kong,['Booth: 3D-A19   |   Smart City   |   '],/event/innoex/en/exhibitor/1S005K4CW
Laboratory for AI-powered Financial Technologies Limited,Hong Kong,['Booth: 3D-A19   |   Smart City   |   '],/event/innoex/en/exhibitor/1S005M0Z3
Network Box Hong Kong Limited,Hong Kong,['Booth: 3D-A19   |   Smart City   |   '],/event/innoex/en/exhibitor/1S005KACQ
Quickstart Limited,Hong Kong,['Booth: 3D-A19   |   Smart City   |   '],/event/innoex/en/exhibitor/1S005M1PW
Socif Limited,Hong Kong,['Booth: 3D-A19   |   Smart City   |   '],/event/innoex/en/exhibitor/1S005LCJ3
Synergy Marketing Technology Limited,Hong Kong,['Booth: 3D-A19   |   Smart City   |   '],/event/innoex/en/exhibitor/1S005M1DW
Value Platforms Limited,Hong Kong,['Booth: 3D-A19   |   Smart City   |   '],/event/innoex/en/exhibitor/1S005K2M4
WiseSpot Company Limited,Hong Kong,['Booth: 3D-A19   |   Smart City   |   '],/event/innoex/en/exhibitor/1S005JQYG
Career Hackers,Hong Kong,['Booth: 3D-A19   |   Smart City   |   '],/event/innoex/en/exhibitor/1S005M8CS
Define Clean Limited,Hong Kong,['Booth: 3D-A19   |   Smart City   |   '],/event/innoex/en/exhibitor/1S005MB9Y
EnerRight Intelligent Limited,Hong Kong,['Booth: 3D-A19   |   Smart City   |   '],/event/innoex/en/exhibitor/1S005M877
Esign HK Holding Limited,Hong Kong,['Booth: 3D-A19   |   Smart City   |   '],/event/innoex/en/exhibitor/1S005L37C
Green AI Technology Limited,Hong Kong,['Booth: 3D-A19   |   Smart City   |   '],/event/innoex/en/exhibitor/1S005LCV3
Hoplite Technology Limited,Hong Kong,['Booth: 3D-A19   |   Smart City   |   '],/event/innoex/en/exhibitor/1S005LN41
Innocorn Technology Limited,Hong Kong,['Booth: 3D-A19   |   Smart City   |   '],/event/innoex/en/exhibitor/1S005M83J
KellyJohn Studio Limited,Hong Kong,['Booth: 3D-A19   |   Smart City   |   '],/event/innoex/en/exhibitor/1S005LD8Z
Locolla Limited,Hong Kong,['Booth: 3D-A19   |   Smart City   |   '],/event/innoex/en/exhibitor/1S005LCU6
Manifold Tech Limited,Hong Kong,['Booth: 3D-A19   |   Smart City   |   '],/event/innoex/en/exhibitor/1S005LDT8
Oodles Systems Limited,Hong Kong,['Booth: 3D-A19   |   Smart City   |   '],/event/innoex/en/exhibitor/1S005M6ZX
Pantheon Lab Limited,Hong Kong,['Booth: 3D-A19   |   Smart City   |   '],/event/innoex/en/exhibitor/1S005M81P
PerksBar Limited,Hong Kong,['Booth: 3D-A19   |   Smart City   |   '],/event/innoex/en/exhibitor/1S005MHFA
PropBid Property Auctions Limited,Hong Kong,['Booth: 3D-A19   |   Smart City   |   '],/event/innoex/en/exhibitor/1S005M891
Real Matter Technology Limited,Hong Kong,['Booth: 3D-A19   |   Smart City   |   '],/event/innoex/en/exhibitor/1S005M8QM
Simbury InnoTek Limited,Hong Kong,['Booth: 3D-A19   |   Smart City   |   '],/event/innoex/en/exhibitor/1S005LIVX
SmartAge Intelligence Limited,Hong Kong,['Booth: 3D-A19   |   Smart City   |   '],/event/innoex/en/exhibitor/1S005MNBG
TOCAT Creative Limited,Hong Kong,['Booth: 3D-A19   |   Smart City   |   '],/event/innoex/en/exhibitor/1S005LIKU
Trademonday Limited,Hong Kong,['Booth: 3D-A19   |   Smart City   |   '],/event/innoex/en/exhibitor/1S005L3B0
Vizzle Limited,Hong Kong,['Booth: 3D-A19   |   Smart City   |   '],/event/innoex/en/exhibitor/1S005M76B
Wonder Intelligence Limited,Hong Kong,['Booth: 3D-A19   |   Smart City   |   '],/event/innoex/en/exhibitor/1S005MBMV
Youtoo Robot (HK) Limited,Hong Kong,['Booth: 3D-A19   |   Smart City   |   '],/event/innoex/en/exhibitor/1S005L34L
"Chengdu Dongfangzhixiang Technology Co,. Ltd",Chinese Mainland,['Booth: 3D-A19   |   Smart City   |   '],/event/innoex/en/exhibitor/1S005M1TK
"Broad Vision (Xiamen) Technology Co., Ltd.",Chinese Mainland,['Booth: 3D-A19   |   Smart City   |   '],/event/innoex/en/exhibitor/1S005M9CR
"Dongguan Ruyuan Intelligent Technology Co., Ltd",Chinese Mainland,['Booth: 3D-A19   |   Smart City   |   '],/event/innoex/en/exhibitor/1S005LET7
"Guangdong Boatman Electronics Co., Ltd",Chinese Mainland,['Booth: 3D-A19   |   Smart City   |   '],/event/innoex/en/exhibitor/1S005LEU4
"Hangzhou Turam Technology Co., Ltd.",Chinese Mainland,['Booth: 3D-A19   |   Smart City   |   '],/event/innoex/en/exhibitor/1S005M7GH
"Huilan Technology Co., Ltd",Chinese Mainland,['Booth: 3D-A19   |   Smart City   |   '],/event/innoex/en/exhibitor/1S005M6X3
Nanomade,France,['Booth: 3D-A19   |   Smart City   |   '],/event/innoex/en/exhibitor/1S005M9AX
Seagull (Suzhou) Flying Car Limited,Chinese Mainland,['Booth: 3D-A19   |   Smart City   |   '],/event/innoex/en/exhibitor/1S005LVO5
Vista Innotech (SHENZHEN) Limited,Chinese Mainland,['Booth: 3D-A19   |   Smart City   |   '],/event/innoex/en/exhibitor/1S005MDU5
"YUSUR Technology Co., Ltd.",Chinese Mainland,['Booth: 3D-A19   |   Smart City   |   '],/event/innoex/en/exhibitor/1S005M6V9
"Yunqi (Nanjing) Biotechnology Co., Ltd",Chinese Mainland,['Booth: 3D-A19   |   Smart City   |   '],/event/innoex/en/exhibitor/1S005LVJK
"ZHEJIANG JOUAV DAPENG TECH CO., LTD",Chinese Mainland,['Booth: 3D-A19   |   Smart City   |   '],/event/innoex/en/exhibitor/1S005ME3D
"Zhejiang Fonda Technology Co., Ltd.",Chinese Mainland,['Booth: 3D-A19   |   Smart City   |   '],/event/innoex/en/exhibitor/1S005M7EN
Zhuhai Hengqin AKL Drone Systems Limited,Chinese Mainland,['Booth: 3D-A19   |   Smart City   |   '],/event/innoex/en/exhibitor/1S005LDXW
"Zhuhai Xiaoxi Technology Co., Ltd",Chinese Mainland,['Booth: 3D-A19   |   Smart City   |   '],/event/innoex/en/exhibitor/1S005LN7S
IBM China/Hong Kong Limited,Hong Kong,['Booth: 3D-A19   |   Smart City   |   '],/event/innoex/en/exhibitor/1S005LFU3
AI Chip Center for Emerging Smart Systems Limited,Hong Kong,['Booth: 3D-A19   |   Smart City   |   '],/event/innoex/en/exhibitor/1S005M17E
Accel Innovations Limited,Hong Kong,['Booth: 3D-D12   |   Smart City   |   '],/event/innoex/en/exhibitor/1S005JQZD
Ailytics Limited,Hong Kong,['Booth: 3D-D12   |   Smart City   |   '],/event/innoex/en/exhibitor/1S005M1VE
Blackpanda,Hong Kong,['Booth: 3D-D12   |   Smart City   |   '],/event/innoex/en/exhibitor/1S005M1QT
Buyhive Limited,Hong Kong,['Booth: 3D-D12   |   Smart City   |   '],/event/innoex/en/exhibitor/1S005M1KB
CarryAI Company Limited,Hong Kong,['Booth: 3D-D12   |   Smart City   |   '],/event/innoex/en/exhibitor/1S005JR7O
Centre for Advances in Reliability and Safety Limited,Hong Kong,['Booth: 3D-D12   |   Smart City   |   '],/event/innoex/en/exhibitor/1S005M15K
Centre for Garment Production Limited,Hong Kong,['Booth: 3D-D12   |   Smart City   |   '],/event/innoex/en/exhibitor/1S005M1CZ
Centre for Perceptual and Interactive Intelligence (CPII) Ltd,Hong Kong,['Booth: 3D-D12   |   Smart City   |   '],/event/innoex/en/exhibitor/1S005M12T
Cresento Limited,Hong Kong,['Booth: 3D-D12   |   Smart City   |   '],/event/innoex/en/exhibitor/1S005M1GN
Eastop Computer Consultants Limited,Hong Kong,['Booth: 3D-D12   |   Smart City   |   '],/event/innoex/en/exhibitor/1S005M0WC
Fresh Up Group Limited,Hong Kong,['Booth: 3D-D12   |   Smart City   |   '],/event/innoex/en/exhibitor/1S005LY3T
Futu Securities International (Hong Kong) Limited,Hong Kong,['Booth: 3D-D12   |   Smart City   |   '],/event/innoex/en/exhibitor/1S005LXXC
GBA Low Altitude Technology Co Limited,Hong Kong,['Booth: 3D-D12   |   Smart City   |   '],/event/innoex/en/exhibitor/1S005LZEV
GS1 Hong Kong,Hong Kong,['Booth: 3D-D12   |   Smart City   |   '],/event/innoex/en/exhibitor/1S005M6FL
Greater Bay Area Low Altitude Economy Alliance Limited,Hong Kong,['Booth: 3D-D12   |   Smart City   |   '],/event/innoex/en/exhibitor/1S005M0X9
Hong Kong Centre For Logistics Robotics Limited,Hong Kong,['Booth: 3D-D12   |   Smart City   |   '],/event/innoex/en/exhibitor/1S005M0Y6
Hong Kong Centre for Cerebro-Cardiovascular Health Engineering Limited,Hong Kong,['Booth: 3D-D12   |   Smart City   |   '],/event/innoex/en/exhibitor/1S005M198
"Hong Kong Intelligent City Construction Co., Limited",Hong Kong,['Booth: 3D-D12   |   Smart City   |   '],/event/innoex/en/exhibitor/1S005JWXD
Hong Kong Quantum AI Lab,Hong Kong,['Booth: 3D-D12   |   Smart City   |   '],/event/innoex/en/exhibitor/1S005M18B
Hong Kong Space Robotics and Energy Centre Limited,Hong Kong,['Booth: 3D-D12   |   Smart City   |   '],/event/innoex/en/exhibitor/1S005M1B2
"Hong Kong Vinchin Technology Co., Limited",Hong Kong,['Booth: 3D-D12   |   Smart City   |   '],/event/innoex/en/exhibitor/1S005LZ4P
Laboratory for Artificial Intelligence in Design Limited,Hong Kong,['Booth: 3D-D12   |   Smart City   |   '],/event/innoex/en/exhibitor/1S005M1L8
Laboratory of Data Discovery for Health Limited,Hong Kong,['Booth: 3D-D12   |   Smart City   |   '],/event/innoex/en/exhibitor/1S005M16H
Lingnan University,Hong Kong,['Booth: 3D-D12   |   Smart City   |   '],/event/innoex/en/exhibitor/1S005LCOO
Matrixsense Technology Group Limited,Hong Kong,['Booth: 3D-D12   |   Smart City   |   '],/event/innoex/en/exhibitor/1S005M1SN
MetaMinding Lab Limited,Hong Kong,['Booth: 3D-D12   |   Smart City   |   '],/event/innoex/en/exhibitor/1S005M1FQ
Multi-Scale Medical Robotics Center,Hong Kong,['Booth: 3D-D12   |   Smart City   |   '],/event/innoex/en/exhibitor/1S005M10Z
PB Technology Company Limited,Hong Kong,['Booth: 3D-D12   |   Smart City   |   '],/event/innoex/en/exhibitor/1S005JWWG
Pergamon Labs Limited,Hong Kong,['Booth: 3D-D12   |   Smart City   |   '],/event/innoex/en/exhibitor/1S005M1ET
Ricoh Hong Kong Limited,Hong Kong,['Booth: 3D-D12   |   Smart City   |   '],/event/innoex/en/exhibitor/1S005M1RQ
Sourcy Global Limited,Hong Kong,['Booth: 3D-D12   |   Smart City   |   '],/event/innoex/en/exhibitor/1S005M1JE
Travis Technology Group Limited,Hong Kong,['Booth: 3D-D12   |   Smart City   |   '],/event/innoex/en/exhibitor/1S005LZ9A
Unionvelocity LLC Limited,Hong Kong,['Booth: 3D-D12   |   Smart City   |   '],/event/innoex/en/exhibitor/1S005LZ8D
221b Limited,Hong Kong,['Booth: 3D-D12   |   Smart City   |   '],/event/innoex/en/exhibitor/1S005LD72
3Business,Hong Kong,['Booth: 3D-D12   |   Smart City   |   '],/event/innoex/en/exhibitor/1S005LDSB
3DMart HK Limited,Hong Kong,['Booth: 3D-D12   |   Smart City   |   '],/event/innoex/en/exhibitor/1S005MPMH
A3A PayTech Limited,Hong Kong,['Booth: 3D-D12   |   Smart City   |   '],/event/innoex/en/exhibitor/1S005LD65
AIVOICE LIMITED,Hong Kong,['Booth: 3D-D12   |   Smart City   |   '],/event/innoex/en/exhibitor/1S005M8EM
AIoTech Ecovation Limited,Hong Kong,['Booth: 3D-D12   |   Smart City   |   '],/event/innoex/en/exhibitor/1S005MBNS
AJO PARTNERS LIVING TECHNOLOGY LIMITED,Hong Kong,['Booth: 3D-D12   |   Smart City   |   '],/event/innoex/en/exhibitor/1S005M8BV
ALLIN TECHNOLOGIES LIMITED,Hong Kong,['Booth: 3D-D12   |   Smart City   |   '],/event/innoex/en/exhibitor/1S005MPQ5
"Agriculture, Fisheries and Conservation Department - the Government of the HKSAR",Hong Kong,['Booth: 3D-D12   |   Smart City   |   '],/event/innoex/en/exhibitor/1S005LE9V
Aiilog Limited,Hong Kong,['Booth: 3D-D12   |   Smart City   |   '],/event/innoex/en/exhibitor/1S005MNF4
Aiqua Corporation Limited,Hong Kong,['Booth: 3D-D12   |   Smart City   |   '],/event/innoex/en/exhibitor/1S005LDON
Aither Entertainment Limited,Hong Kong,['Booth: 3D-D12   |   Smart City   |   '],/event/innoex/en/exhibitor/1S005LCXX
Algogene Financial Technology Company Limited,Hong Kong,['Booth: 3D-D12   |   Smart City   |   '],/event/innoex/en/exhibitor/1S005LCZR
Alpha AI Technology Limited,Hong Kong,['Booth: 3D-D12   |   Smart City   |   '],/event/innoex/en/exhibitor/1S005L2WA
Alpha Vision Technology Limited,Hong Kong,['Booth: 3D-D12   |   Smart City   |   '],/event/innoex/en/exhibitor/1S005LD2H
Alpha Visionary Limited,Hong Kong,['Booth: 3D-D12   |   Smart City   |   '],/event/innoex/en/exhibitor/1S005M8J7
"Architectural Services Department, HKSAR Government",Hong Kong,['Booth: 3D-D12   |   Smart City   |   '],/event/innoex/en/exhibitor/1S005MPKN
Asiabots Limited,Hong Kong,"['Booth: 3D-A01, 3C-A01   |   Smart City, Smart City   |   ']",/event/innoex/en/exhibitor/1S005L3CX
Autotoll Limited,Hong Kong,"['Booth: 3D-A01, 3C-A01   |   Smart City, Smart City   |   ']",/event/innoex/en/exhibitor/1S005M75E
Benefit Vantage Limited,Hong Kong,"['Booth: 3D-A01, 3C-A01   |   Smart City, Smart City   |   ']",/event/innoex/en/exhibitor/1S005LDMT
Bimdance Limited,Hong Kong,"['Booth: 3D-A01, 3C-A01   |   Smart City, Smart City   |   ']",/event/innoex/en/exhibitor/1S005LDRE
Buildings Department,Hong Kong,"['Booth: 3D-A01, 3C-A01   |   Smart City, Smart City   |   ']",/event/innoex/en/exhibitor/1S005LEAS
CHUNG WO MEDICAL COMPANY,Hong Kong,"['Booth: 3D-A01, 3C-A01   |   Smart City, Smart City   |   ']",/event/innoex/en/exhibitor/1S005MPUT
Canpanion Group Limited,Hong Kong,"['Booth: 3D-A01, 3C-A01   |   Smart City, Smart City   |   ']",/event/innoex/en/exhibitor/1S005LIPF
Civil Engineering and Development Department - the Government of the HKSAR,Hong Kong,"['Booth: 3D-A01, 3C-A01   |   Smart City, Smart City   |   ']",/event/innoex/en/exhibitor/1S005ME4A
Clean Space Limited,Hong Kong,"['Booth: 3D-A01, 3C-A01   |   Smart City, Smart City   |   ']",/event/innoex/en/exhibitor/1S005L36F
Correctional Services Department - the Government of the HKSAR,Hong Kong,"['Booth: 3D-A01, 3C-A01   |   Smart City, Smart City   |   ']",/event/innoex/en/exhibitor/1S005MNCD
Crumbs,Hong Kong,"['Booth: 3D-A01, 3C-A01   |   Smart City, Smart City   |   ']",/event/innoex/en/exhibitor/1S005M93I
DB Enterprises,Hong Kong,"['Booth: 3D-A01, 3C-A01   |   Smart City, Smart City   |   ']",/event/innoex/en/exhibitor/1S005M7V8
Dai3mimi Health-Tech Limited,Hong Kong,"['Booth: 3D-A01, 3C-A01   |   Smart City, Smart City   |   ']",/event/innoex/en/exhibitor/1S005L2X7
Development Bureau,Hong Kong,"['Booth: 3D-A01, 3C-A01   |   Smart City, Smart City   |   ']",/event/innoex/en/exhibitor/1S005MBI7
Digital Plus Asia Limited,Hong Kong,"['Booth: 3D-A01, 3C-A01   |   Smart City, Smart City   |   ']",/event/innoex/en/exhibitor/1S005M74H
Diocesan Girls' School,Hong Kong,"['Booth: 3D-A01, 3C-A01   |   Smart City, Smart City   |   ']",/event/innoex/en/exhibitor/1S005LD3E
Drainage Services Department - the Government of the HKSAR,Hong Kong,"['Booth: 3D-A01, 3C-A01   |   Smart City, Smart City   |   ']",/event/innoex/en/exhibitor/1S005M969
E Tag Solution & Services Ltd.,Hong Kong,"['Booth: 3D-A01, 3C-A01   |   Smart City, Smart City   |   ']",/event/innoex/en/exhibitor/1S005MB5A
EGIS Engineering & Consulting Hong Kong Limited,Hong Kong,"['Booth: 3D-A01, 3C-A01   |   Smart City, Smart City   |   ']",/event/innoex/en/exhibitor/1S005M7W5
"EING TECHNOLOGY CO., LIMITED",Hong Kong,"['Booth: 3D-A01, 3C-A01   |   Smart City, Smart City   |   ']",/event/innoex/en/exhibitor/1S005MPVQ
Environmental Protection Department,Hong Kong,"['Booth: 3D-A01, 3C-A01   |   Smart City, Smart City   |   ']",/event/innoex/en/exhibitor/1S005M7YZ
FCC Analytics Limited,Hong Kong,"['Booth: 3D-A01, 3C-A01   |   Smart City, Smart City   |   ']",/event/innoex/en/exhibitor/1S005LCYU
FLUFFY CREATION LIMITED,Hong Kong,"['Booth: 3D-A01, 3C-A01   |   Smart City, Smart City   |   ']",/event/innoex/en/exhibitor/1S005MBLY
FR Cucchiara Memorial School,Hong Kong,"['Booth: 3D-A01, 3C-A01   |   Smart City, Smart City   |   ']",/event/innoex/en/exhibitor/1S005LE8Y
Farm Road Government Primary School,Hong Kong,"['Booth: 3D-A01, 3C-A01   |   Smart City, Smart City   |   ']",/event/innoex/en/exhibitor/1S005LD9W
Fire Services Department - the Government of the HKSAR,Hong Kong,"['Booth: 3D-A01, 3C-A01   |   Smart City, Smart City   |   ']",/event/innoex/en/exhibitor/1S005LECM
Good Hope School,Hong Kong,"['Booth: 3D-A01, 3C-A01   |   Smart City, Smart City   |   ']",/event/innoex/en/exhibitor/1S005LIMO
Green Vigor Limited,Hong Kong,"['Booth: 3D-A01, 3C-A01   |   Smart City, Smart City   |   ']",/event/innoex/en/exhibitor/1S005M8NV
Greenology Group Limited,Hong Kong,"['Booth: 3D-A01, 3C-A01   |   Smart City, Smart City   |   ']",/event/innoex/en/exhibitor/1S005M70T
HKPC,Hong Kong,"['Booth: 3D-A01, 3C-A01   |   Smart City, Smart City   |   ']",/event/innoex/en/exhibitor/1S005M9BU
Highways Department - the Government of the HKSAR,Hong Kong,"['Booth: 3D-A01, 3C-A01   |   Smart City, Smart City   |   ']",/event/innoex/en/exhibitor/1S005M976
Hong Kong Baptist University / Kritrim Baudhikata Anusandhan Kendra,Hong Kong,"['Booth: 3D-A01, 3C-A01   |   Smart City, Smart City   |   ']",/event/innoex/en/exhibitor/1S005MBHA
Hong Kong Deepcare AI Limited,Hong Kong,"['Booth: 3D-A01, 3C-A01   |   Smart City, Smart City   |   ']",/event/innoex/en/exhibitor/1S005M80S
Hong Kong Housing Authority,Hong Kong,"['Booth: 3D-A01, 3C-A01   |   Smart City, Smart City   |   ']",/event/innoex/en/exhibitor/1S005M6Y0
Hong Kong Immigration Department,Hong Kong,"['Booth: 3D-A01, 3C-A01   |   Smart City, Smart City   |   ']",/event/innoex/en/exhibitor/1S005LEEG
Hong Kong Institute of Information Technology,Hong Kong,"['Booth: 3D-A01, 3C-A01   |   Smart City, Smart City   |   ']",/event/innoex/en/exhibitor/1S005LE71
Hong Kong Nanzhuo Data Technology Company Limited,Hong Kong,"['Booth: 3D-A01, 3C-A01   |   Smart City, Smart City   |   ']",/event/innoex/en/exhibitor/1S005L2Y4
Hong Kong Observatory,Hong Kong,"['Booth: 3D-A01, 3C-A01   |   Smart City, Smart City   |   ']",/event/innoex/en/exhibitor/1S005M7ZW
Hong Kong Police Force,Hong Kong,"['Booth: 3D-A01, 3C-A01   |   Smart City, Smart City   |   ']",/event/innoex/en/exhibitor/1S005LEDJ
Hong Kong X-Wheel Intelligence Technology Limited,Hong Kong,"['Booth: 3D-A01, 3C-A01   |   Smart City, Smart City   |   ']",/event/innoex/en/exhibitor/1S005M86A
Hypothesis & Idea Business Solution Limited,Hong Kong,"['Booth: 3D-A01, 3C-A01   |   Smart City, Smart City   |   ']",/event/innoex/en/exhibitor/1S005M792
ISCA CO. Limited,Hong Kong,"['Booth: 3D-A01, 3C-A01   |   Smart City, Smart City   |   ']",/event/innoex/en/exhibitor/1S005M8AY
Intelli Global Corporation Limited,Hong Kong,"['Booth: 3D-A01, 3C-A01   |   Smart City, Smart City   |   ']",/event/innoex/en/exhibitor/1S005L389
Kande Hong Kong Limited,Hong Kong,"['Booth: 3D-A01, 3C-A01   |   Smart City, Smart City   |   ']",/event/innoex/en/exhibitor/1S005M82M
LOGIC-LIFT TECHNOLOGY LIMITED,Hong Kong,"['Booth: 3D-A01, 3C-A01   |   Smart City, Smart City   |   ']",/event/innoex/en/exhibitor/1S005LDPK
Laiye Technology HK Limited,Hong Kong,"['Booth: 3D-A01, 3C-A01   |   Smart City, Smart City   |   ']",/event/innoex/en/exhibitor/1S005L35I
Lands Department - The Government of the HKSAR,Hong Kong,"['Booth: 3D-A01, 3C-A01   |   Smart City, Smart City   |   ']",/event/innoex/en/exhibitor/1S005LEFD
Latote Technology Limited,Hong Kong,"['Booth: 3D-A01, 3C-A01   |   Smart City, Smart City   |   ']",/event/innoex/en/exhibitor/1S005L2Z1
Laurry & Co. Limited,Hong Kong,"['Booth: 3D-A01, 3C-A01   |   Smart City, Smart City   |   ']",/event/innoex/en/exhibitor/1S005LCW0
Ledo Media Limited,Hong Kong,"['Booth: 3D-A01, 3C-A01   |   Smart City, Smart City   |   ']",/event/innoex/en/exhibitor/1S005L30X
Legit App Limited,Hong Kong,['Booth: 3C-C01   |   Smart City   |   '],/event/innoex/en/exhibitor/1S005M73K
Linksoul Holdings Company Limited,Hong Kong,['Booth: 3C-C01   |   Smart City   |   '],/event/innoex/en/exhibitor/1S005LIQC
Linksoul Hong Kong Limited,Hong Kong,['Booth: 3C-C01   |   Smart City   |   '],/event/innoex/en/exhibitor/1S005M884
Logital Co Limited,Hong Kong,['Booth: 3C-C01   |   Smart City   |   '],/event/innoex/en/exhibitor/1S005LDNQ
Lyodssoft Limited,Hong Kong,['Booth: 3C-C01   |   Smart City   |   '],/event/innoex/en/exhibitor/1S005MEAS
MTR Corporation & The Hong Kong University of Science and Technology,Hong Kong,['Booth: 3C-C01   |   Smart City   |   '],/event/innoex/en/exhibitor/1S005MPP8
MTR Corporation Limited & The Hong Kong University of Science and Technology,Hong Kong,['Booth: 3C-C01   |   Smart City   |   '],/event/innoex/en/exhibitor/1S005LD0N
"MacP Tech Travel Co., Ltd.",Thailand,['Booth: 3C-C01   |   Smart City   |   '],/event/innoex/en/exhibitor/1S005MAV5
Maphive Technology Limited,Hong Kong,['Booth: 3C-C01   |   Smart City   |   '],/event/innoex/en/exhibitor/1S005L3DU
Maryknoll Convent School (Secondary Section),Hong Kong,['Booth: 3C-C01   |   Smart City   |   '],/event/innoex/en/exhibitor/1S005LDAT
MateZ Lab Limited,Hong Kong,['Booth: 3C-C01   |   Smart City   |   '],/event/innoex/en/exhibitor/1S005L31U
Medmind Technology Limited,Hong Kong,['Booth: 3C-C01   |   Smart City   |   '],/event/innoex/en/exhibitor/1S005LILR
Minimax HongKong Limited,Hong Kong,['Booth: 3C-C01   |   Smart City   |   '],/event/innoex/en/exhibitor/1S005M8L1
Multiply Studio & Technologies Limited,Hong Kong,['Booth: 3C-C01   |   Smart City   |   '],/event/innoex/en/exhibitor/1S005M8OS
Mytepro Technology Limited,Hong Kong,['Booth: 3C-C01   |   Smart City   |   '],/event/innoex/en/exhibitor/1S005M85D
Nikopicto Limited,Hong Kong,['Booth: 3C-C01   |   Smart City   |   '],/event/innoex/en/exhibitor/1S005MBPM
Novalearn Limited,Hong Kong,['Booth: 3C-C01   |   Smart City   |   '],/event/innoex/en/exhibitor/1S005M84G
OmniWe Limited,Hong Kong,['Booth: 3C-C01   |   Smart City   |   '],/event/innoex/en/exhibitor/1S005M778
One Balance Advanced Technology (Hong Kong) Limited,Hong Kong,['Booth: 3C-C01   |   Smart City   |   '],/event/innoex/en/exhibitor/1S005LDU5
OneAsia Network Limited,Hong Kong,['Booth: 3C-C01   |   Smart City   |   '],/event/innoex/en/exhibitor/1S005LD1K
OpenLab,Hong Kong,['Booth: 3C-C01   |   Smart City   |   '],/event/innoex/en/exhibitor/1S005MBFG
"Organization for Small & Medium Enterprises and Regional Innovation, JAPAN",Japan,['Booth: 3C-C01   |   Smart City   |   '],/event/innoex/en/exhibitor/1S005LN1A
PITCHER LIMITED,Hong Kong,['Booth: 3C-C01   |   Smart City   |   '],/event/innoex/en/exhibitor/1S005MPR2
Pivotal Technologies Limited,Hong Kong,['Booth: 3C-C01   |   Smart City   |   '],/event/innoex/en/exhibitor/1S005L32R
Polish Investment and Trade Agency,Poland,['Booth: 3C-C01   |   Smart City   |   '],/event/innoex/en/exhibitor/1S005K4DT
Propcap Technologies Limited,Hong Kong,['Booth: 3C-C01   |   Smart City   |   '],/event/innoex/en/exhibitor/1S005LD58
QSee.ai Limited,Hong Kong,['Booth: 3C-C01   |   Smart City   |   '],/event/innoex/en/exhibitor/1S005M7L2
Quano Technologies Limited,Hong Kong,['Booth: 3C-C01   |   Smart City   |   '],/event/innoex/en/exhibitor/1S005M8PP
Qutran Tech (HK) Limited,Hong Kong,['Booth: 3C-C01   |   Smart City   |   '],/event/innoex/en/exhibitor/1S005MBK1
R2C2 Limited,Hong Kong,['Booth: 3C-C01   |   Smart City   |   '],/event/innoex/en/exhibitor/1S005MPTW
ReCube Limited,Hong Kong,['Booth: 3C-C01   |   Smart City   |   '],/event/innoex/en/exhibitor/1S005M8DP
Reunite Limited,Hong Kong,['Booth: 3C-C01   |   Smart City   |   '],/event/innoex/en/exhibitor/1S005LAFH
"SILKWINGS JET (HONG KONG) CO., LIMITED",Hong Kong,['Booth: 3C-C01   |   Smart City   |   '],/event/innoex/en/exhibitor/1S005M983
SilverX Limited,Hong Kong,['Booth: 3C-C01   |   Smart City   |   '],/event/innoex/en/exhibitor/1S005M8RJ
Sinovated Technology Limited,Hong Kong,['Booth: 3C-C01   |   Smart City   |   '],/event/innoex/en/exhibitor/1S005LE64
Spatial Lens Limited,Hong Kong,['Booth: 3C-C01   |   Smart City   |   '],/event/innoex/en/exhibitor/1S005MB67
St. Paul's Convent School (Secondary Section),Hong Kong,['Booth: 3C-C01   |   Smart City   |   '],/event/innoex/en/exhibitor/1S005MHED
StackAdapt,Hong Kong,['Booth: 3C-C01   |   Smart City   |   '],/event/innoex/en/exhibitor/1S005ME2G
Stellerus Technology Limited,Hong Kong,['Booth: 3C-C01   |   Smart City   |   '],/event/innoex/en/exhibitor/1S005MB4D
Syngular Technology Limited,Hong Kong,['Booth: 3C-C01   |   Smart City   |   '],/event/innoex/en/exhibitor/1S005M92L
Talkbox Limited,Hong Kong,['Booth: 3C-C01   |   Smart City   |   '],/event/innoex/en/exhibitor/1S005M95C
Team Concepts Limited,Hong Kong,['Booth: 3C-C01   |   Smart City   |   '],/event/innoex/en/exhibitor/1S005L3A3
The Electrical and Mechanical Services Department - the Government of the HKSAR,Hong Kong,['Booth: 3C-C01   |   Smart City   |   '],/event/innoex/en/exhibitor/1S005LEBP
"The Hong Kong Polytechnic University / Shenzhen Aerospace Smart City System Technology Co.,Ltd",Hong Kong,['Booth: 3C-C01   |   Smart City   |   '],/event/innoex/en/exhibitor/1S005MB3G
The National Games Coordination Office in Hong Kong,Hong Kong,['Booth: 3C-C01   |   Smart City   |   '],/event/innoex/en/exhibitor/1S005MHI1
Theo Quant Limited,Hong Kong,['Booth: 3C-C01   |   Smart City   |   '],/event/innoex/en/exhibitor/1S005L33O
Transcendence Company Limited,Hong Kong,['Booth: 3C-C01   |   Smart City   |   '],/event/innoex/en/exhibitor/1S005LINL
Transport Department,Hong Kong,['Booth: 3C-C01   |   Smart City   |   '],/event/innoex/en/exhibitor/1S005MBSD
Travous Limited,Hong Kong,['Booth: 3C-C01   |   Smart City   |   '],/event/innoex/en/exhibitor/1S005M8SG
Vast Team Development Limited,Hong Kong,['Booth: 3C-C01   |   Smart City   |   '],/event/innoex/en/exhibitor/1S005M8K4
Vidi Labs Limited,Hong Kong,['Booth: 3C-C01   |   Smart City   |   '],/event/innoex/en/exhibitor/1S005M785
"Virent (HK) Energy-Saving Technology Co., Ltd",Hong Kong,['Booth: 3C-C01   |   Smart City   |   '],/event/innoex/en/exhibitor/1S005M8TD
WanderWise.ai,Hong Kong,['Booth: 3C-C01   |   Smart City   |   '],/event/innoex/en/exhibitor/1S005MBGD
Water Supplies Department - the Government of the HKSAR,Hong Kong,['Booth: 3C-C01   |   Smart City   |   '],/event/innoex/en/exhibitor/1S005LEGA
Xtra Sensing Limited,Hong Kong,['Booth: 3C-C01   |   Smart City   |   '],/event/innoex/en/exhibitor/1S005MO19
YOOV Internet Technology (Asia) Limited,Hong Kong,['Booth: 3C-C01   |   Smart City   |   '],/event/innoex/en/exhibitor/1S005M72N
Yeefung Technology Limited,Hong Kong,['Booth: 3C-C01   |   Smart City   |   '],/event/innoex/en/exhibitor/1S005LDQH
Yuen Long Government Primary School,Hong Kong,['Booth: 3C-C01   |   Smart City   |   '],/event/innoex/en/exhibitor/1S005LD4B
Zyetric Technologies Limited,Hong Kong,['Booth: 3C-C01   |   Smart City   |   '],/event/innoex/en/exhibitor/1S005M71Q
"iFLYTEK Co., Ltd.,",Chinese Mainland,['Booth: 3C-C01   |   Smart City   |   '],/event/innoex/en/exhibitor/1S005LZFS
"Beijing Chaitin Technology Co., Ltd.",Chinese Mainland,['Booth: 3C-C01   |   Smart City   |   '],/event/innoex/en/exhibitor/1S005LZB4
Chong Qing Kosun New Energy Limited,Chinese Mainland,['Booth: 3C-C01   |   Smart City   |   '],/event/innoex/en/exhibitor/1S005M20Y
"Chongqing DIMA Robotics Co., LTD",Chinese Mainland,['Booth: 3C-C01   |   Smart City   |   '],/event/innoex/en/exhibitor/1S005M1Y5
"Chongqing Yizhong Digital Energy Technology Co., Ltd.",Chinese Mainland,['Booth: 3C-C01   |   Smart City   |   '],/event/innoex/en/exhibitor/1S005M1Z2
Codetrade Software Development,United Arab Emirates,['Booth: 3C-C01   |   Smart City   |   '],/event/innoex/en/exhibitor/1S005L5HG
"Guangzhou Haiyi Information Security Technology Co., Ltd",Chinese Mainland,['Booth: 3C-C01   |   Smart City   |   '],/event/innoex/en/exhibitor/1S005LZ7G
"GuangzhouChenchuangTechnologyDevelopmentCo.,Ltd",Chinese Mainland,['Booth: 3C-C01   |   Smart City   |   '],/event/innoex/en/exhibitor/1S005LDBQ
"INSKY Aviation Technology Co., Ltd",Chinese Mainland,['Booth: 3C-C01   |   Smart City   |   '],/event/innoex/en/exhibitor/1S005LZDY
IT Innovation and Strategy Center Okinawa,Japan,['Booth: 3C-C01   |   Smart City   |   '],/event/innoex/en/exhibitor/1S005LKOG
Internet Domain Name System National Engineering Research Center (ZDNS),Chinese Mainland,['Booth: 3C-C01   |   Smart City   |   '],/event/innoex/en/exhibitor/1S005LZJG
"Nanjing Ruimove Technology Co., LTD",Chinese Mainland,['Booth: 3C-C01   |   Smart City   |   '],/event/innoex/en/exhibitor/1S005M8GG
Shandong University of Traditional Chinese Medicine,Chinese Mainland,['Booth: 3C-C01   |   Smart City   |   '],/event/innoex/en/exhibitor/1S005LXY9
"Shenyang Hangsheng Technology Co., Ltd",Chinese Mainland,['Booth: 3C-C01   |   Smart City   |   '],/event/innoex/en/exhibitor/1S005M1OZ
Smart Cities Council,Australia,['Booth: 3C-C01   |   Smart City   |   '],/event/innoex/en/exhibitor/1S005LFPI
Vesystem,Chinese Mainland,['Booth: 3C-C01   |   Smart City   |   '],/event/innoex/en/exhibitor/1S005LZIJ
"Yottabyte Information Technology Co., Limited",Chinese Mainland,['Booth: 3C-C01   |   Smart City   |   '],/event/innoex/en/exhibitor/1S005LZ6J
"Zero Carbon Future (Chongqing) Energy Development Co., Ltd",Chinese Mainland,['Booth: 3C-C01   |   Smart City   |   '],/event/innoex/en/exhibitor/1S005M1X8
Zstack International Information Technologies Limited,Chinese Mainland,['Booth: 3C-C01   |   Smart City   |   '],/event/innoex/en/exhibitor/1S005LZWD
ABSee. Inc,Chinese Mainland,['Booth: 3C-C01   |   Smart City   |   '],/event/innoex/en/exhibitor/1S005M6TF
AKILA INFORMATION SYSTEMS PTE. LIMITED,Chinese Mainland,['Booth: 3C-C01   |   Smart City   |   '],/event/innoex/en/exhibitor/1S005M7QN
APJ Software Company Limited,Chinese Mainland,['Booth: 3C-C01   |   Smart City   |   '],/event/innoex/en/exhibitor/1S005LDI5
"AirWhiteWhale (Changzhou) Technology Co., Ltd",Chinese Mainland,['Booth: 3C-C01   |   Smart City   |   '],/event/innoex/en/exhibitor/1S005LV2Z
"Anhui ShineAuto Autonomous Driving Technology Co., Ltd.",Chinese Mainland,['Booth: 3C-C01   |   Smart City   |   '],/event/innoex/en/exhibitor/1S005LV6N
Anywit Robotics,Chinese Mainland,['Booth: 3C-C01   |   Smart City   |   '],/event/innoex/en/exhibitor/1S005LV7K
Arm Ltd.,United Kingdom,['Booth: 3C-C01   |   Smart City   |   '],/event/innoex/en/exhibitor/1S005JRD6
BK-INTERNATIONAL,France,['Booth: 3C-C01   |   Smart City   |   '],/event/innoex/en/exhibitor/1S005M7OT
Beijing Greatmap Software Technology Corporation Limited,Chinese Mainland,['Booth: 3C-C01   |   Smart City   |   '],/event/innoex/en/exhibitor/1S005M6W6
"Beijing TT Aviation Technology Co., Ltd.",Chinese Mainland,['Booth: 3C-C01   |   Smart City   |   '],/event/innoex/en/exhibitor/1S005M6SI
"Big Data Protection Engineering Research Center (Guizhou) Co., Ltd",Chinese Mainland,['Booth: 3C-C01   |   Smart City   |   '],/event/innoex/en/exhibitor/1S005LVP2
BoardWare Information System (Zhuhai) Limited,Chinese Mainland,['Booth: 3C-C01   |   Smart City   |   '],/event/innoex/en/exhibitor/1S005LVUN
Booster Robotics,Chinese Mainland,['Booth: 3C-C01   |   Smart City   |   '],/event/innoex/en/exhibitor/1S005M7HE
"CTRS Airspace Technology Jiangsu Co., Ltd.",Chinese Mainland,['Booth: 3C-C01   |   Smart City   |   '],/event/innoex/en/exhibitor/1S005M8FJ
"Cemho Medical Technology (Guangdong) Co., Ltd. Shenzhen Branch",Chinese Mainland,['Booth: 3C-C01   |   Smart City   |   '],/event/innoex/en/exhibitor/1S005MDXW
College of Transportation Engineering of Tongji University,Chinese Mainland,['Booth: 3C-C01   |   Smart City   |   '],/event/innoex/en/exhibitor/1S005LIU0
Companhia De Equipamentos Master Limitada,Macao,['Booth: 3C-C01   |   Smart City   |   '],/event/innoex/en/exhibitor/1S005LDZQ
Contemporary Amperex Technology Co Limited,Chinese Mainland,['Booth: 3C-C01   |   Smart City   |   '],/event/innoex/en/exhibitor/1S005MPLK
Daycisiv,France,['Booth: 3C-C01   |   Smart City   |   '],/event/innoex/en/exhibitor/1S005MPSZ
"DingTalk (China) Information Technology Co., Ltd.",Chinese Mainland,['Booth: 3C-C01   |   Smart City   |   '],/event/innoex/en/exhibitor/1S005M7AZ
Direct Drive Technology,Chinese Mainland,['Booth: 3C-C01   |   Smart City   |   '],/event/innoex/en/exhibitor/1S005LDKZ
"Dongguan Liuchuan Electronic Co., Ltd",Chinese Mainland,['Booth: 3C-C01   |   Smart City   |   '],/event/innoex/en/exhibitor/1S005LESA
"Eastern Superconducting Technology (Suzhou) Co., Ltd.",Chinese Mainland,['Booth: 3B-D02   |   Smart City   |   '],/event/innoex/en/exhibitor/1S005LV05
FOTRIC INC.,Chinese Mainland,['Booth: 3B-D02   |   Smart City   |   '],/event/innoex/en/exhibitor/1S005MBEJ
"FUJIAN LINGXIN INFORMATION TECHNOLOGY CO., LTD",Chinese Mainland,['Booth: 3B-D02   |   Smart City   |   '],/event/innoex/en/exhibitor/1S005M9QL
"Fengshun County Taiyada Industries Co., Ltd.",Chinese Mainland,['Booth: 3B-D02   |   Smart City   |   '],/event/innoex/en/exhibitor/1S005LDLW
"Flyer Express Technology Co., Ltd.",Chinese Mainland,['Booth: 3B-D02   |   Smart City   |   '],/event/innoex/en/exhibitor/1S005MO33
"Fujian Furuiwang Technology Co., Ltd.",Chinese Mainland,['Booth: 3B-D02   |   Smart City   |   '],/event/innoex/en/exhibitor/1S005MQZD
Fujian University of Traditional Chinese Medicine,Chinese Mainland,['Booth: 3B-D02   |   Smart City   |   '],/event/innoex/en/exhibitor/1S005M9OR
Fujian Wiwo Electronic Technology Co Ltd,Chinese Mainland,['Booth: 3B-D02   |   Smart City   |   '],/event/innoex/en/exhibitor/1S005M9MX
"Fujian YonKing Geotechnical CO., LTD.",Chinese Mainland,['Booth: 3B-D02   |   Smart City   |   '],/event/innoex/en/exhibitor/1S005M9DO
"Fujian Zhongke Xingtai Data Technology Co., Ltd.",Chinese Mainland,['Booth: 3B-D02   |   Smart City   |   '],/event/innoex/en/exhibitor/1S005M9EL
"GEPP Sa-Ard Co., Ltd",Thailand,['Booth: 3B-D02   |   Smart City   |   '],/event/innoex/en/exhibitor/1S005ME71
"Galaxea (Beijing) Artificial Intelligence Technology Co., Ltd.",Chinese Mainland,['Booth: 3B-D02   |   Smart City   |   '],/event/innoex/en/exhibitor/1S005M6QO
Gideon Semiconductor (Shenzhen) Limited,Chinese Mainland,['Booth: 3B-D02   |   Smart City   |   '],/event/innoex/en/exhibitor/1S005MDWZ
Golden Stand Financial Technology Pty. Ltd.,Chinese Mainland,['Booth: 3B-D02   |   Smart City   |   '],/event/innoex/en/exhibitor/1S005LVRW
Goldpac Limited,Chinese Mainland,['Booth: 3B-D02   |   Smart City   |   '],/event/innoex/en/exhibitor/1S005LDH8
Guangzhou Inbot Technology Ltd.,Chinese Mainland,['Booth: 3B-D02   |   Smart City   |   '],/event/innoex/en/exhibitor/1S005LEJ1
"Guangzhou Pharmaceutical Group (Macau) International Development Co., Ltd",Macao,['Booth: 3B-D02   |   Smart City   |   '],/event/innoex/en/exhibitor/1S005LIOI
"Guangzhou Quwan Network Technology Co., Ltd.",Chinese Mainland,['Booth: 3B-D02   |   Smart City   |   '],/event/innoex/en/exhibitor/1S005LEH7
"GuiZhou BigData Industry Group Co., Ltd",Chinese Mainland,['Booth: 3B-D02   |   Smart City   |   '],/event/innoex/en/exhibitor/1S005MP32
"GuiZhou Gui'an ZhangJjiang High-Tech Joint Industrial Development Co., Ltd",Chinese Mainland,['Booth: 3B-D02   |   Smart City   |   '],/event/innoex/en/exhibitor/1S005MP25
"Guiyang Longmaster Information Technology Co., Ltd.",Chinese Mainland,['Booth: 3B-D02   |   Smart City   |   '],/event/innoex/en/exhibitor/1S005LVST
"Guizhou BaishanCloud Technology Co., Ltd.",Chinese Mainland,['Booth: 3B-D02   |   Smart City   |   '],/event/innoex/en/exhibitor/1S005LY2W
"Guizhou GongJiangHang Technology Co., Ltd.",Chinese Mainland,['Booth: 3B-D02   |   Smart City   |   '],/event/innoex/en/exhibitor/1S005LVTQ
HAUPCAR Company Limited,Thailand,['Booth: 3B-D02   |   Smart City   |   '],/event/innoex/en/exhibitor/1S005MHH4
HOPUU TECHNOLOGY (MACAU) LIMITED,Macao,['Booth: 3B-D02   |   Smart City   |   '],/event/innoex/en/exhibitor/1S005M8IA
"Hangzhou Qiuguo Plan Technology Co., Ltd.",Chinese Mainland,['Booth: 3B-D02   |   Smart City   |   '],/event/innoex/en/exhibitor/1S005M7CT
Hangzhou Star Species Robotics Co. Ltd.,Chinese Mainland,['Booth: 3B-D02   |   Smart City   |   '],/event/innoex/en/exhibitor/1S005M7DQ
Hanover Far East Limited,United Kingdom,['Booth: 3B-D02   |   Smart City   |   '],/event/innoex/en/exhibitor/1S005JX03
"Hefei Future HMD Technology Co., Ltd.",Chinese Mainland,['Booth: 3B-D02   |   Smart City   |   '],/event/innoex/en/exhibitor/1S005LV9E
"Hefei Heyi Aviation Co., Ltd.",Chinese Mainland,['Booth: 3B-D02   |   Smart City   |   '],/event/innoex/en/exhibitor/1S005LVAB
High Torque,Chinese Mainland,['Booth: 3B-D02   |   Smart City   |   '],/event/innoex/en/exhibitor/1S005LEI4
Hoffmann Green Cement,France,['Booth: 3B-D02   |   Smart City   |   '],/event/innoex/en/exhibitor/1S005M7UB
Huaqiao University,Chinese Mainland,['Booth: 3B-D02   |   Smart City   |   '],/event/innoex/en/exhibitor/1S005M9FI
"Huasky Information Technology Co., Ltd",Chinese Mainland,['Booth: 3B-D02   |   Smart City   |   '],/event/innoex/en/exhibitor/1S005M6K6
"Huaxing Weibo (Beijing) Technology Co., Ltd.",Chinese Mainland,['Booth: 3B-D02   |   Smart City   |   '],/event/innoex/en/exhibitor/1S005M6UC
"INTSIG Information Co., Ltd.",Chinese Mainland,['Booth: 3B-D02   |   Smart City   |   '],/event/innoex/en/exhibitor/1S005LIT3
Infuse Company Limited,Thailand,['Booth: 3B-D02   |   Smart City   |   '],/event/innoex/en/exhibitor/1S005ME64
InnAIO,Chinese Mainland,['Booth: 3B-D02   |   Smart City   |   '],/event/innoex/en/exhibitor/1S005MPOB
"Jiangsu Linyang Energy Storage Technology Co., Ltd.",Chinese Mainland,['Booth: 3B-D02   |   Smart City   |   '],/event/innoex/en/exhibitor/1S005LVKH
"Jiangsu Yunsheng Intelligent Technology Co., Ltd.",Chinese Mainland,['Booth: 3B-D02   |   Smart City   |   '],/event/innoex/en/exhibitor/1S005LV12
Johnson Controls Security Products,United Kingdom,['Booth: 3B-D02   |   Smart City   |   '],/event/innoex/en/exhibitor/1S005JWYA
"Jowave Intelligence Technology Co., Ltd",Chinese Mainland,['Booth: 3B-D02   |   Smart City   |   '],/event/innoex/en/exhibitor/1S005LVB8
Keywave Technology Limited,United Kingdom,['Booth: 3B-D02   |   Smart City   |   '],/event/innoex/en/exhibitor/1S005JRE3
Kickmaker,France,['Booth: 3B-D02   |   Smart City   |   '],/event/innoex/en/exhibitor/1S005M7IB
"Kingdom Information Technology Co., Ltd",Macao,['Booth: 3B-D02   |   Smart City   |   '],/event/innoex/en/exhibitor/1S005LDWZ
Leading Smart Holdings Limited,Cayman Islands,['Booth: 3B-D02   |   Smart City   |   '],/event/innoex/en/exhibitor/1S005M9TC
Libertify,France,['Booth: 3B-D02   |   Smart City   |   '],/event/innoex/en/exhibitor/1S005M7J8
"Lingyang Intelligent Technology Co., Ltd.",Chinese Mainland,['Booth: 3B-D02   |   Smart City   |   '],/event/innoex/en/exhibitor/1S005M7BW
Longan Vision Corp,Canada,['Booth: 3B-D02   |   Smart City   |   '],/event/innoex/en/exhibitor/1S005LFS9
"Lubansoft Co., Ltd.",Chinese Mainland,['Booth: 3B-D02   |   Smart City   |   '],/event/innoex/en/exhibitor/1S005MBDM
MINDTRUST,France,['Booth: 3D-B02   |   Smart City   |   '],/event/innoex/en/exhibitor/1S005M7K5
Macau University of Science and Technology,Macao,['Booth: 3D-B02   |   Smart City   |   '],/event/innoex/en/exhibitor/1S005LDV2
Mui Robotics Company Limited,Thailand,['Booth: 3D-B02   |   Smart City   |   '],/event/innoex/en/exhibitor/1S005ME57
"Nanjing Glarun Defense System Co., Ltd.",Chinese Mainland,['Booth: 3D-B02   |   Smart City   |   '],/event/innoex/en/exhibitor/1S005LUXF
"Nanjing HeXi Electric Co., Ltd",Chinese Mainland,['Booth: 3D-B02   |   Smart City   |   '],/event/innoex/en/exhibitor/1S005LVLE
"Nanjing Kaitianyan UAV Technology Co., Ltd",Chinese Mainland,['Booth: 3D-B02   |   Smart City   |   '],/event/innoex/en/exhibitor/1S005LVMB
"Nanjing Kuyee Technology Co., Ltd.",Chinese Mainland,['Booth: 3D-B02   |   Smart City   |   '],/event/innoex/en/exhibitor/1S005M6PR
"Nanjing Robotrak Technologies Co., Ltd.",Chinese Mainland,['Booth: 3D-B02   |   Smart City   |   '],/event/innoex/en/exhibitor/1S005LVN8
"Nano Coating Tech Co., Ltd.",Thailand,['Booth: 3D-B02   |   Smart City   |   '],/event/innoex/en/exhibitor/1S005ME8Y
National Innovation Agency,Thailand,['Booth: 3D-B02   |   Smart City   |   '],/event/innoex/en/exhibitor/1S005K2KA
OpenText,Singapore,['Booth: 3D-B02   |   Smart City   |   '],/event/innoex/en/exhibitor/1S005LFT6
Oxygen Ltd,Chinese Mainland,['Booth: 3D-B02   |   Smart City   |   '],/event/innoex/en/exhibitor/1S005M7TE
"PEEL Lab K.K. Co., Ltd.",Thailand,['Booth: 3D-B02   |   Smart City   |   '],/event/innoex/en/exhibitor/1S005ME9V
Paperpost Asia Limited,United Kingdom,['Booth: 3D-B02   |   Smart City   |   '],/event/innoex/en/exhibitor/1S005JRBC
PolyU-Hefei Technology and Innovation Research Institute Limited,Chinese Mainland,['Booth: 3D-B02   |   Smart City   |   '],/event/innoex/en/exhibitor/1S005LVFW
"Qianjibian (Hangzhou) Technology Co., Ltd.",Chinese Mainland,['Booth: 3D-B02   |   Smart City   |   '],/event/innoex/en/exhibitor/1S005MB81
Qingyuan Innovation Laboratory,Chinese Mainland,['Booth: 3D-B02   |   Smart City   |   '],/event/innoex/en/exhibitor/1S005M9NU
"Rayson HI-TECH(SZ) Co., Ltd.",Chinese Mainland,['Booth: 3D-B02   |   Smart City   |   '],/event/innoex/en/exhibitor/1S005MNDA
"RealMan Co., Ltd.",Chinese Mainland,['Booth: 3D-B02   |   Smart City   |   '],/event/innoex/en/exhibitor/1S005M6RL
Region Computer Co. Ltd.,Macao,['Booth: 3D-B02   |   Smart City   |   '],/event/innoex/en/exhibitor/1S005LVVK
Rivière Yuan EdTech,France,['Booth: 3D-B02   |   Smart City   |   '],/event/innoex/en/exhibitor/1S005M7MZ
SOTI Inc,Canada,['Booth: 3D-B02   |   Smart City   |   '],/event/innoex/en/exhibitor/1S005MBRG
Shanghai Data Group Co Ltd,Chinese Mainland,['Booth: 3D-B02   |   Smart City   |   '],/event/innoex/en/exhibitor/1S005MBCP
Shanghai Data Service Provider Association,Chinese Mainland,['Booth: 3D-B02   |   Smart City   |   '],/event/innoex/en/exhibitor/1S005MB1M
"Shanghai Electric Vehicle Public Data Collecting, Monitoring and Research Center",Chinese Mainland,['Booth: 3D-B02   |   Smart City   |   '],/event/innoex/en/exhibitor/1S005MAZT
"Shanghai Lin-Gang Special Area International Data Port Co., Ltd.",Chinese Mainland,['Booth: 3D-B02   |   Smart City   |   '],/event/innoex/en/exhibitor/1S005MB0P
Shanghai Mental Health Center,Chinese Mainland,['Booth: 3D-B02   |   Smart City   |   '],/event/innoex/en/exhibitor/1S005MB74
"Shanghai Mobility Service Technology Co., Ltd.",Chinese Mainland,['Booth: 3D-B02   |   Smart City   |   '],/event/innoex/en/exhibitor/1S005LIS6
"Shanghai Outdo Data Technology Co., Ltd",Chinese Mainland,['Booth: 3D-B02   |   Smart City   |   '],/event/innoex/en/exhibitor/1S005MBBS
"Shanghai Shibei High-Tech (Group) Co., Ltd",Chinese Mainland,['Booth: 3D-B02   |   Smart City   |   '],/event/innoex/en/exhibitor/1S005MB2J
"Shanghai Xinli Semiconductor Co., Ltd",Chinese Mainland,['Booth: 3D-B02   |   Smart City   |   '],/event/innoex/en/exhibitor/1S005MBAV
"Shaoxing Yichu Energy Technology Co., Ltd.",Chinese Mainland,['Booth: 3D-B02   |   Smart City   |   '],/event/innoex/en/exhibitor/1S005M6L3
"Shenzhen Berxel Photonics Co., Ltd.",Chinese Mainland,['Booth: 3D-B02   |   Smart City   |   '],/event/innoex/en/exhibitor/1S005MDYT
"Shenzhen Fortsense Co., Ltd.",Chinese Mainland,['Booth: 3D-B02   |   Smart City   |   '],/event/innoex/en/exhibitor/1S005MPNE
"Shenzhen Four Seasons Sweet Spring Food & Beverage Co., Ltd.",Chinese Mainland,['Booth: 3D-B02   |   Smart City   |   '],/event/innoex/en/exhibitor/1S005MDQH
"Shenzhen GJS technoloy Co., Ltd",Chinese Mainland,['Booth: 3D-B02   |   Smart City   |   '],/event/innoex/en/exhibitor/1S005MDRE
"Shenzhen Phantom Future Information Technology Co., Ltd",Chinese Mainland,['Booth: 3D-B02   |   Smart City   |   '],/event/innoex/en/exhibitor/1S005MDT8
"Shenzhen Shen Teng Digital Technology Co., Ltd",Chinese Mainland,['Booth: 3D-B02   |   Smart City   |   '],/event/innoex/en/exhibitor/1S005MDSB
Shenzhen Timekettle Technologies Co Ltd,Chinese Mainland,['Booth: 3D-B02   |   Smart City   |   '],/event/innoex/en/exhibitor/1S005MDV2
"Shenzhen VElKK Technology Co., Ltd.",Chinese Mainland,['Booth: 3D-B02   |   Smart City   |   '],/event/innoex/en/exhibitor/1S005LDGB
"Shenzhen Yijia Yiban Intelligent Technology Co., Ltd",Chinese Mainland,['Booth: 3D-B02   |   Smart City   |   '],/event/innoex/en/exhibitor/1S005ME1J
"Shenzhen Zero Zero lnfinity Technology Co., Ltd.",Chinese Mainland,['Booth: 3D-B02   |   Smart City   |   '],/event/innoex/en/exhibitor/1S005MDZQ
"Skysys Intelligent Technology (FuZhou) Co., Ltd",Chinese Mainland,['Booth: 3D-B02   |   Smart City   |   '],/event/innoex/en/exhibitor/1S005M9PO
Star Solutions,Canada,['Booth: 3D-B02   |   Smart City   |   '],/event/innoex/en/exhibitor/1S005MP0B
"Syncsmart Technology (Zhuhai) Co., Ltd.",Chinese Mainland,['Booth: 3D-B02   |   Smart City   |   '],/event/innoex/en/exhibitor/1S005LDJ2
System in Motion,Chinese Mainland,['Booth: 3D-B02   |   Smart City   |   '],/event/innoex/en/exhibitor/1S005M7NW
TU REALITY,Chinese Mainland,['Booth: 3D-B02   |   Smart City   |   '],/event/innoex/en/exhibitor/1S005LVC5
Tektelic Communications Inc,Canada,['Booth: 3D-B02   |   Smart City   |   '],/event/innoex/en/exhibitor/1S005LIJX
The Hong Kong Polytechnic University Jinjiang Technology and Innovation Research Institute,Chinese Mainland,['Booth: 3D-B02   |   Smart City   |   '],/event/innoex/en/exhibitor/1S005M9GF
"Titan Technology Holding Ltd.,",Chinese Mainland,['Booth: 3D-B02   |   Smart City   |   '],/event/innoex/en/exhibitor/1S005MHJY
"Tsingzhan Intelligent Robot (Nanjing) Technology Co., Ltd.",Chinese Mainland,['Booth: 3B-C01   |   Smart City   |   '],/event/innoex/en/exhibitor/1S005LVIN
UDEER·AI,Chinese Mainland,['Booth: 3B-C01   |   Smart City   |   '],/event/innoex/en/exhibitor/1S005M7FK
"Unicom (Shanghai) Industry Internet Co., Ltd.",Chinese Mainland,['Booth: 3B-C01   |   Smart City   |   '],/event/innoex/en/exhibitor/1S005MBJ4
Units,France,['Booth: 3B-C01   |   Smart City   |   '],/event/innoex/en/exhibitor/1S005M7PQ
Veracity Trust Network,United Kingdom,['Booth: 3B-C01   |   Smart City   |   '],/event/innoex/en/exhibitor/1S005JRAF
Vodatel Holding Limited,Macao,['Booth: 3B-C01   |   Smart City   |   '],/event/innoex/en/exhibitor/1S005LDYT
WeMaintain,France,['Booth: 3B-C01   |   Smart City   |   '],/event/innoex/en/exhibitor/1S005M7SH
Wintec Dynamic (Shenzhen) Ltd.,Chinese Mainland,['Booth: 3B-C01   |   Smart City   |   '],/event/innoex/en/exhibitor/1S005LDFE
"XUNFEI HEALTHCARE TECHNOLOGY CO., LTD.",Chinese Mainland,['Booth: 3B-C01   |   Smart City   |   '],/event/innoex/en/exhibitor/1S005LVD2
"Xiamen Hightopo Software Technology Co., Ltd.",Chinese Mainland,['Booth: 3B-C01   |   Smart City   |   '],/event/innoex/en/exhibitor/1S005M9HC
"Xiamen Tianwei Technology Co., Ltd.",Chinese Mainland,['Booth: 3B-C01   |   Smart City   |   '],/event/innoex/en/exhibitor/1S005M9I9
"Xiamen Wanjie Biotechnology Co., Ltd.",Chinese Mainland,['Booth: 3B-C01   |   Smart City   |   '],/event/innoex/en/exhibitor/1S005M9J6
"ZEROG Aircraft Industry (Hefei) Co., Ltd.",Chinese Mainland,['Booth: 3B-C01   |   Smart City   |   '],/event/innoex/en/exhibitor/1S005LVEZ
ZHEJIANG WHOLE SENSE RADAR CO. LTD.,Chinese Mainland,['Booth: 3B-C01   |   Smart City   |   '],/event/innoex/en/exhibitor/1S005M6J9
Zence Object Technology,Macao,['Booth: 3B-C01   |   Smart City   |   '],/event/innoex/en/exhibitor/1S005LN5Y
"Zhangzhou Kehua Electrical Technology Co., Ltd",Chinese Mainland,['Booth: 3B-C01   |   Smart City   |   '],/event/innoex/en/exhibitor/1S005M9K3
"Zhangzhou Wanwu Information Technology Co., Ltd",Chinese Mainland,['Booth: 3B-C01   |   Smart City   |   '],/event/innoex/en/exhibitor/1S005M9L0
"Zhejiang Airspace Integration Low-altitude Industry Development Co., Ltd",Chinese Mainland,['Booth: 3B-C01   |   Smart City   |   '],/event/innoex/en/exhibitor/1S005M6NX
"Zhejiang Digiproto Software Technology Co., Ltd",Chinese Mainland,['Booth: 3B-C01   |   Smart City   |   '],/event/innoex/en/exhibitor/1S005M6OU
"Zhejiang Hangya Aviation Service Co., Ltd.",Chinese Mainland,['Booth: 3B-C01   |   Smart City   |   '],/event/innoex/en/exhibitor/1S005MP18
"Zhejiang Huayin Technology Co., Ltd",Chinese Mainland,['Booth: 3B-C01   |   Smart City   |   '],/event/innoex/en/exhibitor/1S005M6IC
"Zhejiang MindCruise Technology Co., Ltd",Chinese Mainland,['Booth: 3B-C01   |   Smart City   |   '],/event/innoex/en/exhibitor/1S005MO26
"Zhongce Aviation Technology (Zhejiang) Co., Ltd",Chinese Mainland,['Booth: 3B-C01   |   Smart City   |   '],/event/innoex/en/exhibitor/1S005M6M0
"Zhuhai Lanz Innovation Technology Co., Ltd.",Chinese Mainland,['Booth: 3B-C01   |   Smart City   |   '],/event/innoex/en/exhibitor/1S005LEPJ
Innovation and Technology Commission,Hong Kong,['Booth: 3B-C01   |   Smart City   |   '],/event/innoex/en/exhibitor/1S005LFRC
B4B Limited,Hong Kong,['Booth: 3B-C01   |   Smart City   |   '],/event/innoex/en/exhibitor/1S005LZ2V
Hong Kong Cyberport Management Company Limited,Hong Kong,['Booth: 3B-C01   |   Smart City   |   '],/event/innoex/en/exhibitor/1S005LAGE
CCPIT YUECHENG COMMITTEE,Chinese Mainland,['Booth: 3B-C01   |   Smart City   |   '],/event/innoex/en/exhibitor/1S005LXTO
Department of Commerce of Guangdong Province,Chinese Mainland,['Booth: 3B-C01   |   Smart City   |   '],/event/innoex/en/exhibitor/1S005LCQI
Department of Commerce of Jiangsu Province,Chinese Mainland,['Booth: 3B-C01   |   Smart City   |   '],/event/innoex/en/exhibitor/1S005LUVL
Foreign Affairs Office of Hefei Municipal People's Government,Chinese Mainland,['Booth: 3B-C01   |   Smart City   |   '],/event/innoex/en/exhibitor/1S005LUUO
Fujian Provincial Science and Technology Exchange Center with Foreign Countries,Chinese Mainland,['Booth: 3B-C01   |   Smart City   |   '],/event/innoex/en/exhibitor/1S005LKQA
Nanjing Municipal Science and Technology Bureau,Chinese Mainland,['Booth: 3B-C01   |   Smart City   |   '],/event/innoex/en/exhibitor/1S005LUSU
Guizhou Provincial Bureau of Big Data Development,Chinese Mainland,['Booth: 3B-C01   |   Smart City   |   '],/event/innoex/en/exhibitor/1S005LUTR
Hong Kong Productivity Council – Patent Application Grant,Hong Kong,['Booth: 3B-C01   |   Smart City   |   '],/event/innoex/en/exhibitor/1S005M0UI
City University of Hong Kong,Hong Kong,['Booth: 3B-C01   |   Smart City   |   '],/event/innoex/en/exhibitor/1S005LCNR
Hong Kong Baptist University,Hong Kong,['Booth: 3B-C01   |   Smart City   |   '],/event/innoex/en/exhibitor/1S005LCLX
Hong Kong Productivity Council - SME ReachOut,Hong Kong,['Booth: 3B-C01   |   Smart City   |   '],/event/innoex/en/exhibitor/1S005LYZ5
Hong Kong Shue Yan University,Hong Kong,['Booth: 3B-C01   |   Smart City   |   '],/event/innoex/en/exhibitor/1S005LCMU
Hong Kong Technology and Innovation Support Centre (TISC establishing institution in China),Hong Kong,['Booth: 3B-C01   |   Smart City   |   '],/event/innoex/en/exhibitor/1S005M1UH
The Chinese University of Hong Kong,Hong Kong,['Booth: 3B-C01   |   Smart City   |   '],/event/innoex/en/exhibitor/1S005LCK0
The Hong Kong University of Science & Technology,Hong Kong,['Booth: 3B-C01   |   Smart City   |   '],/event/innoex/en/exhibitor/1S005LCSC
The University of Hong Kong Techno-Entrepreneurship Core,Hong Kong,['Booth: 3B-C01   |   Smart City   |   '],/event/innoex/en/exhibitor/1S005LCRF
Digiprima Technologies Pvt Ltd,India,['Booth: 3B-C01   |   Smart City   |   '],/event/innoex/en/exhibitor/1S005M5X4
Hangzhou Dianzi University,Chinese Mainland,['Booth: 3B-C01   |   Smart City   |   '],/event/innoex/en/exhibitor/1S005M5Y1
Khon Kaen University,Thailand,['Booth: 3B-C01   |   Smart City   |   '],/event/innoex/en/exhibitor/1S005LXQX
Prince of Songkla University Science Park,Thailand,['Booth: 3B-C01   |   Smart City   |   '],/event/innoex/en/exhibitor/1S005LXN6
"Science and Technology Park, Chiang Mai University",Thailand,['Booth: 3B-C01   |   Smart City   |   '],/event/innoex/en/exhibitor/1S005LXP0
Suranaree University of Technology,Thailand,['Booth: 3B-C01   |   Smart City   |   '],/event/innoex/en/exhibitor/1S005LXO3
World Internet Conference,Chinese Mainland,['Booth: 3B-C01   |   Smart City   |   '],/event/innoex/en/exhibitor/1S005LZGP
Job Matriz Limited,Hong Kong,['Booth: 3D-A21   |   Smart City   |   '],/event/innoex/en/exhibitor/1S005LIZL
Libpet Tech Limited,Hong Kong,['Booth: 3D-A21   |   Smart City   |   '],/event/innoex/en/exhibitor/1S005LE2G
"Shenzhen Jiushi Electronic Co., Ltd.",Chinese Mainland,['Booth: 3D-A21   |   Smart City   |   '],/event/innoex/en/exhibitor/1S005LEMS
UNBOUND SDN. BHD.,Malaysia,['Booth: 3D-A21   |   Smart City   |   '],/event/innoex/en/exhibitor/1S005M9RI
Boris Design Studio Limited,Hong Kong,['Booth: 3D-A21   |   Smart City   |   '],/event/innoex/en/exhibitor/1S005MBOP
CobotAI Limited,Hong Kong,['Booth: 3D-A21   |   Smart City   |   '],/event/innoex/en/exhibitor/1S005LE3D
Coraleus Limited,Hong Kong,['Booth: 3D-A21   |   Smart City   |   '],/event/innoex/en/exhibitor/1S005LJ0H
DAINVI Limited,Hong Kong,['Booth: 3D-A21   |   Smart City   |   '],/event/innoex/en/exhibitor/1S005LIXR
GABES Limited,Hong Kong,['Booth: 3D-A21   |   Smart City   |   '],/event/innoex/en/exhibitor/1S005LIYO
LifeSparrow Solutions Limited,Hong Kong,['Booth: 3D-A21   |   Smart City   |   '],/event/innoex/en/exhibitor/1S005LE0M
Medvision Limited,Hong Kong,['Booth: 3D-A21   |   Smart City   |   '],/event/innoex/en/exhibitor/1S005LE4A
Nuvatech Limited,Hong Kong,['Booth: 3D-A21   |   Smart City   |   '],/event/innoex/en/exhibitor/1S005LE1J
OK Systems Limited,Hong Kong,['Booth: 3D-A21   |   Smart City   |   '],/event/innoex/en/exhibitor/1S005MBQJ
Sphere State Limited,Hong Kong,['Booth: 3D-A21   |   Smart City   |   '],/event/innoex/en/exhibitor/1S005MAXZ
The Boys' & Girls' Clubs Association of Hong Kong,Hong Kong,['Booth: 3D-A21   |   Smart City   |   '],/event/innoex/en/exhibitor/1S005M94F
Wiselaw Digital Technology Limited,Hong Kong,['Booth: 3D-A21   |   Smart City   |   '],/event/innoex/en/exhibitor/1S005LE57
ZenxTag Technology Limited,Hong Kong,['Booth: 3D-A21   |   Smart City   |   '],/event/innoex/en/exhibitor/1S005LIWU
Asseco Data Systems S.A.,Poland,['Booth: 3D-A21   |   Smart City   |   '],/event/innoex/en/exhibitor/1S005MEGA
Autopay S.A.,Poland,['Booth: 3D-A21   |   Smart City   |   '],/event/innoex/en/exhibitor/1S005MEEG
China-BRICS Science and Innovation Incubation Park for the New Era,Chinese Mainland,['Booth: 3D-A21   |   Smart City   |   '],/event/innoex/en/exhibitor/1S005MPJQ
Codepresso Inc,Luxembourg,['Booth: 3D-A21   |   Smart City   |   '],/event/innoex/en/exhibitor/1S005M6GI
"Guangdong Communication Industry Service Co., LTD",Chinese Mainland,['Booth: 3D-A21   |   Smart City   |   '],/event/innoex/en/exhibitor/1S005LN8P
"Guizhou Jizhan Cultural and Creative Co., Ltd",Chinese Mainland,['Booth: 3D-A21   |   Smart City   |   '],/event/innoex/en/exhibitor/1S005MO5X
Hello Ebbot AB,Sweden,['Booth: 3D-A21   |   Smart City   |   '],/event/innoex/en/exhibitor/1S005MAW2
INSPUR DIGI ENT.,Chinese Mainland,['Booth: 3D-A21   |   Smart City   |   '],/event/innoex/en/exhibitor/1S005M90R
Industry And Information Technology Department Of Jiangsu,Chinese Mainland,['Booth: 3D-A21   |   Smart City   |   '],/event/innoex/en/exhibitor/1S005M8HD
"Inspur Intelligent Terminal Co., Ltd.",Chinese Mainland,['Booth: 3D-A21   |   Smart City   |   '],/event/innoex/en/exhibitor/1S005M8UA
"Inspur Smart Technology Co., Ltd",Chinese Mainland,['Booth: 3D-A21   |   Smart City   |   '],/event/innoex/en/exhibitor/1S005M8X1
"Inspur Software Co., Ltd.",Chinese Mainland,['Booth: 3D-A21   |   Smart City   |   '],/event/innoex/en/exhibitor/1S005M8ZV
Jinan Wave Data Technology Co.,Chinese Mainland,['Booth: 3D-A21   |   Smart City   |   '],/event/innoex/en/exhibitor/1S005M8V7
Kairos Future,Sweden,['Booth: 3D-A21   |   Smart City   |   '],/event/innoex/en/exhibitor/1S005MAYW
Lighthouse Inc.,Japan,['Booth: 3D-A21   |   Smart City   |   '],/event/innoex/en/exhibitor/1S005LN34
"Makeblock Co., Ltd",Chinese Mainland,['Booth: 3D-A21   |   Smart City   |   '],/event/innoex/en/exhibitor/1S005LELV
"Shandong Inspur Intelligent Production Technology Co., Ltd.",Chinese Mainland,['Booth: 3D-A21   |   Smart City   |   '],/event/innoex/en/exhibitor/1S005M91O
"Shenzhen Southern Innovation Technology Co., Ltd",Chinese Mainland,['Booth: 3D-A21   |   Smart City   |   '],/event/innoex/en/exhibitor/1S005LEKY
Tilda Corp.,"Korea, Republic Of",['Booth: 3D-A21   |   Smart City   |   '],/event/innoex/en/exhibitor/1S005M6HF
Wave Cloud Information Technology Co.,Chinese Mainland,['Booth: 3D-A21   |   Smart City   |   '],/event/innoex/en/exhibitor/1S005M8YY
Wave Smart City Technology Co.,Chinese Mainland,['Booth: 3D-A21   |   Smart City   |   '],/event/innoex/en/exhibitor/1S005M8W4
"White Card Co.,LTD.",Japan,['Booth: 3D-A21   |   Smart City   |   '],/event/innoex/en/exhibitor/1S005LN6V
XMO Limited,Chinese Mainland,['Booth: 3D-A21   |   Smart City   |   '],/event/innoex/en/exhibitor/1S005LEQG
"Zhongshan FCourier Aviation Technology Co., Ltd",Chinese Mainland,['Booth: 3D-A21   |   Smart City   |   '],/event/innoex/en/exhibitor/1S005LERD
"Easy Click Worldwide Network Technology Co., LTD",Chinese Mainland,['Booth: 3D-A21   |   Smart City   |   '],/event/innoex/en/exhibitor/1S005LZPY
"Shaanxi Tirain Science Technology Co., LTD",Chinese Mainland,['Booth: 3D-A21   |   Smart City   |   '],/event/innoex/en/exhibitor/1S005LZO1
"Huachang Technology (Dalian) Co., Ltd.",Chinese Mainland,['Booth: 3D-A21   |   Smart City   |   '],/event/innoex/en/exhibitor/1S005LXVI
International Free Zone Authority,United Arab Emirates,['Booth: 3D-A21   |   Smart City   |   '],/event/innoex/en/exhibitor/1S005LFV0
Sharjah FDI Office (Invest in Sharjah),United Arab Emirates,['Booth: 3D-A21   |   Smart City   |   '],/event/innoex/en/exhibitor/1S005MP4Z
"Shenyang Sumboy Technology Co., Ltd.",Chinese Mainland,['Booth: 3D-A21   |   Smart City   |   '],/event/innoex/en/exhibitor/1S005M1M5
"Shenzhen Leagsoft Technology Co., Ltd.",Chinese Mainland,['Booth: 3D-A21   |   Smart City   |   '],/event/innoex/en/exhibitor/1S005LZVG
Zhejiang Smart City Promotion Association,Chinese Mainland,['Booth: 3D-A21   |   Smart City   |   '],/event/innoex/en/exhibitor/1S005M21V
Aerospace Times Feipeng Company Limited,Chinese Mainland,['Booth: 3D-A21   |   Smart City   |   '],/event/innoex/en/exhibitor/1S005LV5Q
"Fujian Pingtan Ruiqian Intelligent Technology Co., Ltd",Chinese Mainland,['Booth: 3D-B03   |   Smart City   |   '],/event/innoex/en/exhibitor/1S005MO40
Fuzhou University,Chinese Mainland,['Booth: 3D-B03   |   Smart City   |   '],/event/innoex/en/exhibitor/1S005M9SF
"GEE-D TECHNOLOGY(SHEN ZHEN) CO., LTD.",Chinese Mainland,['Booth: 3D-B03   |   Smart City   |   '],/event/innoex/en/exhibitor/1S005MEBP
GUiTEK Service Platform Co Ltd,Chinese Mainland,['Booth: 3D-B03   |   Smart City   |   '],/event/innoex/en/exhibitor/1S005LV8H
"Guangzhou Saite Intelligent Technology Co., Ltd.",Chinese Mainland,['Booth: 3D-B03   |   Smart City   |   '],/event/innoex/en/exhibitor/1S005LDCN
"Hanggang Science and Technology Innovation Service (Hangzhou) Co., Ltd",Chinese Mainland,['Booth: 3D-B03   |   Smart City   |   '],/event/innoex/en/exhibitor/1S005M7X2
"Nanjing AllController Technology Co., Ltd",Chinese Mainland,['Booth: 3D-B03   |   Smart City   |   '],/event/innoex/en/exhibitor/1S005LVGT
"Nanjing Dwing Aviation Technology Co., Ltd.",Chinese Mainland,['Booth: 3D-B03   |   Smart City   |   '],/event/innoex/en/exhibitor/1S005LUWI
"Nanjing LES Information Technology Co., Ltd.",Chinese Mainland,['Booth: 3D-B03   |   Smart City   |   '],/event/innoex/en/exhibitor/1S005LUYC
PIX MOVING,Chinese Mainland,['Booth: 3D-B03   |   Smart City   |   '],/event/innoex/en/exhibitor/1S005LVQZ
Schneider Electric,France,['Booth: 3D-B03   |   Smart City   |   '],/event/innoex/en/exhibitor/1S005M990
"Shanghai Ganglian E-commerce Holdings Co., Ltd",Chinese Mainland,['Booth: 3D-B03   |   Smart City   |   '],/event/innoex/en/exhibitor/1S005MAU8
"Shanghai Thinklight Information Technology Co., Ltd.",Chinese Mainland,['Booth: 3D-B03   |   Smart City   |   '],/event/innoex/en/exhibitor/1S005LIR9
"Shenzhen UST Optics Technology Co., Ltd.",Chinese Mainland,['Booth: 3D-B03   |   Smart City   |   '],/event/innoex/en/exhibitor/1S005MHG7
"Shenzhen Xiaokuo Technology CO., Ltd",Chinese Mainland,['Booth: 3D-B03   |   Smart City   |   '],/event/innoex/en/exhibitor/1S005ME0M
"Shining Tech (Nanjing) Co., Ltd",Chinese Mainland,['Booth: 3D-B03   |   Smart City   |   '],/event/innoex/en/exhibitor/1S005LVHQ
The Virtual Tour Experts,United Kingdom,['Booth: 3D-B03   |   Smart City   |   '],/event/innoex/en/exhibitor/1S005JRC9
Unifi ID Limited,United Kingdom,['Booth: 3D-B03   |   Smart City   |   '],/event/innoex/en/exhibitor/1S005JWZ7
WeavAir Inc,Canada,['Booth: 3D-B03   |   Smart City   |   '],/event/innoex/en/exhibitor/1S005MECM
YGSOFT INC.,Chinese Mainland,['Booth: 3D-B03   |   Smart City   |   '],/event/innoex/en/exhibitor/1S005LEOM
"Zhuhai Simfinity Technology Co., Ltd",Chinese Mainland,['Booth: 3D-B03   |   Smart City   |   '],/event/innoex/en/exhibitor/1S005M7RK
"Zhuhai Ziyan Technology Co., Ltd.",Chinese Mainland,['Booth: 3D-B03   |   Smart City   |   '],/event/innoex/en/exhibitor/1S005LENP
"Hangzhou West Lake International Expo Co., Ltd",Chinese Mainland,['Booth: 3D-B03   |   Smart City   |   '],/event/innoex/en/exhibitor/1S005LY02
Zhongguancun Beijing-Hong Kong-Macao Youth lnnovation Center,Chinese Mainland,['Booth: 3D-B03   |   Smart City   |   '],/event/innoex/en/exhibitor/1S005LZHM
Vertaxi,Chinese Mainland,['Booth: 3D-B03   |   Smart City   |   '],/event/innoex/en/exhibitor/1S005LZ5M
Asian Institute of Digital Finance,Singapore,['Booth: 3D-B03   |   Smart City   |   '],/event/innoex/en/exhibitor/1S005M0VF
"Consulate General of Malaysia, Trade Section (MATRADE)",Malaysia,['Booth: 3D-B03   |   Smart City   |   '],/event/innoex/en/exhibitor/1S005M5W7
SkyinQ S.à r.l.,Luxembourg,['Booth: 3D-B03   |   Smart City   |   '],/event/innoex/en/exhibitor/1S005M1N2
"Best Check Human Resources Co., Ltd.",Chinese Mainland,['Booth: 3D-B03   |   Smart City   |   '],/event/innoex/en/exhibitor/1S005LDEH
FLUID DESK Sp. z o.o.,Poland,['Booth: 3D-B03   |   Smart City   |   '],/event/innoex/en/exhibitor/1S005MEFD
